highlight_id,tour_id,country,region,city,location,title,slug,youtube_url,time_label,seconds,highlight_title,landmark,search_terms,source_sheet
fr-0001-h01,fr-0001,France,Provence-Alpes-Côte d'Azur,Menton,Menton,"Menton, France Old Town & Waterfront Walk (2025)",menton-france-walking-tour-2025,https://youtu.be/ulReotWQvO0,0:01:10,70,Sablettes Beach (West),Sablettes Beach,"sablettes beach, menton beach, menton waterfront, menton promenade",France
fr-0001-h02,fr-0001,France,Provence-Alpes-Côte d'Azur,Menton,Menton,"Menton, France Old Town & Waterfront Walk (2025)",menton-france-walking-tour-2025,https://youtu.be/ulReotWQvO0,0:08:08,488,Les Rampes Saint-Michel,Les Rampes Saint-Michel,"les rampes saint-michel, menton steps, menton old town steps",France
fr-0001-h03,fr-0001,France,Provence-Alpes-Côte d'Azur,Menton,Menton,"Menton, France Old Town & Waterfront Walk (2025)",menton-france-walking-tour-2025,https://youtu.be/ulReotWQvO0,0:11:17,677,Rue Longue,Rue Longue,"rue longue, menton old town, via julia augusta, menton historic street",France
fr-0001-h04,fr-0001,France,Provence-Alpes-Côte d'Azur,Menton,Menton,"Menton, France Old Town & Waterfront Walk (2025)",menton-france-walking-tour-2025,https://youtu.be/ulReotWQvO0,0:12:25,745,Place Logettes,Place Logettes,"place logettes, menton citrus trade, menton square",France
fr-0001-h05,fr-0001,France,Provence-Alpes-Côte d'Azur,Menton,Menton,"Menton, France Old Town & Waterfront Walk (2025)",menton-france-walking-tour-2025,https://youtu.be/ulReotWQvO0,0:15:02,902,Place du Cap,Place du Cap,"place du cap, menton waterfront houses, menton fishing quarter",France
fr-0001-h06,fr-0001,France,Provence-Alpes-Côte d'Azur,Menton,Menton,"Menton, France Old Town & Waterfront Walk (2025)",menton-france-walking-tour-2025,https://youtu.be/ulReotWQvO0,0:18:35,1115,Rue Saint-Michel,Rue Saint-Michel,"rue saint-michel, menton shopping street, menton pedestrian street",France
fr-0001-h07,fr-0001,France,Provence-Alpes-Côte d'Azur,Menton,Menton,"Menton, France Old Town & Waterfront Walk (2025)",menton-france-walking-tour-2025,https://youtu.be/ulReotWQvO0,0:19:48,1188,Place aux Herbes,Place aux Herbes,"place aux herbes, menton square, menton old town plaza",France
fr-0001-h08,fr-0001,France,Provence-Alpes-Côte d'Azur,Menton,Menton,"Menton, France Old Town & Waterfront Walk (2025)",menton-france-walking-tour-2025,https://youtu.be/ulReotWQvO0,0:25:09,1509,Place Clemenceau,Place Clemenceau,"place clemenceau, menton citrus industry, menton center",France
fr-0001-h09,fr-0001,France,Provence-Alpes-Côte d'Azur,Menton,Menton,"Menton, France Old Town & Waterfront Walk (2025)",menton-france-walking-tour-2025,https://youtu.be/ulReotWQvO0,0:31:32,1892,Mairie de Menton,Mairie de Menton,"mairie de menton, menton town hall, menton former casino",France
fr-0001-h10,fr-0001,France,Provence-Alpes-Côte d'Azur,Menton,Menton,"Menton, France Old Town & Waterfront Walk (2025)",menton-france-walking-tour-2025,https://youtu.be/ulReotWQvO0,0:32:10,1930,Place Ardoïno,Place Ardoïno,"place ardoïno, louis laurenti bust, menton square",France
fr-0001-h11,fr-0001,France,Provence-Alpes-Côte d'Azur,Menton,Menton,"Menton, France Old Town & Waterfront Walk (2025)",menton-france-walking-tour-2025,https://youtu.be/ulReotWQvO0,00:36:41,2201,Plage du Fossan,Plage du Fossan,"plage du fossan, menton beach, menton pebble beach",France
fr-0001-h12,fr-0001,France,Provence-Alpes-Côte d'Azur,Menton,Menton,"Menton, France Old Town & Waterfront Walk (2025)",menton-france-walking-tour-2025,https://youtu.be/ulReotWQvO0,00:38:20,2300,Promenade du Soleil,Promenade du Soleil,"promenade du soleil, menton promenade, menton seafront walk",France
fr-0001-h13,fr-0001,France,Provence-Alpes-Côte d'Azur,Menton,Menton,"Menton, France Old Town & Waterfront Walk (2025)",menton-france-walking-tour-2025,https://youtu.be/ulReotWQvO0,00:43:37,2617,Parc Plage de Fossan,Parc Plage de Fossan,"parc plage de fossan, menton park, menton waterfront park",France
fr-0001-h14,fr-0001,France,Provence-Alpes-Côte d'Azur,Menton,Menton,"Menton, France Old Town & Waterfront Walk (2025)",menton-france-walking-tour-2025,https://youtu.be/ulReotWQvO0,00:48:33,2913,Quai Napoléon III,Quai Napoléon III,"quai napoléon iii, menton marina, menton waterfront quay",France
fr-0001-h15,fr-0001,France,Provence-Alpes-Côte d'Azur,Menton,Menton,"Menton, France Old Town & Waterfront Walk (2025)",menton-france-walking-tour-2025,https://youtu.be/ulReotWQvO0,00:59:40,3580,Esplanade des Sablettes,Esplanade des Sablettes,"esplanade des sablettes, menton marina, menton people watching",France
fr-0001-h16,fr-0001,France,Provence-Alpes-Côte d'Azur,Menton,Menton,"Menton, France Old Town & Waterfront Walk (2025)",menton-france-walking-tour-2025,https://youtu.be/ulReotWQvO0,01:03:05,3785,Quai Impératrice Eugénie,Quai Impératrice Eugénie,"quai impératrice eugénie, bastion area, menton waterfront",France
fr-0001-h17,fr-0001,France,Provence-Alpes-Côte d'Azur,Menton,Menton,"Menton, France Old Town & Waterfront Walk (2025)",menton-france-walking-tour-2025,https://youtu.be/ulReotWQvO0,01:08:12,4092,Sablettes Beach (West),Sablettes Beach,"sablettes beach, menton beach, menton boardwalk, menton cafes",France
fr-0001-h18,fr-0001,France,Provence-Alpes-Côte d'Azur,Menton,Menton,"Menton, France Old Town & Waterfront Walk (2025)",menton-france-walking-tour-2025,https://youtu.be/ulReotWQvO0,01:11:31,4291,Place du Cap,Place du Cap,"place du cap, menton old town waterfront, menton fishing houses",France
fr-0001-h19,fr-0001,France,Provence-Alpes-Côte d'Azur,Menton,Menton,"Menton, France Old Town & Waterfront Walk (2025)",menton-france-walking-tour-2025,https://youtu.be/ulReotWQvO0,01:15:27,4527,Parvis de la Basilique Saint-Michel,Basilique Saint-Michel,"basilique saint-michel, parvis saint-michel, menton basilica square",France
fr-0001-h20,fr-0001,France,Provence-Alpes-Côte d'Azur,Menton,Menton,"Menton, France Old Town & Waterfront Walk (2025)",menton-france-walking-tour-2025,https://youtu.be/ulReotWQvO0,01:17:42,4662,Rue du Vieux Château,Rue du Vieux Château,"rue du vieux château, menton castle steps, menton old town alleys",France
fr-0001-h21,fr-0001,France,Provence-Alpes-Côte d'Azur,Menton,Menton,"Menton, France Old Town & Waterfront Walk (2025)",menton-france-walking-tour-2025,https://youtu.be/ulReotWQvO0,01:24:46,5086,Cimetière du Vieux Château,Cimetière du Vieux Château,"cimetière du vieux château, menton castle ruins, menton viewpoint",France
fr-0001-h22,fr-0001,France,Provence-Alpes-Côte d'Azur,Menton,Menton,"Menton, France Old Town & Waterfront Walk (2025)",menton-france-walking-tour-2025,https://youtu.be/ulReotWQvO0,01:42:19,6139,Rue Longue,Rue Longue,"rue longue, menton old town, menton descent through old town",France
fr-0001-h23,fr-0001,France,Provence-Alpes-Côte d'Azur,Menton,Menton,"Menton, France Old Town & Waterfront Walk (2025)",menton-france-walking-tour-2025,https://youtu.be/ulReotWQvO0,01:47:44,6464,Back to the Beach,Sablettes Beach,"back to the beach, menton beach finale, sablettes finale",France
fr-0002-h01,fr-0002,France,Provence-Alpes-Côte d'Azur,Antibes,Antibes,"Antibes, France Old Town & Waterfront Walk (2025)",antibes-daytime-walk-2025,https://youtu.be/LECdWNv2kzA,00:00:53,53,Promenade Amiral de Grasse,Promenade Amiral de Grasse,"promenade amiral de grasse, antibes promenade, antibes waterfront",France
fr-0002-h02,fr-0002,France,Provence-Alpes-Côte d'Azur,Antibes,Antibes,"Antibes, France Old Town & Waterfront Walk (2025)",antibes-daytime-walk-2025,https://youtu.be/LECdWNv2kzA,00:12:59,779,Musée Picasso,Musée Picasso,"musée picasso, musee picasso, picasso museum antibes",France
fr-0002-h03,fr-0002,France,Provence-Alpes-Côte d'Azur,Antibes,Antibes,"Antibes, France Old Town & Waterfront Walk (2025)",antibes-daytime-walk-2025,https://youtu.be/LECdWNv2kzA,00:19:52,1192,Antibes Cathedral,Antibes Cathedral,"antibes cathedral, cathédrale notre-dame-de-la-platea, antibes church",France
fr-0002-h04,fr-0002,France,Provence-Alpes-Côte d'Azur,Antibes,Antibes,"Antibes, France Old Town & Waterfront Walk (2025)",antibes-daytime-walk-2025,https://youtu.be/LECdWNv2kzA,00:23:20,1400,le Marché provençal Outdoor Market,le Marché provençal Outdoor Market,"marché provençal, marche provencal, antibes market, provençal market antibes",France
fr-0002-h05,fr-0002,France,Provence-Alpes-Côte d'Azur,Antibes,Antibes,"Antibes, France Old Town & Waterfront Walk (2025)",antibes-daytime-walk-2025,https://youtu.be/LECdWNv2kzA,00:37:19,2239,Rue Georges Clemenceau,Rue Georges Clemenceau,"rue georges clemenceau, antibes old town street, antibes center",France
fr-0002-h06,fr-0002,France,Provence-Alpes-Côte d'Azur,Antibes,Antibes,"Antibes, France Old Town & Waterfront Walk (2025)",antibes-daytime-walk-2025,https://youtu.be/LECdWNv2kzA,00:39:44,2384,Place Nationale,Place Nationale,"place nationale, antibes square, antibes old town plaza",France
fr-0002-h07,fr-0002,France,Provence-Alpes-Côte d'Azur,Antibes,Antibes,"Antibes, France Old Town & Waterfront Walk (2025)",antibes-daytime-walk-2025,https://youtu.be/LECdWNv2kzA,00:43:25,2605,Rue Sade,Rue Sade,"rue sade, antibes old town street, antibes historic center",France
fr-0002-h08,fr-0002,France,Provence-Alpes-Côte d'Azur,Antibes,Antibes,"Antibes, France Old Town & Waterfront Walk (2025)",antibes-daytime-walk-2025,https://youtu.be/LECdWNv2kzA,00:43:53,2633,Hat Store - Acte II,Acte II,"acte ii, hat store antibes, antibes shop",France
fr-0002-h09,fr-0002,France,Provence-Alpes-Côte d'Azur,Antibes,Antibes,"Antibes, France Old Town & Waterfront Walk (2025)",antibes-daytime-walk-2025,https://youtu.be/LECdWNv2kzA,00:47:08,2828,Cheese Shop - Fromagerie de l'Etable,Fromagerie de l'Etable,"fromagerie de l'etable, cheese shop antibes, antibes fromagerie",France
fr-0002-h10,fr-0002,France,Provence-Alpes-Côte d'Azur,Antibes,Antibes,"Antibes, France Old Town & Waterfront Walk (2025)",antibes-daytime-walk-2025,https://youtu.be/LECdWNv2kzA,00:48:51,2931,le Marché provençal Outdoor Market,le Marché provençal Outdoor Market,"marché provençal, marche provencal, antibes market, provençal market antibes",France
fr-0002-h11,fr-0002,France,Provence-Alpes-Côte d'Azur,Antibes,Antibes,"Antibes, France Old Town & Waterfront Walk (2025)",antibes-daytime-walk-2025,https://youtu.be/LECdWNv2kzA,00:50:47,3047,Place du Barri,Place du Barri,"place du barri, antibes square, antibes old town",France
fr-0002-h12,fr-0002,France,Provence-Alpes-Côte d'Azur,Antibes,Antibes,"Antibes, France Old Town & Waterfront Walk (2025)",antibes-daytime-walk-2025,https://youtu.be/LECdWNv2kzA,00:51:24,3084,Promenade Amiral de Grasse,Promenade Amiral de Grasse,"promenade amiral de grasse, antibes promenade, antibes waterfront",France
fr-0002-h13,fr-0002,France,Provence-Alpes-Côte d'Azur,Antibes,Antibes,"Antibes, France Old Town & Waterfront Walk (2025)",antibes-daytime-walk-2025,https://youtu.be/LECdWNv2kzA,01:01:03,3663,Plage de la Gravette Beach,Plage de la Gravette,"plage de la gravette, gravette beach, antibes beach",France
fr-0002-h14,fr-0002,France,Provence-Alpes-Côte d'Azur,Antibes,Antibes,"Antibes, France Old Town & Waterfront Walk (2025)",antibes-daytime-walk-2025,https://youtu.be/LECdWNv2kzA,01:11:30,4290,Marina,Port Vauban Marina,"antibes marina, port vauban, antibes harbor",France
fr-0002-h15,fr-0002,France,Provence-Alpes-Côte d'Azur,Antibes,Antibes,"Antibes, France Old Town & Waterfront Walk (2025)",antibes-daytime-walk-2025,https://youtu.be/LECdWNv2kzA,01:14:33,4473,Le Nomade Sculpture,Le Nomade,"le nomade, nomade sculpture antibes, antibes sculpture",France
fr-0002-h16,fr-0002,France,Provence-Alpes-Côte d'Azur,Antibes,Antibes,"Antibes, France Old Town & Waterfront Walk (2025)",antibes-daytime-walk-2025,https://youtu.be/LECdWNv2kzA,01:19:47,4787,Phare de l’Échauguette Lighthouse,Phare de l’Échauguette,"phare de l’échauguette, phare de l'echauguette, antibes lighthouse",France
fr-0002-h17,fr-0002,France,Provence-Alpes-Côte d'Azur,Antibes,Antibes,"Antibes, France Old Town & Waterfront Walk (2025)",antibes-daytime-walk-2025,https://youtu.be/LECdWNv2kzA,01:23:40,5020,Boulevard d'Aguillon,Boulevard d'Aguillon,"boulevard d'aguillon, bd d'aguillon, antibes boulevard",France
fr-0002-h18,fr-0002,France,Provence-Alpes-Côte d'Azur,Antibes,Antibes,"Antibes, France Old Town & Waterfront Walk (2025)",antibes-daytime-walk-2025,https://youtu.be/LECdWNv2kzA,01:26:16,5176,Esplanade du Pré des Pêcheurs,Esplanade du Pré des Pêcheurs,"esplanade du pré des pêcheurs, pre des pecheurs, antibes marina esplanade",France
fr-0002-h19,fr-0002,France,Provence-Alpes-Côte d'Azur,Antibes,Antibes,"Antibes, France Old Town & Waterfront Walk (2025)",antibes-daytime-walk-2025,https://youtu.be/LECdWNv2kzA,01:31:23,5483,Jardin d'Eden ou paradis,Jardin d'Eden ou paradis,"jardin d'eden ou paradis, jardin d'eden, antibes garden",France
fr-0002-h20,fr-0002,France,Provence-Alpes-Côte d'Azur,Antibes,Antibes,"Antibes, France Old Town & Waterfront Walk (2025)",antibes-daytime-walk-2025,https://youtu.be/LECdWNv2kzA,01:32:01,5521,Traverse Lacan,Traverse Lacan,"traverse lacan, trav lacan, antibes old town passage",France
fr-0002-h21,fr-0002,France,Provence-Alpes-Côte d'Azur,Antibes,Antibes,"Antibes, France Old Town & Waterfront Walk (2025)",antibes-daytime-walk-2025,https://youtu.be/LECdWNv2kzA,01:34:27,5667,Place des Martyrs de la Résistance,Place des Martyrs de la Résistance,"place des martyrs de la résistance, martyrs de la resistance antibes, antibes square",France
fr-0002-h22,fr-0002,France,Provence-Alpes-Côte d'Azur,Antibes,Antibes,"Antibes, France Old Town & Waterfront Walk (2025)",antibes-daytime-walk-2025,https://youtu.be/LECdWNv2kzA,01:36:41,5801,Rue de la République,Rue de la République,"rue de la république, rue de la republique, antibes shopping street",France
fr-0002-h23,fr-0002,France,Provence-Alpes-Côte d'Azur,Antibes,Antibes,"Antibes, France Old Town & Waterfront Walk (2025)",antibes-daytime-walk-2025,https://youtu.be/LECdWNv2kzA,01:40:16,6016,Rue Fourmillière,Rue Fourmillière,"rue fourmillière, rue fourmilliere, antibes old town street",France
fr-0002-h24,fr-0002,France,Provence-Alpes-Côte d'Azur,Antibes,Antibes,"Antibes, France Old Town & Waterfront Walk (2025)",antibes-daytime-walk-2025,https://youtu.be/LECdWNv2kzA,01:43:02,6182,La Tarte Tropézienne Pastry Shop,La Tarte Tropézienne,"la tarte tropézienne, tarte tropezienne antibes, antibes pastry shop",France
fr-0002-h25,fr-0002,France,Provence-Alpes-Côte d'Azur,Antibes,Antibes,"Antibes, France Old Town & Waterfront Walk (2025)",antibes-daytime-walk-2025,https://youtu.be/LECdWNv2kzA,01:44:00,6240,Rue de la République,Rue de la République,"rue de la république, rue de la republique, antibes shopping street",France
fr-0002-h26,fr-0002,France,Provence-Alpes-Côte d'Azur,Antibes,Antibes,"Antibes, France Old Town & Waterfront Walk (2025)",antibes-daytime-walk-2025,https://youtu.be/LECdWNv2kzA,01:47:05,6425,Rue James Close,Rue James Close,"rue james close, antibes old town street, antibes center",France
fr-0002-h27,fr-0002,France,Provence-Alpes-Côte d'Azur,Antibes,Antibes,"Antibes, France Old Town & Waterfront Walk (2025)",antibes-daytime-walk-2025,https://youtu.be/LECdWNv2kzA,01:54:10,6850,Place Nationale,Place Nationale,"place nationale, antibes square, antibes old town plaza",France
fr-0002-h28,fr-0002,France,Provence-Alpes-Côte d'Azur,Antibes,Antibes,"Antibes, France Old Town & Waterfront Walk (2025)",antibes-daytime-walk-2025,https://youtu.be/LECdWNv2kzA,01:57:59,7079,Rue Thuret,Rue Thuret,"rue thuret, antibes street, antibes center",France
fr-0002-h29,fr-0002,France,Provence-Alpes-Côte d'Azur,Antibes,Antibes,"Antibes, France Old Town & Waterfront Walk (2025)",antibes-daytime-walk-2025,https://youtu.be/LECdWNv2kzA,02:01:31,7291,Boulevard d'Aguillon,Boulevard d'Aguillon,"boulevard d'aguillon, bd d'aguillon, antibes boulevard",France
fr-0002-h30,fr-0002,France,Provence-Alpes-Côte d'Azur,Antibes,Antibes,"Antibes, France Old Town & Waterfront Walk (2025)",antibes-daytime-walk-2025,https://youtu.be/LECdWNv2kzA,02:04:18,7458,Place Jacques Audiberti,Place Jacques Audiberti,"place jacques audiberti, antibes square, audiberti antibes",France
fr-0002-h31,fr-0002,France,Provence-Alpes-Côte d'Azur,Antibes,Antibes,"Antibes, France Old Town & Waterfront Walk (2025)",antibes-daytime-walk-2025,https://youtu.be/LECdWNv2kzA,02:07:36,7656,le Marché provençal (Empty),le Marché provençal,"marché provençal, marche provencal, antibes market, empty market antibes",France
fr-0002-h32,fr-0002,France,Provence-Alpes-Côte d'Azur,Antibes,Antibes,"Antibes, France Old Town & Waterfront Walk (2025)",antibes-daytime-walk-2025,https://youtu.be/LECdWNv2kzA,02:08:36,7716,Place Mariejol,Place Mariejol,"place mariejol, antibes square, mariejol antibes",France
fr-0002-h33,fr-0002,France,Provence-Alpes-Côte d'Azur,Antibes,Antibes,"Antibes, France Old Town & Waterfront Walk (2025)",antibes-daytime-walk-2025,https://youtu.be/LECdWNv2kzA,02:09:30,7770,Promenade Amiral de Grasse,Promenade Amiral de Grasse,"promenade amiral de grasse, antibes promenade, antibes waterfront",France
fr-0010-h01,fr-0010,France,Provence-Alpes-Côte d'Azur,Avignon,Avignon,"Avignon, France Medieval Old Town Walk (2025)",avignon-walking-tour-2025,https://youtu.be/2iQh_R4t2Uw,0:00:53,53,Pont Édouard Daladier Viewpoint,Pont Édouard Daladier,"pont édouard daladier, avignon viewpoint, rhone river viewpoint",France
fr-0010-h02,fr-0010,France,Provence-Alpes-Côte d'Azur,Avignon,Avignon,"Avignon, France Medieval Old Town Walk (2025)",avignon-walking-tour-2025,https://youtu.be/2iQh_R4t2Uw,0:06:11,371,Porte de l'Oulle,Porte de l'Oulle,"porte de l'oulle, avignon gate, avignon old gate",France
fr-0010-h03,fr-0010,France,Provence-Alpes-Côte d'Azur,Avignon,Avignon,"Avignon, France Medieval Old Town Walk (2025)",avignon-walking-tour-2025,https://youtu.be/2iQh_R4t2Uw,0:06:35,395,Place Crillon,Place Crillon,"place crillon, avignon square, avignon center",France
fr-0010-h04,fr-0010,France,Provence-Alpes-Côte d'Azur,Avignon,Avignon,"Avignon, France Medieval Old Town Walk (2025)",avignon-walking-tour-2025,https://youtu.be/2iQh_R4t2Uw,0:07:50,470,Rue Folco de Baroncelli,Rue Folco de Baroncelli,"rue folco de baroncelli, avignon street, avignon old town",France
fr-0010-h05,fr-0010,France,Provence-Alpes-Côte d'Azur,Avignon,Avignon,"Avignon, France Medieval Old Town Walk (2025)",avignon-walking-tour-2025,https://youtu.be/2iQh_R4t2Uw,0:08:32,512,Rue Joseph Vernet,Rue Joseph Vernet,"rue joseph vernet, avignon street, avignon shopping street",France
fr-0010-h06,fr-0010,France,Provence-Alpes-Côte d'Azur,Avignon,Avignon,"Avignon, France Medieval Old Town Walk (2025)",avignon-walking-tour-2025,https://youtu.be/2iQh_R4t2Uw,0:11:13,673,Rue Saint-Agricol,Rue Saint-Agricol,"rue saint-agricol, avignon street, saint agricol area",France
fr-0010-h07,fr-0010,France,Provence-Alpes-Côte d'Azur,Avignon,Avignon,"Avignon, France Medieval Old Town Walk (2025)",avignon-walking-tour-2025,https://youtu.be/2iQh_R4t2Uw,0:12:14,734,Church of Saint-Agricol,Church of Saint-Agricol,"church of saint-agricol, église saint-agricol, avignon church",France
fr-0010-h08,fr-0010,France,Provence-Alpes-Côte d'Azur,Avignon,Avignon,"Avignon, France Medieval Old Town Walk (2025)",avignon-walking-tour-2025,https://youtu.be/2iQh_R4t2Uw,0:18:01,1081,Place de l’Horloge,Place de l’Horloge,"place de l’horloge, place de l'horloge, avignon main square",France
fr-0010-h09,fr-0010,France,Provence-Alpes-Côte d'Azur,Avignon,Avignon,"Avignon, France Medieval Old Town Walk (2025)",avignon-walking-tour-2025,https://youtu.be/2iQh_R4t2Uw,0:23:07,1387,Place du Palais,Place du Palais,"place du palais, palace of the popes square, avignon papal square",France
fr-0010-h10,fr-0010,France,Provence-Alpes-Côte d'Azur,Avignon,Avignon,"Avignon, France Medieval Old Town Walk (2025)",avignon-walking-tour-2025,https://youtu.be/2iQh_R4t2Uw,0:30:13,1813,Cathédrale Notre-Dame des Doms,Cathédrale Notre-Dame des Doms,"notre-dame des doms, avignon cathedral, cathedral of avignon",France
fr-0010-h11,fr-0010,France,Provence-Alpes-Côte d'Azur,Avignon,Avignon,"Avignon, France Medieval Old Town Walk (2025)",avignon-walking-tour-2025,https://youtu.be/2iQh_R4t2Uw,00:38:47,2327,Leaving Place du Palais,Place du Palais,"leaving place du palais, palace square exit, avignon papal square",France
fr-0010-h12,fr-0010,France,Provence-Alpes-Côte d'Azur,Avignon,Avignon,"Avignon, France Medieval Old Town Walk (2025)",avignon-walking-tour-2025,https://youtu.be/2iQh_R4t2Uw,00:42:05,2525,Pont Saint-Bénézet,Pont Saint-Bénézet,"pont saint-bénézet, pont d'avignon, avignon bridge",France
fr-0010-h13,fr-0010,France,Provence-Alpes-Côte d'Azur,Avignon,Avignon,"Avignon, France Medieval Old Town Walk (2025)",avignon-walking-tour-2025,https://youtu.be/2iQh_R4t2Uw,00:54:51,3291,Walking the City Ramparts,City Ramparts,"avignon ramparts, city walls, walking the city ramparts",France
fr-0010-h14,fr-0010,France,Provence-Alpes-Côte d'Azur,Avignon,Avignon,"Avignon, France Medieval Old Town Walk (2025)",avignon-walking-tour-2025,https://youtu.be/2iQh_R4t2Uw,00:58:31,3511,Walking back to Place du Palais,Place du Palais,"back to place du palais, palace square return, avignon center",France
fr-0010-h15,fr-0010,France,Provence-Alpes-Côte d'Azur,Avignon,Avignon,"Avignon, France Medieval Old Town Walk (2025)",avignon-walking-tour-2025,https://youtu.be/2iQh_R4t2Uw,01:03:36,3816,Place du Palais,Place du Palais,"place du palais, palace of the popes square, avignon papal square",France
fr-0010-h16,fr-0010,France,Provence-Alpes-Côte d'Azur,Avignon,Avignon,"Avignon, France Medieval Old Town Walk (2025)",avignon-walking-tour-2025,https://youtu.be/2iQh_R4t2Uw,01:05:36,3936,Rue de la Peyrolerie,Rue de la Peyrolerie,"rue de la peyrolerie, avignon street, avignon old town lane",France
fr-0010-h17,fr-0010,France,Provence-Alpes-Côte d'Azur,Avignon,Avignon,"Avignon, France Medieval Old Town Walk (2025)",avignon-walking-tour-2025,https://youtu.be/2iQh_R4t2Uw,01:10:18,4218,Place Cloître Saint-Pierre,Place Cloître Saint-Pierre,"cloître saint-pierre, place cloître saint-pierre, avignon church square",France
fr-0010-h18,fr-0010,France,Provence-Alpes-Côte d'Azur,Avignon,Avignon,"Avignon, France Medieval Old Town Walk (2025)",avignon-walking-tour-2025,https://youtu.be/2iQh_R4t2Uw,01:12:47,4367,Place Saint-Pierre,Place Saint-Pierre,"place saint-pierre, avignon square, saint pierre area",France
fr-0010-h19,fr-0010,France,Provence-Alpes-Côte d'Azur,Avignon,Avignon,"Avignon, France Medieval Old Town Walk (2025)",avignon-walking-tour-2025,https://youtu.be/2iQh_R4t2Uw,01:14:05,4445,Place Carnot,Place Carnot,"place carnot, avignon square, avignon market area",France
fr-0010-h20,fr-0010,France,Provence-Alpes-Côte d'Azur,Avignon,Avignon,"Avignon, France Medieval Old Town Walk (2025)",avignon-walking-tour-2025,https://youtu.be/2iQh_R4t2Uw,01:15:19,4519,Rue des Fourbisseurs,Rue des Fourbisseurs,"rue des fourbisseurs, avignon shopping street, avignon old town street",France
fr-0010-h21,fr-0010,France,Provence-Alpes-Côte d'Azur,Avignon,Avignon,"Avignon, France Medieval Old Town Walk (2025)",avignon-walking-tour-2025,https://youtu.be/2iQh_R4t2Uw,01:16:53,4613,Rue du Vieux Sextier,Rue du Vieux Sextier,"rue du vieux sextier, avignon old town street, vieux sextier",France
fr-0010-h22,fr-0010,France,Provence-Alpes-Côte d'Azur,Avignon,Avignon,"Avignon, France Medieval Old Town Walk (2025)",avignon-walking-tour-2025,https://youtu.be/2iQh_R4t2Uw,01:19:00,4740,Place Pie,Place Pie,"place pie, avignon market square, avignon center",France
fr-0010-h23,fr-0010,France,Provence-Alpes-Côte d'Azur,Avignon,Avignon,"Avignon, France Medieval Old Town Walk (2025)",avignon-walking-tour-2025,https://youtu.be/2iQh_R4t2Uw,01:23:49,5029,Les Halles d'Avignon,Les Halles d'Avignon,"les halles d'avignon, avignon market hall, avignon food market",France
fr-0010-h24,fr-0010,France,Provence-Alpes-Côte d'Azur,Avignon,Avignon,"Avignon, France Medieval Old Town Walk (2025)",avignon-walking-tour-2025,https://youtu.be/2iQh_R4t2Uw,01:33:30,5610,Rue de la Bonneterie,Rue de la Bonneterie,"rue de la bonneterie, avignon shopping street, avignon old town",France
fr-0010-h25,fr-0010,France,Provence-Alpes-Côte d'Azur,Avignon,Avignon,"Avignon, France Medieval Old Town Walk (2025)",avignon-walking-tour-2025,https://youtu.be/2iQh_R4t2Uw,01:35:04,5704,Rue des Teinturiers,Rue des Teinturiers,"rue des teinturiers, avignon canal street, avignon waterwheel street",France
fr-0010-h26,fr-0010,France,Provence-Alpes-Côte d'Azur,Avignon,Avignon,"Avignon, France Medieval Old Town Walk (2025)",avignon-walking-tour-2025,https://youtu.be/2iQh_R4t2Uw,01:37:18,5838,Roue à aubes,Roue à aubes,"roue à aubes, avignon water wheel, water wheel avignon",France
fr-0010-h27,fr-0010,France,Provence-Alpes-Côte d'Azur,Avignon,Avignon,"Avignon, France Medieval Old Town Walk (2025)",avignon-walking-tour-2025,https://youtu.be/2iQh_R4t2Uw,01:38:54,5934,Rue des Teinturiers,Rue des Teinturiers,"rue des teinturiers, avignon canal street, avignon old town canal",France
fr-0010-h28,fr-0010,France,Provence-Alpes-Côte d'Azur,Avignon,Avignon,"Avignon, France Medieval Old Town Walk (2025)",avignon-walking-tour-2025,https://youtu.be/2iQh_R4t2Uw,01:46:25,6385,Old Town Shopping Streets,Old Town Shopping Streets,"avignon shopping streets, avignon old town shopping, old town streets",France
fr-0010-h29,fr-0010,France,Provence-Alpes-Côte d'Azur,Avignon,Avignon,"Avignon, France Medieval Old Town Walk (2025)",avignon-walking-tour-2025,https://youtu.be/2iQh_R4t2Uw,02:01:15,7275,Rue Galante,Rue Galante,"rue galante, avignon street, avignon old center",France
fr-0010-h30,fr-0010,France,Provence-Alpes-Côte d'Azur,Avignon,Avignon,"Avignon, France Medieval Old Town Walk (2025)",avignon-walking-tour-2025,https://youtu.be/2iQh_R4t2Uw,02:04:24,7464,Place Saint-Didier,Place Saint-Didier,"place saint-didier, avignon square, saint didier avignon",France
fr-0010-h31,fr-0010,France,Provence-Alpes-Côte d'Azur,Avignon,Avignon,"Avignon, France Medieval Old Town Walk (2025)",avignon-walking-tour-2025,https://youtu.be/2iQh_R4t2Uw,02:08:04,7684,Place des Corps Saints,Place des Corps Saints,"place des corps saints, avignon square, corps saints avignon",France
fr-0010-h32,fr-0010,France,Provence-Alpes-Côte d'Azur,Avignon,Avignon,"Avignon, France Medieval Old Town Walk (2025)",avignon-walking-tour-2025,https://youtu.be/2iQh_R4t2Uw,02:15:30,8130,Square Agricol Perdiguier,Square Agricol Perdiguier,"square agricol perdiguier, agricol perdiguier, avignon square",France
fr-0010-h33,fr-0010,France,Provence-Alpes-Côte d'Azur,Avignon,Avignon,"Avignon, France Medieval Old Town Walk (2025)",avignon-walking-tour-2025,https://youtu.be/2iQh_R4t2Uw,02:18:35,8315,Cours Jean Jaurès,Cours Jean Jaurès,"cours jean jaurès, avignon boulevard, jean jaurès avignon",France
fr-0010-h34,fr-0010,France,Provence-Alpes-Côte d'Azur,Avignon,Avignon,"Avignon, France Medieval Old Town Walk (2025)",avignon-walking-tour-2025,https://youtu.be/2iQh_R4t2Uw,02:21:08,8468,Porte de la République,Porte de la République,"porte de la république, avignon gate, republic gate avignon",France
fr-0010-h35,fr-0010,France,Provence-Alpes-Côte d'Azur,Avignon,Avignon,"Avignon, France Medieval Old Town Walk (2025)",avignon-walking-tour-2025,https://youtu.be/2iQh_R4t2Uw,02:21:46,8506,Avignon Centre,Avignon Centre,"avignon centre, avignon train station, gare d'avignon centre",France
fr-0014-h01,fr-0014,France,Île-de-France,Paris,Paris,"Paris, France Day Walk (2020)",paris-landmarks-day-walk-2020,https://youtu.be/oz1Mgu8e1N4,00:00:00,0,Intro and Map,Paris,"Paris day walk, Paris map, Paris intro",France
fr-0014-h02,fr-0014,France,Île-de-France,Paris,Paris,"Paris, France Day Walk (2020)",paris-landmarks-day-walk-2020,https://youtu.be/oz1Mgu8e1N4,00:01:41,101,Rue Mouffetard Market,Rue Mouffetard,"rue mouffetard, rue mouffetard market, paris market street",France
fr-0014-h03,fr-0014,France,Île-de-France,Paris,Paris,"Paris, France Day Walk (2020)",paris-landmarks-day-walk-2020,https://youtu.be/oz1Mgu8e1N4,00:16:11,971,Rue Clovis,Rue Clovis,"rue clovis, paris street, latin quarter paris",France
fr-0014-h04,fr-0014,France,Île-de-France,Paris,Paris,"Paris, France Day Walk (2020)",paris-landmarks-day-walk-2020,https://youtu.be/oz1Mgu8e1N4,00:18:07,1087,Saint-Étienne-du-Mont,Saint-Étienne-du-Mont,"saint-étienne-du-mont, saint etienne du mont, paris church",France
fr-0014-h05,fr-0014,France,Île-de-France,Paris,Paris,"Paris, France Day Walk (2020)",paris-landmarks-day-walk-2020,https://youtu.be/oz1Mgu8e1N4,00:27:29,1649,Panthéon,Panthéon,"panthéon, pantheon paris, latin quarter monument",France
fr-0014-h06,fr-0014,France,Île-de-France,Paris,Paris,"Paris, France Day Walk (2020)",paris-landmarks-day-walk-2020,https://youtu.be/oz1Mgu8e1N4,00:36:50,2210,Panthéon Crypt,Panthéon Crypt,"panthéon crypt, pantheon crypt paris, crypt paris",France
fr-0014-h07,fr-0014,France,Île-de-France,Paris,Paris,"Paris, France Day Walk (2020)",paris-landmarks-day-walk-2020,https://youtu.be/oz1Mgu8e1N4,00:50:37,3037,Panthéon to Garden Walk,Luxembourg Gardens,"panthéon to garden walk, walk to luxembourg gardens, paris garden walk",France
fr-0014-h08,fr-0014,France,Île-de-France,Paris,Paris,"Paris, France Day Walk (2020)",paris-landmarks-day-walk-2020,https://youtu.be/oz1Mgu8e1N4,00:56:43,3403,Luxembourg Gardens,Luxembourg Gardens,"luxembourg gardens, jardin du luxembourg, paris gardens",France
fr-0014-h09,fr-0014,France,Île-de-France,Paris,Paris,"Paris, France Day Walk (2020)",paris-landmarks-day-walk-2020,https://youtu.be/oz1Mgu8e1N4,01:25:28,5128,Place de l'Odéon,Place de l'Odéon,"place de l'odéon, place de l'odeon, odéon paris",France
fr-0014-h10,fr-0014,France,Île-de-France,Paris,Paris,"Paris, France Day Walk (2020)",paris-landmarks-day-walk-2020,https://youtu.be/oz1Mgu8e1N4,01:32:01,5521,Cour du Commerce Saint-André,Cour du Commerce Saint-André,"cour du commerce saint-andré, cour du commerce saint andre, historic paris passage",France
fr-0014-h11,fr-0014,France,Île-de-France,Paris,Paris,"Paris, France Day Walk (2020)",paris-landmarks-day-walk-2020,https://youtu.be/oz1Mgu8e1N4,01:34:48,5688,Rue Grégoire de Tours,Rue Grégoire de Tours,"rue grégoire de tours, rue gregoire de tours, paris street",France
fr-0014-h12,fr-0014,France,Île-de-France,Paris,Paris,"Paris, France Day Walk (2020)",paris-landmarks-day-walk-2020,https://youtu.be/oz1Mgu8e1N4,01:44:18,6258,Latin Quarter,Latin Quarter,"latin quarter, quartier latin, paris latin quarter",France
fr-0014-h13,fr-0014,France,Île-de-France,Paris,Paris,"Paris, France Day Walk (2020)",paris-landmarks-day-walk-2020,https://youtu.be/oz1Mgu8e1N4,01:52:20,6740,Notre-Dame,Notre-Dame,"notre dame, notre-dame de paris, paris cathedral",France
fr-0014-h14,fr-0014,France,Île-de-France,Paris,Paris,"Paris, France Day Walk (2020)",paris-landmarks-day-walk-2020,https://youtu.be/oz1Mgu8e1N4,02:00:06,7206,Seine River Walk,Seine River,"seine river walk, seine river paris, paris river walk",France
fr-0014-h15,fr-0014,France,Île-de-France,Paris,Paris,"Paris, France Day Walk (2020)",paris-landmarks-day-walk-2020,https://youtu.be/oz1Mgu8e1N4,02:07:03,7623,Square du Vert-Galant,Square du Vert-Galant,"square du vert-galant, vert galant paris, île de la cité park",France
fr-0014-h16,fr-0014,France,Île-de-France,Paris,Paris,"Paris, France Day Walk (2020)",paris-landmarks-day-walk-2020,https://youtu.be/oz1Mgu8e1N4,02:18:07,8287,Pont des Arts,Pont des Arts,"pont des arts, paris bridge, love locks bridge paris",France
fr-0014-h17,fr-0014,France,Île-de-France,Paris,Paris,"Paris, France Day Walk (2020)",paris-landmarks-day-walk-2020,https://youtu.be/oz1Mgu8e1N4,02:22:44,8564,The Louvre,"Louvre Museum,the louvre, louvre museum, louvre paris, musée du louvre",France,
fr-0014-h18,fr-0014,France,Île-de-France,Paris,Paris,"Paris, France Day Walk (2020)",paris-landmarks-day-walk-2020,https://youtu.be/oz1Mgu8e1N4,02:34:08,9248,Tuileries Garden,Tuileries Garden,"tuileries garden, jardin des tuileries, paris gardens",France
fr-0014-h19,fr-0014,France,Île-de-France,Paris,Paris,"Paris, France Day Walk (2020)",paris-landmarks-day-walk-2020,https://youtu.be/oz1Mgu8e1N4,02:50:29,10229,Place de la Concorde,Place de la Concorde,"place de la concorde, concorde paris, paris square",France
fr-0014-h20,fr-0014,France,Île-de-France,Paris,Paris,"Paris, France Day Walk (2020)",paris-landmarks-day-walk-2020,https://youtu.be/oz1Mgu8e1N4,02:55:54,10554,Av. des Champs-Élysées,Champs-Élysées,"champs-élysées, champs elysees, avenue des champs-elysees",France
fr-0014-h21,fr-0014,France,Île-de-France,Paris,Paris,"Paris, France Day Walk (2020)",paris-landmarks-day-walk-2020,https://youtu.be/oz1Mgu8e1N4,03:19:42,11982,Arc de Triomphe,Arc de Triomphe,"arc de triomphe, paris monument, champs elysees arch",France
fr-0014-h22,fr-0014,France,Île-de-France,Paris,Paris,"Paris, France Day Walk (2020)",paris-landmarks-day-walk-2020,https://youtu.be/oz1Mgu8e1N4,03:39:32,13172,Av. des Champs-Élysées,Champs-Élysées,"champs-élysées, champs elysees, avenue des champs-elysees",France
fr-0014-h23,fr-0014,France,Île-de-France,Paris,Paris,"Paris, France Day Walk (2020)",paris-landmarks-day-walk-2020,https://youtu.be/oz1Mgu8e1N4,03:59:22,14362,Grand & Petit Palais,Grand Palais and Petit Palais,"grand palais, petit palais, grand and petit palais paris",France
fr-0014-h24,fr-0014,France,Île-de-France,Paris,Paris,"Paris, France Day Walk (2020)",paris-landmarks-day-walk-2020,https://youtu.be/oz1Mgu8e1N4,04:03:03,14583,Pont Alexandre III,Pont Alexandre III,"pont alexandre iii, alexandre iii bridge, paris bridge",France
fr-0014-h25,fr-0014,France,Île-de-France,Paris,Paris,"Paris, France Day Walk (2020)",paris-landmarks-day-walk-2020,https://youtu.be/oz1Mgu8e1N4,04:09:43,14983,Les Invalides,Les Invalides,"les invalides, hôtel des invalides, invalides paris",France
fr-0014-h26,fr-0014,France,Île-de-France,Paris,Paris,"Paris, France Day Walk (2020)",paris-landmarks-day-walk-2020,https://youtu.be/oz1Mgu8e1N4,04:17:02,15422,Rue Cler,Rue Cler,"rue cler, paris market street, rue cler paris",France
fr-0014-h27,fr-0014,France,Île-de-France,Paris,Paris,"Paris, France Day Walk (2020)",paris-landmarks-day-walk-2020,https://youtu.be/oz1Mgu8e1N4,04:33:02,16382,Champ de Mars,Champ de Mars,"champ de mars, eiffel tower park, paris park",France
fr-0014-h28,fr-0014,France,Île-de-France,Paris,Paris,"Paris, France Day Walk (2020)",paris-landmarks-day-walk-2020,https://youtu.be/oz1Mgu8e1N4,04:37:53,16673,Eiffel Tower Ground Floor,Eiffel Tower,"eiffel tower ground floor, eiffel tower entrance, tour eiffel",France
fr-0014-h29,fr-0014,France,Île-de-France,Paris,Paris,"Paris, France Day Walk (2020)",paris-landmarks-day-walk-2020,https://youtu.be/oz1Mgu8e1N4,04:48:20,17300,Eiffel Tower Level 2,Eiffel Tower,"eiffel tower level 2, eiffel tower second floor, tour eiffel",France
fr-0014-h30,fr-0014,France,Île-de-France,Paris,Paris,"Paris, France Day Walk (2020)",paris-landmarks-day-walk-2020,https://youtu.be/oz1Mgu8e1N4,04:58:15,17895,Eiffel Tower Top Floor,Eiffel Tower,"eiffel tower top floor, eiffel tower summit, tour eiffel",France
fr-0014-h31,fr-0014,France,Île-de-France,Paris,Paris,"Paris, France Day Walk (2020)",paris-landmarks-day-walk-2020,https://youtu.be/oz1Mgu8e1N4,05:11:42,18702,Eiffel Tower Level 1,Eiffel Tower,"eiffel tower level 1, eiffel tower first floor, tour eiffel",France
fr-0014-h32,fr-0014,France,Île-de-France,Paris,Paris,"Paris, France Day Walk (2020)",paris-landmarks-day-walk-2020,https://youtu.be/oz1Mgu8e1N4,05:26:14,19574,Walking to Palais de Chaillot,Palais de Chaillot,"palais de chaillot, trocadéro, trocadero paris",France
fr-0015-h01,fr-0015,France,Île-de-France,Montmartre,Montmartre,"Montmartre, France Evening Walk (2022)",montmartre-evening-walk-2022,https://youtu.be/hLa9PRc9DFk,00:00:00,0,Intro and Map,Montmartre,"Montmartre evening walk, Montmartre map, Montmartre intro",France
fr-0015-h02,fr-0015,France,Île-de-France,Montmartre,Montmartre,"Montmartre, France Evening Walk (2022)",montmartre-evening-walk-2022,https://youtu.be/hLa9PRc9DFk,00:01:42,102,Rue Norvins,Rue Norvins,"rue norvins, montmartre street, montmartre old street",France
fr-0015-h03,fr-0015,France,Île-de-France,Montmartre,Montmartre,"Montmartre, France Evening Walk (2022)",montmartre-evening-walk-2022,https://youtu.be/hLa9PRc9DFk,00:02:55,175,Place du Tertre,Place du Tertre,"place du tertre, montmartre square, artists square paris",France
fr-0015-h04,fr-0015,France,Île-de-France,Montmartre,Montmartre,"Montmartre, France Evening Walk (2022)",montmartre-evening-walk-2022,https://youtu.be/hLa9PRc9DFk,00:09:06,546,En Haut des Escaliers,En Haut des Escaliers,"en haut des escaliers, montmartre steps, montmartre stairway",France
fr-0015-h05,fr-0015,France,Île-de-France,Montmartre,Montmartre,"Montmartre, France Evening Walk (2022)",montmartre-evening-walk-2022,https://youtu.be/hLa9PRc9DFk,00:11:46,706,Place Jean Marais,Place Jean Marais,"place jean marais, montmartre square, paris square",France
fr-0015-h06,fr-0015,France,Île-de-France,Montmartre,Montmartre,"Montmartre, France Evening Walk (2022)",montmartre-evening-walk-2022,https://youtu.be/hLa9PRc9DFk,00:14:39,879,Sacré-Cœur,Sacré-Cœur,"sacré-cœur, sacre coeur, basilica of the sacred heart paris",France
fr-0015-h07,fr-0015,France,Île-de-France,Montmartre,Montmartre,"Montmartre, France Evening Walk (2022)",montmartre-evening-walk-2022,https://youtu.be/hLa9PRc9DFk,00:25:18,1518,Square Louise Michel,Square Louise Michel,"square louise michel, montmartre park, sacre coeur gardens",France
fr-0015-h08,fr-0015,France,Île-de-France,Montmartre,Montmartre,"Montmartre, France Evening Walk (2022)",montmartre-evening-walk-2022,https://youtu.be/hLa9PRc9DFk,00:29:59,1799,Place Saint-Pierre,Place Saint-Pierre,"place saint-pierre, montmartre square, paris square",France
fr-0015-h09,fr-0015,France,Île-de-France,Montmartre,Montmartre,"Montmartre, France Evening Walk (2022)",montmartre-evening-walk-2022,https://youtu.be/hLa9PRc9DFk,00:33:43,2023,Rue Yvonne le Tac,Rue Yvonne le Tac,"rue yvonne le tac, montmartre street, paris street",France
fr-0015-h10,fr-0015,France,Île-de-France,Montmartre,Montmartre,"Montmartre, France Evening Walk (2022)",montmartre-evening-walk-2022,https://youtu.be/hLa9PRc9DFk,00:36:05,2165,Place des Abbesses,Place des Abbesses,"place des abbesses, abbesses square, montmartre",France
fr-0015-h11,fr-0015,France,Île-de-France,Montmartre,Montmartre,"Montmartre, France Evening Walk (2022)",montmartre-evening-walk-2022,https://youtu.be/hLa9PRc9DFk,00:47:11,2831,Rue Lepic,Rue Lepic,"rue lepic, montmartre street, paris street",France
fr-0015-h12,fr-0015,France,Île-de-France,Montmartre,Montmartre,"Montmartre, France Evening Walk (2022)",montmartre-evening-walk-2022,https://youtu.be/hLa9PRc9DFk,00:51:51,3111,Place Blanche,Place Blanche,"place blanche, moulin rouge area, montmartre nightlife",France
fr-0016-h01,fr-0016,France,Île-de-France,Montmartre,Montmartre,"Montmartre, France Day Walk (2020)",montmartre-day-walk-2020,https://youtu.be/yqOlY5uBBbo,00:00:00,0,Intro and Map,Montmartre,"Montmartre day walk, Montmartre map, Montmartre intro",France
fr-0016-h02,fr-0016,France,Île-de-France,Montmartre,Montmartre,"Montmartre, France Day Walk (2020)",montmartre-day-walk-2020,https://youtu.be/yqOlY5uBBbo,00:00:48,48,Moulin Rouge,Moulin Rouge,"moulin rouge, cabaret paris, montmartre moulin rouge",France
fr-0016-h03,fr-0016,France,Île-de-France,Montmartre,Montmartre,"Montmartre, France Day Walk (2020)",montmartre-day-walk-2020,https://youtu.be/yqOlY5uBBbo,00:03:10,190,Rue Lepic,Rue Lepic,"rue lepic, montmartre street, paris montmartre street",France
fr-0016-h04,fr-0016,France,Île-de-France,Montmartre,Montmartre,"Montmartre, France Day Walk (2020)",montmartre-day-walk-2020,https://youtu.be/yqOlY5uBBbo,00:04:30,270,Café des Deux Moulins,Café des Deux Moulins,"café des deux moulins, cafe des deux moulins, amelie cafe paris",France
fr-0016-h05,fr-0016,France,Île-de-France,Montmartre,Montmartre,"Montmartre, France Day Walk (2020)",montmartre-day-walk-2020,https://youtu.be/yqOlY5uBBbo,00:05:27,327,Rue Lepic,Rue Lepic,"rue lepic, montmartre street, paris montmartre street",France
fr-0016-h06,fr-0016,France,Île-de-France,Montmartre,Montmartre,"Montmartre, France Day Walk (2020)",montmartre-day-walk-2020,https://youtu.be/yqOlY5uBBbo,00:08:39,519,Rue des Abbesses,Rue des Abbesses,"rue des abbesses, montmartre street, abbesses paris",France
fr-0016-h07,fr-0016,France,Île-de-France,Montmartre,Montmartre,"Montmartre, France Day Walk (2020)",montmartre-day-walk-2020,https://youtu.be/yqOlY5uBBbo,00:12:52,772,Rue Ravignan,Rue Ravignan,"rue ravignan, montmartre street, paris street",France
fr-0016-h08,fr-0016,France,Île-de-France,Montmartre,Montmartre,"Montmartre, France Day Walk (2020)",montmartre-day-walk-2020,https://youtu.be/yqOlY5uBBbo,00:14:02,842,Place Émile-Goudeau,Place Émile-Goudeau,"place émile-goudeau, place emile-goudeau, montmartre square",France
fr-0016-h09,fr-0016,France,Île-de-France,Montmartre,Montmartre,"Montmartre, France Day Walk (2020)",montmartre-day-walk-2020,https://youtu.be/yqOlY5uBBbo,00:15:56,956,Rue d'Orchampt,Rue d'Orchampt,"rue d'orchampt, montmartre street, paris montmartre",France
fr-0016-h10,fr-0016,France,Île-de-France,Montmartre,Montmartre,"Montmartre, France Day Walk (2020)",montmartre-day-walk-2020,https://youtu.be/yqOlY5uBBbo,00:17:21,1041,Le Moulin de la Galette,Le Moulin de la Galette,"moulin de la galette, le moulin de la galette, montmartre windmill",France
fr-0016-h11,fr-0016,France,Île-de-France,Montmartre,Montmartre,"Montmartre, France Day Walk (2020)",montmartre-day-walk-2020,https://youtu.be/yqOlY5uBBbo,00:19:00,1140,Avenue Junot,Avenue Junot,"avenue junot, montmartre avenue, paris street",France
fr-0016-h12,fr-0016,France,Île-de-France,Montmartre,Montmartre,"Montmartre, France Day Walk (2020)",montmartre-day-walk-2020,https://youtu.be/yqOlY5uBBbo,00:21:02,1262,Villa Léandre,Villa Léandre,"villa léandre, villa leandre, montmartre hidden street",France
fr-0016-h13,fr-0016,France,Île-de-France,Montmartre,Montmartre,"Montmartre, France Day Walk (2020)",montmartre-day-walk-2020,https://youtu.be/yqOlY5uBBbo,00:25:08,1508,Square Suzanne Buisson,Square Suzanne Buisson,"square suzanne buisson, montmartre park, paris square",France
fr-0016-h14,fr-0016,France,Île-de-France,Montmartre,Montmartre,"Montmartre, France Day Walk (2020)",montmartre-day-walk-2020,https://youtu.be/yqOlY5uBBbo,00:28:23,1703,Rue de l'Abreuvoir,Rue de l'Abreuvoir,"rue de l'abreuvoir, montmartre street, paris picturesque street",France
fr-0016-h15,fr-0016,France,Île-de-France,Montmartre,Montmartre,"Montmartre, France Day Walk (2020)",montmartre-day-walk-2020,https://youtu.be/yqOlY5uBBbo,00:32:08,1928,La Maison Rose,La Maison Rose,"la maison rose, pink house montmartre, famous montmartre cafe",France
fr-0016-h16,fr-0016,France,Île-de-France,Montmartre,Montmartre,"Montmartre, France Day Walk (2020)",montmartre-day-walk-2020,https://youtu.be/yqOlY5uBBbo,00:33:17,1997,Vignes du Clos Montmartre,Vignes du Clos Montmartre,"clos montmartre, vignes du clos montmartre, montmartre vineyard",France
fr-0016-h17,fr-0016,France,Île-de-France,Montmartre,Montmartre,"Montmartre, France Day Walk (2020)",montmartre-day-walk-2020,https://youtu.be/yqOlY5uBBbo,00:37:53,2273,Rue Saint-Rustique,Rue Saint-Rustique,"rue saint-rustique, montmartre street, historic montmartre street",France
fr-0016-h18,fr-0016,France,Île-de-France,Montmartre,Montmartre,"Montmartre, France Day Walk (2020)",montmartre-day-walk-2020,https://youtu.be/yqOlY5uBBbo,00:41:15,2475,Place du Tertre,Place du Tertre,"place du tertre, montmartre square, artists square paris",France
fr-0016-h19,fr-0016,France,Île-de-France,Montmartre,Montmartre,"Montmartre, France Day Walk (2020)",montmartre-day-walk-2020,https://youtu.be/yqOlY5uBBbo,00:48:50,2930,Place du Calvaire,Place du Calvaire,"place du calvaire, montmartre square, paris square",France
fr-0016-h20,fr-0016,France,Île-de-France,Montmartre,Montmartre,"Montmartre, France Day Walk (2020)",montmartre-day-walk-2020,https://youtu.be/yqOlY5uBBbo,00:51:04,3064,Rue Poulbot,Rue Poulbot,"rue poulbot, montmartre street, paris street",France
fr-0016-h21,fr-0016,France,Île-de-France,Montmartre,Montmartre,"Montmartre, France Day Walk (2020)",montmartre-day-walk-2020,https://youtu.be/yqOlY5uBBbo,00:52:10,3130,Rue Norvins,Rue Norvins,"rue norvins, montmartre street, montmartre old street",France
fr-0016-h22,fr-0016,France,Île-de-France,Montmartre,Montmartre,"Montmartre, France Day Walk (2020)",montmartre-day-walk-2020,https://youtu.be/yqOlY5uBBbo,00:57:08,3428,Butte de Montmartre,Butte de Montmartre,"butte de montmartre, montmartre hill, paris hilltop",France
fr-0016-h23,fr-0016,France,Île-de-France,Montmartre,Montmartre,"Montmartre, France Day Walk (2020)",montmartre-day-walk-2020,https://youtu.be/yqOlY5uBBbo,00:59:44,3584,Sacré-Cœur,Sacré-Cœur,"sacré-cœur, sacre coeur, basilica of the sacred heart paris",France
fr-0016-h24,fr-0016,France,Île-de-France,Montmartre,Montmartre,"Montmartre, France Day Walk (2020)",montmartre-day-walk-2020,https://youtu.be/yqOlY5uBBbo,01:09:58,4198,View from the Dome of Sacré-Cœur,Sacré-Cœur Dome,"view from the dome of sacré-cœur, sacre coeur dome, montmartre dome view",France
fr-0016-h25,fr-0016,France,Île-de-France,Montmartre,Montmartre,"Montmartre, France Day Walk (2020)",montmartre-day-walk-2020,https://youtu.be/yqOlY5uBBbo,01:15:00,4500,Exiting Sacré-Cœur,Sacré-Cœur,"exit sacré-cœur, exit sacre coeur, basilica exit",France
fr-0016-h26,fr-0016,France,Île-de-France,Montmartre,Montmartre,"Montmartre, France Day Walk (2020)",montmartre-day-walk-2020,https://youtu.be/yqOlY5uBBbo,01:19:09,4749,Square Marcel Bleustein Blanchet,Square Marcel Bleustein Blanchet,"square marcel bleustein blanchet, montmartre park, paris square",France
fr-0016-h27,fr-0016,France,Île-de-France,Montmartre,Montmartre,"Montmartre, France Day Walk (2020)",montmartre-day-walk-2020,https://youtu.be/yqOlY5uBBbo,01:21:31,4891,Exit Square Marcel Bleustein Blanchet,Square Marcel Bleustein Blanchet,"exit square marcel bleustein blanchet, montmartre park exit, paris square",France
fr-0016-h28,fr-0016,France,Île-de-France,Montmartre,Montmartre,"Montmartre, France Day Walk (2020)",montmartre-day-walk-2020,https://youtu.be/yqOlY5uBBbo,01:22:23,4943,Rue du Chevalier de la Barre,Rue du Chevalier de la Barre,"rue du chevalier de la barre, montmartre street, paris street",France
fr-0016-h29,fr-0016,France,Île-de-France,Montmartre,Montmartre,"Montmartre, France Day Walk (2020)",montmartre-day-walk-2020,https://youtu.be/yqOlY5uBBbo,01:26:06,5166,Passage Cottin,Passage Cottin,"passage cottin, montmartre passage, paris passage",France
fr-0016-h30,fr-0016,France,Île-de-France,Montmartre,Montmartre,"Montmartre, France Day Walk (2020)",montmartre-day-walk-2020,https://youtu.be/yqOlY5uBBbo,01:28:52,5332,Rue Paul Albert,Rue Paul Albert,"rue paul albert, montmartre street, paris street",France
fr-0016-h31,fr-0016,France,Île-de-France,Montmartre,Montmartre,"Montmartre, France Day Walk (2020)",montmartre-day-walk-2020,https://youtu.be/yqOlY5uBBbo,01:30:59,5459,Square Louise-Michel,Square Louise-Michel,"square louise-michel, square louise michel, sacre coeur gardens",France
fr-0016-h32,fr-0016,France,Île-de-France,Montmartre,Montmartre,"Montmartre, France Day Walk (2020)",montmartre-day-walk-2020,https://youtu.be/yqOlY5uBBbo,01:36:42,5802,Place Saint-Pierre,Place Saint-Pierre,"place saint-pierre, montmartre square, paris square",France
fr-0016-h33,fr-0016,France,Île-de-France,Montmartre,Montmartre,"Montmartre, France Day Walk (2020)",montmartre-day-walk-2020,https://youtu.be/yqOlY5uBBbo,01:40:07,6007,Rue Yvonne le Tac,Rue Yvonne le Tac,"rue yvonne le tac, montmartre street, paris street",France
fr-0016-h34,fr-0016,France,Île-de-France,Montmartre,Montmartre,"Montmartre, France Day Walk (2020)",montmartre-day-walk-2020,https://youtu.be/yqOlY5uBBbo,01:43:04,6184,Place des Abbesses,Place des Abbesses,"place des abbesses, abbesses square, montmartre",France
fr-0016-h35,fr-0016,France,Île-de-France,Montmartre,Montmartre,"Montmartre, France Day Walk (2020)",montmartre-day-walk-2020,https://youtu.be/yqOlY5uBBbo,01:43:47,6227,Wall of Love,Wall of Love,"wall of love, le mur des je t'aime, montmartre wall of love",France
fr-0016-h36,fr-0016,France,Île-de-France,Montmartre,Montmartre,"Montmartre, France Day Walk (2020)",montmartre-day-walk-2020,https://youtu.be/yqOlY5uBBbo,01:46:16,6376,Rue des Abbesses,Rue des Abbesses,"rue des abbesses, montmartre street, abbesses paris",France
fr-0016-h37,fr-0016,France,Île-de-France,Montmartre,Montmartre,"Montmartre, France Day Walk (2020)",montmartre-day-walk-2020,https://youtu.be/yqOlY5uBBbo,01:49:18,6558,Rue des Martyrs,Rue des Martyrs,"rue des martyrs, montmartre street, paris shopping street",France
fr-0016-h38,fr-0016,France,Île-de-France,Montmartre,Montmartre,"Montmartre, France Day Walk (2020)",montmartre-day-walk-2020,https://youtu.be/yqOlY5uBBbo,01:51:15,6675,Yellow Vest Protest March,Yellow Vest Protest,"yellow vest protest, gilets jaunes, paris protest march",France
fr-0017-h01,fr-0017,France,Île-de-France,Paris,Coulée Verte René-Dumont,"Paris, France Promenade Plantée Walk (2020)",paris-promenade-plantee-day-walk-2020,https://youtu.be/KoORZY4TygU,00:00:00,0,Intro,Coulée Verte René-Dumont,"coulée verte rené-dumont, promenade plantée, promenade plantee, paris high line",France
fr-0017-h02,fr-0017,France,Île-de-France,Paris,Coulée Verte René-Dumont,"Paris, France Promenade Plantée Walk (2020)",paris-promenade-plantee-day-walk-2020,https://youtu.be/KoORZY4TygU,00:00:37,37,Walk Begins,Coulée Verte René-Dumont,"coulée verte rené-dumont, promenade plantée, paris elevated park, paris greenway",France
fr-0017-h03,fr-0017,France,Île-de-France,Paris,Coulée Verte René-Dumont,"Paris, France Promenade Plantée Walk (2020)",paris-promenade-plantee-day-walk-2020,https://youtu.be/KoORZY4TygU,00:16:36,996,Reuilly Garden,Jardin de Reuilly,"reuilly garden, jardin de reuilly, paris garden, promenade plantée garden",France
fr-0017-h04,fr-0017,France,Île-de-France,Paris,Coulée Verte René-Dumont,"Paris, France Promenade Plantée Walk (2020)",paris-promenade-plantee-day-walk-2020,https://youtu.be/KoORZY4TygU,00:30:05,1805,Half-way Point,Coulée Verte René-Dumont turnaround,"half-way point, turnaround point, promenade plantée turnaround, coulee verte turnaround",France
fr-0017-h05,fr-0017,France,Île-de-France,Paris,Coulée Verte René-Dumont,"Paris, France Promenade Plantée Walk (2020)",paris-promenade-plantee-day-walk-2020,https://youtu.be/KoORZY4TygU,00:41:39,2499,Reuilly Garden,Jardin de Reuilly,"reuilly garden, jardin de reuilly, return to reuilly garden, promenade plantée garden",France
fr-0018-h01,fr-0018,France,Île-de-France,Paris,Paris,"Paris, France Landmarks Day Walk (2017)",paris-landmarks-day-walk-2017,https://youtu.be/ME2zyNBh3JM,00:00:00,0,Intro,Paris,"Paris day walk, Paris intro, Paris map",France
fr-0018-h02,fr-0018,France,Île-de-France,Paris,Paris,"Paris, France Landmarks Day Walk (2017)",paris-landmarks-day-walk-2017,https://youtu.be/ME2zyNBh3JM,00:00:06,6,The Louvre Museum,Louvre Museum,"the louvre museum, louvre museum, louvre paris",France
fr-0018-h03,fr-0018,France,Île-de-France,Paris,Paris,"Paris, France Landmarks Day Walk (2017)",paris-landmarks-day-walk-2017,https://youtu.be/ME2zyNBh3JM,00:07:40,460,Walk along the Seine River toward Notre-Dame,Seine River,"seine river walk, seine river paris, walk toward notre dame",France
fr-0018-h04,fr-0018,France,Île-de-France,Paris,Paris,"Paris, France Landmarks Day Walk (2017)",paris-landmarks-day-walk-2017,https://youtu.be/ME2zyNBh3JM,00:19:52,1192,Notre-Dame,Notre-Dame,"notre dame, notre-dame de paris, paris cathedral",France
fr-0018-h05,fr-0018,France,Île-de-France,Paris,Paris,"Paris, France Landmarks Day Walk (2017)",paris-landmarks-day-walk-2017,https://youtu.be/ME2zyNBh3JM,00:25:00,1500,Walk along the Seine River toward Arc de Triomphe,Seine River,"seine river walk, walk toward arc de triomphe, paris river walk",France
fr-0018-h06,fr-0018,France,Île-de-France,Paris,Paris,"Paris, France Landmarks Day Walk (2017)",paris-landmarks-day-walk-2017,https://youtu.be/ME2zyNBh3JM,00:43:22,2602,Tuileries Garden,Tuileries Garden,"tuileries garden, jardin des tuileries, paris gardens",France
fr-0018-h07,fr-0018,France,Île-de-France,Paris,Paris,"Paris, France Landmarks Day Walk (2017)",paris-landmarks-day-walk-2017,https://youtu.be/ME2zyNBh3JM,00:50:41,3041,Luxor Obelisk,Luxor Obelisk,"luxor obelisk, place de la concorde obelisk, paris landmark",France
fr-0018-h08,fr-0018,France,Île-de-France,Paris,Paris,"Paris, France Landmarks Day Walk (2017)",paris-landmarks-day-walk-2017,https://youtu.be/ME2zyNBh3JM,00:53:47,3227,Avenue des Champs-Élysées,Champs-Élysées,"champs-élysées, champs elysees, avenue des champs-elysees",France
fr-0018-h09,fr-0018,France,Île-de-France,Paris,Paris,"Paris, France Landmarks Day Walk (2017)",paris-landmarks-day-walk-2017,https://youtu.be/ME2zyNBh3JM,01:10:40,4240,Arc de Triomphe,Arc de Triomphe,"arc de triomphe, paris monument, champs elysees arch",France
fr-0018-h10,fr-0018,France,Île-de-France,Paris,Paris,"Paris, France Landmarks Day Walk (2017)",paris-landmarks-day-walk-2017,https://youtu.be/ME2zyNBh3JM,01:28:44,5324,The Eiffel Tower,Eiffel Tower,"the eiffel tower, eiffel tower paris, tour eiffel",France
fr-0018-h11,fr-0018,France,Île-de-France,Paris,Paris,"Paris, France Landmarks Day Walk (2017)",paris-landmarks-day-walk-2017,https://youtu.be/ME2zyNBh3JM,01:41:00,6060,Champ de Mars Park,Champ de Mars,"champ de mars park, champ de mars, eiffel tower park",France
fr-0018-h12,fr-0018,France,Île-de-France,Paris,Paris,"Paris, France Landmarks Day Walk (2017)",paris-landmarks-day-walk-2017,https://youtu.be/ME2zyNBh3JM,01:55:18,6918,The Army Museum / The National Residence of the Invalids,Les Invalides,"the army museum, national residence of the invalids, les invalides",France
fr-0018-h13,fr-0018,France,Île-de-France,Paris,Paris,"Paris, France Landmarks Day Walk (2017)",paris-landmarks-day-walk-2017,https://youtu.be/ME2zyNBh3JM,02:03:35,7415,Esplanade des Invalides,Esplanade des Invalides,"esplanade des invalides, invalides paris, paris promenade",France
fr-0018-h14,fr-0018,France,Île-de-France,Paris,Paris,"Paris, France Landmarks Day Walk (2017)",paris-landmarks-day-walk-2017,https://youtu.be/ME2zyNBh3JM,02:08:59,7739,Pont Alexandre III Bridge,Pont Alexandre III,"pont alexandre iii bridge, pont alexandre iii, paris bridge",France
fr-0018-h15,fr-0018,France,Île-de-France,Paris,Paris,"Paris, France Landmarks Day Walk (2017)",paris-landmarks-day-walk-2017,https://youtu.be/ME2zyNBh3JM,02:13:17,7997,The Grand Palais,Grand Palais,"the grand palais, grand palais paris, paris landmark",France
fr-0018-h16,fr-0018,France,Île-de-France,Paris,Paris,"Paris, France Landmarks Day Walk (2017)",paris-landmarks-day-walk-2017,https://youtu.be/ME2zyNBh3JM,02:22:16,8536,Cour du Commerce Saint-André,Cour du Commerce Saint-André,"cour du commerce saint-andré, cour du commerce saint andre, historic paris passage",France
fr-0018-h17,fr-0018,France,Île-de-France,Paris,Paris,"Paris, France Landmarks Day Walk (2017)",paris-landmarks-day-walk-2017,https://youtu.be/ME2zyNBh3JM,02:25:26,8726,Rue de Buci,Rue de Buci,"rue de buci, saint germain street, paris cafes",France
fr-0018-h18,fr-0018,France,Île-de-France,Paris,Paris,"Paris, France Landmarks Day Walk (2017)",paris-landmarks-day-walk-2017,https://youtu.be/ME2zyNBh3JM,02:27:43,8863,Rue des Rosiers & Rue Saint-Antoine,Rue des Rosiers and Rue Saint-Antoine,"rue des rosiers, rue saint-antoine, le marais paris",France
fr-0018-h19,fr-0018,France,Île-de-France,Paris,Paris,"Paris, France Landmarks Day Walk (2017)",paris-landmarks-day-walk-2017,https://youtu.be/ME2zyNBh3JM,02:38:51,9531,Rue des Barres to Notre-Dame,Rue des Barres,"rue des barres to notre dame, rue des barres, return to notre dame",France
fr-0019-h01,fr-0019,France,Île-de-France,Paris,Paris,"Paris, France Landmarks Day Walk with Music (2017)",paris-day-walk-with-music-2017,https://youtu.be/1xE3lpCIgeI,00:00:00,0,Intro,Paris,"Paris day walk, Paris intro, Paris map",France
fr-0019-h02,fr-0019,France,Île-de-France,Paris,Paris,"Paris, France Landmarks Day Walk with Music (2017)",paris-day-walk-with-music-2017,https://youtu.be/1xE3lpCIgeI,00:00:06,6,The Louvre Museum,Louvre Museum,"the louvre museum, louvre museum, louvre paris",France
fr-0019-h03,fr-0019,France,Île-de-France,Paris,Paris,"Paris, France Landmarks Day Walk with Music (2017)",paris-day-walk-with-music-2017,https://youtu.be/1xE3lpCIgeI,00:07:40,460,Walk along the Seine River toward Notre-Dame,Seine River,"seine river walk, seine river paris, walk toward notre dame",France
fr-0019-h04,fr-0019,France,Île-de-France,Paris,Paris,"Paris, France Landmarks Day Walk with Music (2017)",paris-day-walk-with-music-2017,https://youtu.be/1xE3lpCIgeI,00:19:52,1192,Notre-Dame,Notre-Dame,"notre dame, notre-dame de paris, paris cathedral",France
fr-0019-h05,fr-0019,France,Île-de-France,Paris,Paris,"Paris, France Landmarks Day Walk with Music (2017)",paris-day-walk-with-music-2017,https://youtu.be/1xE3lpCIgeI,00:25:00,1500,Walk along the Seine River toward Arc de Triomphe,Seine River,"seine river walk, walk toward arc de triomphe, paris river walk",France
fr-0019-h06,fr-0019,France,Île-de-France,Paris,Paris,"Paris, France Landmarks Day Walk with Music (2017)",paris-day-walk-with-music-2017,https://youtu.be/1xE3lpCIgeI,00:43:22,2602,Tuileries Garden,Tuileries Garden,"tuileries garden, jardin des tuileries, paris gardens",France
fr-0019-h07,fr-0019,France,Île-de-France,Paris,Paris,"Paris, France Landmarks Day Walk with Music (2017)",paris-day-walk-with-music-2017,https://youtu.be/1xE3lpCIgeI,00:50:41,3041,Luxor Obelisk,Luxor Obelisk,"luxor obelisk, place de la concorde obelisk, paris landmark",France
fr-0019-h08,fr-0019,France,Île-de-France,Paris,Paris,"Paris, France Landmarks Day Walk with Music (2017)",paris-day-walk-with-music-2017,https://youtu.be/1xE3lpCIgeI,00:53:47,3227,Avenue des Champs-Élysées,Champs-Élysées,"champs-élysées, champs elysees, avenue des champs-elysees",France
fr-0019-h09,fr-0019,France,Île-de-France,Paris,Paris,"Paris, France Landmarks Day Walk with Music (2017)",paris-day-walk-with-music-2017,https://youtu.be/1xE3lpCIgeI,01:10:40,4240,Arc de Triomphe,Arc de Triomphe,"arc de triomphe, paris monument, champs elysees arch",France
fr-0019-h10,fr-0019,France,Île-de-France,Paris,Paris,"Paris, France Landmarks Day Walk with Music (2017)",paris-day-walk-with-music-2017,https://youtu.be/1xE3lpCIgeI,01:28:44,5324,The Eiffel Tower,Eiffel Tower,"the eiffel tower, eiffel tower paris, tour eiffel",France
fr-0019-h11,fr-0019,France,Île-de-France,Paris,Paris,"Paris, France Landmarks Day Walk with Music (2017)",paris-day-walk-with-music-2017,https://youtu.be/1xE3lpCIgeI,01:41:00,6060,Champ de Mars Park,Champ de Mars,"champ de mars park, champ de mars, eiffel tower park",France
fr-0019-h12,fr-0019,France,Île-de-France,Paris,Paris,"Paris, France Landmarks Day Walk with Music (2017)",paris-day-walk-with-music-2017,https://youtu.be/1xE3lpCIgeI,01:55:18,6918,The Army Museum / The National Residence of the Invalids,Les Invalides,"the army museum, national residence of the invalids, les invalides",France
fr-0019-h13,fr-0019,France,Île-de-France,Paris,Paris,"Paris, France Landmarks Day Walk with Music (2017)",paris-day-walk-with-music-2017,https://youtu.be/1xE3lpCIgeI,02:03:35,7415,Esplanade des Invalides,Esplanade des Invalides,"esplanade des invalides, invalides paris, paris promenade",France
fr-0019-h14,fr-0019,France,Île-de-France,Paris,Paris,"Paris, France Landmarks Day Walk with Music (2017)",paris-day-walk-with-music-2017,https://youtu.be/1xE3lpCIgeI,02:08:59,7739,Pont Alexandre III Bridge,Pont Alexandre III,"pont alexandre iii bridge, pont alexandre iii, paris bridge",France
fr-0019-h15,fr-0019,France,Île-de-France,Paris,Paris,"Paris, France Landmarks Day Walk with Music (2017)",paris-day-walk-with-music-2017,https://youtu.be/1xE3lpCIgeI,02:13:17,7997,The Grand Palais,Grand Palais,"the grand palais, grand palais paris, paris landmark",France
fr-0019-h16,fr-0019,France,Île-de-France,Paris,Paris,"Paris, France Landmarks Day Walk with Music (2017)",paris-day-walk-with-music-2017,https://youtu.be/1xE3lpCIgeI,02:22:16,8536,Cour du Commerce Saint-André,Cour du Commerce Saint-André,"cour du commerce saint-andré, cour du commerce saint andre, historic paris passage",France
fr-0019-h17,fr-0019,France,Île-de-France,Paris,Paris,"Paris, France Landmarks Day Walk with Music (2017)",paris-day-walk-with-music-2017,https://youtu.be/1xE3lpCIgeI,02:25:26,8726,Rue de Buci,Rue de Buci,"rue de buci, saint germain street, paris cafes",France
fr-0019-h18,fr-0019,France,Île-de-France,Paris,Paris,"Paris, France Landmarks Day Walk with Music (2017)",paris-day-walk-with-music-2017,https://youtu.be/1xE3lpCIgeI,02:27:43,8863,Rue des Rosiers & Rue Saint-Antoine,Rue des Rosiers and Rue Saint-Antoine,"rue des rosiers, rue saint-antoine, le marais paris",France
fr-0019-h19,fr-0019,France,Île-de-France,Paris,Paris,"Paris, France Landmarks Day Walk with Music (2017)",paris-day-walk-with-music-2017,https://youtu.be/1xE3lpCIgeI,02:38:51,9531,Rue des Barres to Notre-Dame,Rue des Barres,"rue des barres to notre dame, rue des barres, return to notre dame",France
fr-0020-h01,fr-0020,France,Île-de-France,Paris,Paris,"Paris, France Evening Walk (2022)",paris-evening-walk-2022,https://youtu.be/fKgP6JGAM_A,00:00:00,0,Intro and Map,Paris,"Paris evening walk, Paris night walk, Paris map, Paris intro",France
fr-0020-h02,fr-0020,France,Île-de-France,Paris,Paris,"Paris, France Evening Walk (2022)",paris-evening-walk-2022,https://youtu.be/fKgP6JGAM_A,00:01:08,68,Place Saint-Michel,Place Saint-Michel,"place saint-michel, saint michel paris, latin quarter paris",France
fr-0020-h03,fr-0020,France,Île-de-France,Paris,Paris,"Paris, France Evening Walk (2022)",paris-evening-walk-2022,https://youtu.be/fKgP6JGAM_A,00:02:12,132,Rue de la Huchette,Rue de la Huchette,"rue de la huchette, paris dining street, latin quarter street",France
fr-0020-h04,fr-0020,France,Île-de-France,Paris,Paris,"Paris, France Evening Walk (2022)",paris-evening-walk-2022,https://youtu.be/fKgP6JGAM_A,00:07:05,425,Notre-Dame,Notre-Dame,"notre dame, notre-dame de paris, paris cathedral",France
fr-0020-h05,fr-0020,France,Île-de-France,Paris,Paris,"Paris, France Evening Walk (2022)",paris-evening-walk-2022,https://youtu.be/fKgP6JGAM_A,00:11:12,672,Rue Saint-Séverin,Rue Saint-Séverin,"rue saint-séverin, rue saint severin, latin quarter paris",France
fr-0020-h06,fr-0020,France,Île-de-France,Paris,Paris,"Paris, France Evening Walk (2022)",paris-evening-walk-2022,https://youtu.be/fKgP6JGAM_A,00:17:40,1060,Rue de la Harpe,Rue de la Harpe,"rue de la harpe, paris street, latin quarter alley",France
fr-0020-h07,fr-0020,France,Île-de-France,Paris,Paris,"Paris, France Evening Walk (2022)",paris-evening-walk-2022,https://youtu.be/fKgP6JGAM_A,00:21:28,1288,Cour du Commerce Saint-André,Cour du Commerce Saint-André,"cour du commerce saint-andré, cour du commerce saint andre, historic paris passage",France
fr-0020-h08,fr-0020,France,Île-de-France,Paris,Paris,"Paris, France Evening Walk (2022)",paris-evening-walk-2022,https://youtu.be/fKgP6JGAM_A,00:28:31,1711,Rue Grégoire de Tours,Rue Grégoire de Tours,"rue grégoire de tours, rue gregoire de tours, paris street",France
fr-0020-h09,fr-0020,France,Île-de-France,Paris,Paris,"Paris, France Evening Walk (2022)",paris-evening-walk-2022,https://youtu.be/fKgP6JGAM_A,00:30:44,1844,Rue de Buci,Rue de Buci,"rue de buci, saint germain street, paris cafes",France
fr-0020-h10,fr-0020,France,Île-de-France,Paris,Paris,"Paris, France Evening Walk (2022)",paris-evening-walk-2022,https://youtu.be/fKgP6JGAM_A,00:34:41,2081,Rue des Barres,Rue des Barres,"rue des barres, medieval paris street, paris old street",France
fr-0020-h11,fr-0020,France,Île-de-France,Paris,Paris,"Paris, France Evening Walk (2022)",paris-evening-walk-2022,https://youtu.be/fKgP6JGAM_A,00:39:19,2359,Rue du Bourg Tibourg,Rue du Bourg Tibourg,"rue du bourg tibourg, marais paris street, paris nightlife street",France
fr-0020-h12,fr-0020,France,Île-de-France,Paris,Paris,"Paris, France Evening Walk (2022)",paris-evening-walk-2022,https://youtu.be/fKgP6JGAM_A,00:43:58,2638,Rue des Rosiers,Rue des Rosiers,"rue des rosiers, jewish quarter paris, le marais paris",France
fr-0020-h13,fr-0020,France,Île-de-France,Paris,Paris,"Paris, France Evening Walk (2022)",paris-evening-walk-2022,https://youtu.be/fKgP6JGAM_A,00:50:35,3035,Rue de Rivoli,Rue de Rivoli,"rue de rivoli, paris shopping street, rivoli paris",France
fr-0020-h14,fr-0020,France,Île-de-France,Paris,Paris,"Paris, France Evening Walk (2022)",paris-evening-walk-2022,https://youtu.be/fKgP6JGAM_A,00:52:52,3172,Hôtel de Ville,Hôtel de Ville,"hôtel de ville, hotel de ville paris, paris city hall",France
fr-0020-h15,fr-0020,France,Île-de-France,Paris,Paris,"Paris, France Evening Walk (2022)",paris-evening-walk-2022,https://youtu.be/fKgP6JGAM_A,00:56:08,3368,Seine River Walk,Seine River,"seine river walk, seine river paris, paris river at night",France
fr-0020-h16,fr-0020,France,Île-de-France,Paris,Paris,"Paris, France Evening Walk (2022)",paris-evening-walk-2022,https://youtu.be/fKgP6JGAM_A,01:20:08,4808,Place de la Bastille,Place de la Bastille,"place de la bastille, bastille paris, bastille square",France
fr-0020-h17,fr-0020,France,Île-de-France,Paris,Paris,"Paris, France Evening Walk (2022)",paris-evening-walk-2022,https://youtu.be/fKgP6JGAM_A,01:24:33,5073,Rue de Lappe,Rue de Lappe,"rue de lappe, bastille nightlife street, paris bars street",France
fr-0020-h18,fr-0020,France,Île-de-France,Paris,Paris,"Paris, France Evening Walk (2022)",paris-evening-walk-2022,https://youtu.be/fKgP6JGAM_A,01:31:10,5470,Rue de Charonne,Rue de Charonne,"rue de charonne, paris street, bastille area paris",France
fr-0020-h19,fr-0020,France,Île-de-France,Paris,Paris,"Paris, France Evening Walk (2022)",paris-evening-walk-2022,https://youtu.be/fKgP6JGAM_A,01:34:44,5684,Eiffel Tower Tour,Eiffel Tower,"eiffel tower tour, eiffel tower paris, tour eiffel",France
fr-0020-h20,fr-0020,France,Île-de-France,Paris,Paris,"Paris, France Evening Walk (2022)",paris-evening-walk-2022,https://youtu.be/fKgP6JGAM_A,01:44:42,6282,Pont d'Iéna,Pont d'Iéna,"pont d'iéna, pont d'iena, bridge by eiffel tower",France
fr-0020-h21,fr-0020,France,Île-de-France,Paris,Paris,"Paris, France Evening Walk (2022)",paris-evening-walk-2022,https://youtu.be/fKgP6JGAM_A,01:48:19,6499,Eiffel Tower,Eiffel Tower,"eiffel tower, tour eiffel, eiffel tower at night",France
fr-0020-h22,fr-0020,France,Île-de-France,Paris,Paris,"Paris, France Evening Walk (2022)",paris-evening-walk-2022,https://youtu.be/fKgP6JGAM_A,01:59:00,7140,Bike Ride Begins,Paris Bike Ride,"bike ride begins, paris bike ride, paris cycling at night",France
fr-0020-h23,fr-0020,France,Île-de-France,Paris,Paris,"Paris, France Evening Walk (2022)",paris-evening-walk-2022,https://youtu.be/fKgP6JGAM_A,02:07:19,7639,Louvre Museum,Louvre Museum,"louvre museum, louvre paris, paris museum at night",France
fr-0020-h24,fr-0020,France,Île-de-France,Paris,Paris,"Paris, France Evening Walk (2022)",paris-evening-walk-2022,https://youtu.be/fKgP6JGAM_A,02:12:46,7966,Pont Neuf,Pont Neuf,"pont neuf, paris bridge, oldest bridge in paris",France
fr-0020-h25,fr-0020,France,Île-de-France,Paris,Paris,"Paris, France Evening Walk (2022)",paris-evening-walk-2022,https://youtu.be/fKgP6JGAM_A,02:15:14,8114,Place Saint-Michel,Place Saint-Michel,"place saint-michel, saint michel paris, return to saint michel",France
fr-0020-h26,fr-0020,France,Île-de-France,Paris,Paris,"Paris, France Evening Walk (2022)",paris-evening-walk-2022,https://youtu.be/fKgP6JGAM_A,02:19:11,8351,Panthéon,Panthéon,"panthéon, pantheon paris, latin quarter monument",France
fr-0020-h27,fr-0020,France,Île-de-France,Paris,Paris,"Paris, France Evening Walk (2022)",paris-evening-walk-2022,https://youtu.be/fKgP6JGAM_A,02:21:25,8485,Place de la Contrescarpe,Place de la Contrescarpe,"place de la contrescarpe, contrescarpe paris, latin quarter square",France
fr-0021-h01,fr-0021,France,Île-de-France,Paris,Paris,"Paris, France Evening Walk (2020)",paris-latin-quarter-marais-evening-walk-2020,https://youtu.be/1_XzrxXnwMM,00:00:00,0,Intro and Map,Paris,"Paris evening walk, Paris night walk, Paris map, Paris France evening walk, Paris 2020, Latin Quarter Marais walk, quartier latin marais, Paris France walk",France
fr-0021-h02,fr-0021,France,Île-de-France,Paris,Paris,"Paris, France Evening Walk (2020)",paris-latin-quarter-marais-evening-walk-2020,https://youtu.be/1_XzrxXnwMM,00:01:07,67,Place Saint-Michel,Place Saint-Michel,"place saint-michel, saint michel paris, latin quarter paris, fontaine saint-michel, place saint michel fountain, 5th arrondissement paris, 5e arrondissement, paris evening square",France
fr-0021-h03,fr-0021,France,Île-de-France,Paris,Paris,"Paris, France Evening Walk (2020)",paris-latin-quarter-marais-evening-walk-2020,https://youtu.be/1_XzrxXnwMM,00:03:51,231,Rue de la Huchette,Rue de la Huchette,"rue de la huchette, paris dining street, latin quarter street, latin quarter restaurants, greek street paris, 5e paris, paris restaurant street night, rue de la huchette at night",France
fr-0021-h04,fr-0021,France,Île-de-France,Paris,Paris,"Paris, France Evening Walk (2020)",paris-latin-quarter-marais-evening-walk-2020,https://youtu.be/1_XzrxXnwMM,00:08:10,490,Rue Saint-Séverin,Rue Saint-Séverin,"rue saint-séverin, rue saint severin, latin quarter paris, eglise saint-severin, church rue saint severin, medieval latin quarter, 5e arrondissement paris",France
fr-0021-h05,fr-0021,France,Île-de-France,Paris,Paris,"Paris, France Evening Walk (2020)",paris-latin-quarter-marais-evening-walk-2020,https://youtu.be/1_XzrxXnwMM,00:12:27,747,Rue de la Harpe,Rue de la Harpe,"rue de la harpe, paris street, latin quarter alley, latin quarter paris night, 5e arrondissement, paris narrow street, latin quarter evening",France
fr-0021-h06,fr-0021,France,Île-de-France,Paris,Paris,"Paris, France Evening Walk (2020)",paris-latin-quarter-marais-evening-walk-2020,https://youtu.be/1_XzrxXnwMM,00:15:59,959,Cour du Commerce Saint-André,Cour du Commerce Saint-André,"cour du commerce saint-andré, cour du commerce saint andre, historic paris passage, saint-germain-des-pres, saint germain paris, covered passage paris, passage couvert paris, 6e arrondissement paris",France
fr-0021-h07,fr-0021,France,Île-de-France,Paris,Paris,"Paris, France Evening Walk (2020)",paris-latin-quarter-marais-evening-walk-2020,https://youtu.be/1_XzrxXnwMM,00:18:25,1105,Rue Grégoire de Tours,Rue Grégoire de Tours,"rue grégoire de tours, rue gregoire de tours, paris street, saint-germain-des-pres, 6e arrondissement paris, paris side street evening",France
fr-0021-h08,fr-0021,France,Île-de-France,Paris,Paris,"Paris, France Evening Walk (2020)",paris-latin-quarter-marais-evening-walk-2020,https://youtu.be/1_XzrxXnwMM,00:22:39,1359,Rue des Barres,Rue des Barres,"rue des barres, medieval paris street, paris old street, saint-gervais paris, eglise saint-gervais, marais medieval street, 4e arrondissement paris, marais at night",France
fr-0021-h09,fr-0021,France,Île-de-France,Paris,Paris,"Paris, France Evening Walk (2020)",paris-latin-quarter-marais-evening-walk-2020,https://youtu.be/1_XzrxXnwMM,00:25:17,1517,Rue des Rosiers,Rue des Rosiers,"rue des rosiers, jewish quarter paris, le marais paris, marais jewish quarter, quartier juif paris, jewish paris, rue des rosiers falafel, 4e arrondissement, marais paris night",France
fr-0021-h10,fr-0021,France,Île-de-France,Paris,Paris,"Paris, France Evening Walk (2020)",paris-latin-quarter-marais-evening-walk-2020,https://youtu.be/1_XzrxXnwMM,00:31:09,1869,Rue de Rivoli,Rue de Rivoli,"rue de rivoli, paris shopping street, rivoli paris, 4e arrondissement, rue de rivoli at night, tuileries paris, marais rue rivoli",France
fr-0021-h11,fr-0021,France,Île-de-France,Paris,Paris,"Paris, France Evening Walk (2020)",paris-latin-quarter-marais-evening-walk-2020,https://youtu.be/1_XzrxXnwMM,00:34:26,2066,Rue de la Roquette,Rue de la Roquette,"rue de la roquette, paris nightlife street, bastille area paris, bastille paris, place de la bastille, 11e arrondissement paris, paris nightlife, paris night out",France
fr-0021-h12,fr-0021,France,Île-de-France,Paris,Paris,"Paris, France Evening Walk (2020)",paris-latin-quarter-marais-evening-walk-2020,https://youtu.be/1_XzrxXnwMM,00:37:39,2259,Rue de Lappe,Rue de Lappe,"rue de lappe, bastille nightlife street, paris bars street, paris nightlife, paris bars, bastille bars, 11e arrondissement, rue de lappe bars, paris evening nightlife",France
fr-0021-h13,fr-0021,France,Île-de-France,Paris,Paris,"Paris, France Evening Walk (2020)",paris-latin-quarter-marais-evening-walk-2020,https://youtu.be/1_XzrxXnwMM,00:42:24,2544,Rue de Charonne,Rue de Charonne,"rue de charonne, paris street, trendy paris district, 11e arrondissement paris, oberkampf area, bastille to charonne, paris night walk east",France
fr-0021-h14,fr-0021,France,Île-de-France,Paris,Paris,"Paris, France Evening Walk (2020)",paris-latin-quarter-marais-evening-walk-2020,https://youtu.be/1_XzrxXnwMM,00:45:50,2750,Bike Ride Begins,Paris Bike Ride,"bike ride begins, paris bike ride, paris cycling at night, paris night cycling, cycling paris, paris velo nuit, paris bike tour night, paris night bike",France
fr-0021-h15,fr-0021,France,Île-de-France,Paris,Paris,"Paris, France Evening Walk (2020)",paris-latin-quarter-marais-evening-walk-2020,https://youtu.be/1_XzrxXnwMM,00:50:04,3004,Courtyard of the Hôtel de Ville,Hôtel de Ville,"hôtel de ville, hotel de ville paris, paris city hall, paris city hall at night, mairie de paris, hotel de ville courtyard, 4e arrondissement paris, paris city hall courtyard",France
fr-0021-h16,fr-0021,France,Île-de-France,Paris,Paris,"Paris, France Evening Walk (2020)",paris-latin-quarter-marais-evening-walk-2020,https://youtu.be/1_XzrxXnwMM,00:56:39,3399,Louvre Pyramid,Louvre Pyramid,"louvre pyramid, louvre pyramid at night, paris glass pyramid, musee du louvre, louvre museum paris, cour napoleon, pyramide du louvre, louvre at night, louvre museum at night",France
fr-0021-h17,fr-0021,France,Île-de-France,Paris,Paris,"Paris, France Evening Walk (2020)",paris-latin-quarter-marais-evening-walk-2020,https://youtu.be/1_XzrxXnwMM,01:01:07,3667,Seine River,Seine River,"seine river, seine river paris, paris night river views, seine at night, paris riverside, ile de la cite, paris waterfront night, paris river at night",France
fr-0022-h01,fr-0022,France,Île-de-France,Paris,Paris Catacombs,"Paris, France Catacombs Tour (2020)",paris-catacombs-tour-2020,https://youtu.be/PEfRzws5ajk,00:00:00,0,Introduction,Paris Catacombs,"paris catacombs, catacombs of paris, paris underground ossuary",France
fr-0022-h02,fr-0022,France,Île-de-France,Paris,Paris Catacombs,"Paris, France Catacombs Tour (2020)",paris-catacombs-tour-2020,https://youtu.be/PEfRzws5ajk,00:01:25,85,Top Level Entrance,Paris Catacombs Entrance,"top level entrance, paris catacombs entrance, catacombs entrance paris",France
fr-0022-h03,fr-0022,France,Île-de-France,Paris,Paris Catacombs,"Paris, France Catacombs Tour (2020)",paris-catacombs-tour-2020,https://youtu.be/PEfRzws5ajk,00:01:56,116,Entering the Catacombs,Paris Catacombs,"entering the catacombs, entering paris catacombs, underground paris tunnels",France
fr-0022-h04,fr-0022,France,Île-de-France,Paris,Paris Catacombs,"Paris, France Catacombs Tour (2020)",paris-catacombs-tour-2020,https://youtu.be/PEfRzws5ajk,00:03:17,197,Stacks of Bones and Skulls,Stacks of Bones and Skulls,"stacks of bones and skulls, catacombs bones, catacombs skulls paris",France
fr-0022-h05,fr-0022,France,Île-de-France,Paris,Paris Catacombs,"Paris, France Catacombs Tour (2020)",paris-catacombs-tour-2020,https://youtu.be/PEfRzws5ajk,00:20:35,1235,Column of Bones,Column of Bones,"column of bones, bone column paris catacombs, catacombs monument",France
fr-0022-h06,fr-0022,France,Île-de-France,Paris,Paris Catacombs,"Paris, France Catacombs Tour (2020)",paris-catacombs-tour-2020,https://youtu.be/PEfRzws5ajk,00:22:11,1331,Exiting the Catacombs,Paris Catacombs Exit,"exiting the catacombs, paris catacombs exit, leaving the catacombs",France
fr-0023-h01,fr-0023,France,Île-de-France,Paris,Luxembourg Gardens,"Paris, France Luxembourg Gardens Walk (2020)",paris-luxemburg-gardens-day-walk-2020,https://youtu.be/bibZZXvk-UE,00:00:00,0,Entrance at Porte Gay-Lussac,Porte Gay-Lussac,"porte gay-lussac, boulevard saint-michel entrance, luxembourg gardens entrance",France
fr-0023-h02,fr-0023,France,Île-de-France,Paris,Luxembourg Gardens,"Paris, France Luxembourg Gardens Walk (2020)",paris-luxemburg-gardens-day-walk-2020,https://youtu.be/bibZZXvk-UE,00:03:55,235,Grand Basin - Les Voiliers du Luxembourg,Grand Basin,"grand basin, les voiliers du luxembourg, luxembourg gardens pond, sailing boats luxembourg gardens",France
fr-0023-h03,fr-0023,France,Île-de-France,Paris,Luxembourg Gardens,"Paris, France Luxembourg Gardens Walk (2020)",paris-luxemburg-gardens-day-walk-2020,https://youtu.be/bibZZXvk-UE,00:07:00,420,Grand Basin Walk toward Porte de l'Observatoire,Porte de l'Observatoire,"grand basin walk, porte de l'observatoire, luxembourg gardens observatory gate",France
fr-0023-h04,fr-0023,France,Île-de-France,Paris,Luxembourg Gardens,"Paris, France Luxembourg Gardens Walk (2020)",paris-luxemburg-gardens-day-walk-2020,https://youtu.be/bibZZXvk-UE,00:11:25,685,Porte de l'Observatoire,Porte de l'Observatoire,"porte de l'observatoire, observatory gate, jardin du luxembourg gate",France
fr-0023-h05,fr-0023,France,Île-de-France,Paris,Luxembourg Gardens,"Paris, France Luxembourg Gardens Walk (2020)",paris-luxemburg-gardens-day-walk-2020,https://youtu.be/bibZZXvk-UE,00:15:00,900,Garden View of Grand Basin,Grand Basin,"garden view of grand basin, luxembourg gardens basin, central pond luxembourg gardens",France
fr-0023-h06,fr-0023,France,Île-de-France,Paris,Luxembourg Gardens,"Paris, France Luxembourg Gardens Walk (2020)",paris-luxemburg-gardens-day-walk-2020,https://youtu.be/bibZZXvk-UE,00:16:56,1016,Walking toward Porte Fleurus,Porte Fleurus,"walking toward porte fleurus, porte fleurus path, luxembourg gardens path",France
fr-0023-h07,fr-0023,France,Île-de-France,Paris,Luxembourg Gardens,"Paris, France Luxembourg Gardens Walk (2020)",paris-luxemburg-gardens-day-walk-2020,https://youtu.be/bibZZXvk-UE,00:17:47,1067,Terrain de basket-ball,Terrain de basket-ball,"terrain de basket-ball, basketball court luxembourg gardens, luxembourg gardens sports court",France
fr-0023-h08,fr-0023,France,Île-de-France,Paris,Luxembourg Gardens,"Paris, France Luxembourg Gardens Walk (2020)",paris-luxemburg-gardens-day-walk-2020,https://youtu.be/bibZZXvk-UE,00:19:37,1177,Statue of Liberty,Statue of Liberty Luxembourg Gardens,"statue of liberty luxembourg gardens, liberty statue paris, mini statue of liberty paris",France
fr-0023-h09,fr-0023,France,Île-de-France,Paris,Luxembourg Gardens,"Paris, France Luxembourg Gardens Walk (2020)",paris-luxemburg-gardens-day-walk-2020,https://youtu.be/bibZZXvk-UE,00:21:14,1274,Porte Fleurus,Porte Fleurus,"porte fleurus, luxembourg gardens fleurus gate, jardin du luxembourg gate",France
fr-0023-h10,fr-0023,France,Île-de-France,Paris,Luxembourg Gardens,"Paris, France Luxembourg Gardens Walk (2020)",paris-luxemburg-gardens-day-walk-2020,https://youtu.be/bibZZXvk-UE,00:22:07,1327,Le Triomphe de Silène,Le Triomphe de Silène,"le triomphe de silène, triumph of silenus, luxembourg gardens statue",France
fr-0023-h11,fr-0023,France,Île-de-France,Paris,Luxembourg Gardens,"Paris, France Luxembourg Gardens Walk (2020)",paris-luxemburg-gardens-day-walk-2020,https://youtu.be/bibZZXvk-UE,00:23:16,1396,Orangerie du Sénat,Orangerie du Sénat,"orangerie du sénat, senate orangery, luxembourg gardens orangery",France
fr-0023-h12,fr-0023,France,Île-de-France,Paris,Luxembourg Gardens,"Paris, France Luxembourg Gardens Walk (2020)",paris-luxemburg-gardens-day-walk-2020,https://youtu.be/bibZZXvk-UE,00:23:39,1419,Roseraie du Luxembourg,Roseraie du Luxembourg,"roseraie du luxembourg, luxembourg gardens rose garden, rose garden paris",France
fr-0023-h13,fr-0023,France,Île-de-France,Paris,Luxembourg Gardens,"Paris, France Luxembourg Gardens Walk (2020)",paris-luxemburg-gardens-day-walk-2020,https://youtu.be/bibZZXvk-UE,00:24:46,1486,Monument à Delacroix,Monument à Delacroix,"monument à delacroix, aime-jules dalou, delacroix monument luxembourg gardens",France
fr-0023-h14,fr-0023,France,Île-de-France,Paris,Luxembourg Gardens,"Paris, France Luxembourg Gardens Walk (2020)",paris-luxemburg-gardens-day-walk-2020,https://youtu.be/bibZZXvk-UE,00:25:19,1519,Walking around Palais du Luxembourg to Porte Odéon,Palais du Luxembourg,"palais du luxembourg, walking around palais du luxembourg, porte odéon approach",France
fr-0023-h15,fr-0023,France,Île-de-France,Paris,Luxembourg Gardens,"Paris, France Luxembourg Gardens Walk (2020)",paris-luxemburg-gardens-day-walk-2020,https://youtu.be/bibZZXvk-UE,00:28:17,1697,Porte Odéon,Porte Odéon,"porte odéon, porte odeon, luxembourg gardens odeon gate",France
fr-0024-h01,fr-0024,France,Île-de-France,Paris,Eiffel Tower,"Paris, France | Eiffel Tower Tour (2020)",paris-eiffel-tower-day-walk-2020,https://youtu.be/Lrj8LEZ9FA4,00:05:38,338,Champ de Mars,Champ de Mars,"champ de mars, eiffel tower park, paris park",France
fr-0024-h02,fr-0024,France,Île-de-France,Paris,Eiffel Tower,"Paris, France | Eiffel Tower Tour (2020)",paris-eiffel-tower-day-walk-2020,https://youtu.be/Lrj8LEZ9FA4,00:12:30,750,Eiffel Tower Entrance (Security Checkpoint),Eiffel Tower,"eiffel tower entrance, security checkpoint, tour eiffel entrance",France
fr-0024-h03,fr-0024,France,Île-de-France,Paris,Eiffel Tower,"Paris, France | Eiffel Tower Tour (2020)",paris-eiffel-tower-day-walk-2020,https://youtu.be/Lrj8LEZ9FA4,00:14:35,875,Elevator Ride to Level 2,Eiffel Tower,"elevator ride to level 2, eiffel tower elevator, tour eiffel elevator",France
fr-0024-h04,fr-0024,France,Île-de-France,Paris,Eiffel Tower,"Paris, France | Eiffel Tower Tour (2020)",paris-eiffel-tower-day-walk-2020,https://youtu.be/Lrj8LEZ9FA4,00:22:51,1371,Level 2,Eiffel Tower Level 2,"eiffel tower level 2, second floor eiffel tower, tour eiffel level 2",France
fr-0024-h05,fr-0024,France,Île-de-France,Paris,Eiffel Tower,"Paris, France | Eiffel Tower Tour (2020)",paris-eiffel-tower-day-walk-2020,https://youtu.be/Lrj8LEZ9FA4,00:24:27,1467,Elevator Ride to Level 3,Eiffel Tower,"elevator ride to level 3, eiffel tower summit elevator, tour eiffel summit",France
fr-0024-h06,fr-0024,France,Île-de-France,Paris,Eiffel Tower,"Paris, France | Eiffel Tower Tour (2020)",paris-eiffel-tower-day-walk-2020,https://youtu.be/Lrj8LEZ9FA4,00:26:48,1608,Level 3 (Interior),Eiffel Tower Summit,"eiffel tower level 3 interior, eiffel tower summit interior, tour eiffel summit",France
fr-0024-h07,fr-0024,France,Île-de-France,Paris,Eiffel Tower,"Paris, France | Eiffel Tower Tour (2020)",paris-eiffel-tower-day-walk-2020,https://youtu.be/Lrj8LEZ9FA4,00:34:31,2071,Level 3 (Exterior),Eiffel Tower Summit,"eiffel tower level 3 exterior, eiffel tower summit view, paris from eiffel tower",France
fr-0024-h08,fr-0024,France,Île-de-France,Paris,Eiffel Tower,"Paris, France | Eiffel Tower Tour (2020)",paris-eiffel-tower-day-walk-2020,https://youtu.be/Lrj8LEZ9FA4,00:38:00,2280,Elevator Ride to Level 1,Eiffel Tower,"elevator ride to level 1, first floor eiffel tower, tour eiffel first floor",France
fr-0024-h09,fr-0024,France,Île-de-France,Paris,Eiffel Tower,"Paris, France | Eiffel Tower Tour (2020)",paris-eiffel-tower-day-walk-2020,https://youtu.be/Lrj8LEZ9FA4,00:44:23,2663,Level 1,Eiffel Tower Level 1,"eiffel tower level 1, first floor eiffel tower, tour eiffel level 1",France
fr-0024-h10,fr-0024,France,Île-de-France,Paris,Eiffel Tower,"Paris, France | Eiffel Tower Tour (2020)",paris-eiffel-tower-day-walk-2020,https://youtu.be/Lrj8LEZ9FA4,00:49:31,2971,Walking Steps down to Ground Level,Eiffel Tower,"walking steps down to ground level, eiffel tower stairs, descending eiffel tower",France
fr-0024-h11,fr-0024,France,Île-de-France,Paris,Eiffel Tower,"Paris, France | Eiffel Tower Tour (2020)",paris-eiffel-tower-day-walk-2020,https://youtu.be/Lrj8LEZ9FA4,00:52:45,3165,Ground Level,Eiffel Tower,"eiffel tower ground level, back at ground level, tour eiffel exit",France
fr-0025-h01,fr-0025,France,Île-de-France,Chessy,Disneyland Paris,"Disneyland, Paris 4K Tour (2020)",disneyland-paris-tour-2020,https://youtu.be/ALXKzjfWj8E,00:00:00,0,Intro and Map,Disneyland Paris,"disneyland paris, disneyland paris map, disneyland paris intro",France
fr-0025-h02,fr-0025,France,Île-de-France,Chessy,Disneyland Paris,"Disneyland, Paris 4K Tour (2020)",disneyland-paris-tour-2020,https://youtu.be/ALXKzjfWj8E,00:01:22,82,Entrance,Disneyland Paris Entrance,"disneyland paris entrance, park entrance, disneyland gates",France
fr-0025-h03,fr-0025,France,Île-de-France,Chessy,Disneyland Paris,"Disneyland, Paris 4K Tour (2020)",disneyland-paris-tour-2020,https://youtu.be/ALXKzjfWj8E,00:07:35,455,Town Square,Town Square,"town square, disneyland paris town square, main square",France
fr-0025-h04,fr-0025,France,Île-de-France,Chessy,Disneyland Paris,"Disneyland, Paris 4K Tour (2020)",disneyland-paris-tour-2020,https://youtu.be/ALXKzjfWj8E,00:09:18,558,Meet Donald Duck,Donald Duck,"donald duck, meet donald duck, disney character meet",France
fr-0025-h05,fr-0025,France,Île-de-France,Chessy,Disneyland Paris,"Disneyland, Paris 4K Tour (2020)",disneyland-paris-tour-2020,https://youtu.be/ALXKzjfWj8E,00:10:18,618,"Main Street, U.S.A.",Main Street U.S.A.,"main street usa, main street u.s.a., disneyland paris main street",France
fr-0025-h06,fr-0025,France,Île-de-France,Chessy,Disneyland Paris,"Disneyland, Paris 4K Tour (2020)",disneyland-paris-tour-2020,https://youtu.be/ALXKzjfWj8E,00:13:02,782,Meet Winnie the Pooh,Winnie the Pooh,"winnie the pooh, meet winnie the pooh, disney character meet",France
fr-0025-h07,fr-0025,France,Île-de-France,Chessy,Disneyland Paris,"Disneyland, Paris 4K Tour (2020)",disneyland-paris-tour-2020,https://youtu.be/ALXKzjfWj8E,00:14:03,843,Central Plaza,Central Plaza,"central plaza, disneyland paris central plaza, castle hub",France
fr-0025-h08,fr-0025,France,Île-de-France,Chessy,Disneyland Paris,"Disneyland, Paris 4K Tour (2020)",disneyland-paris-tour-2020,https://youtu.be/ALXKzjfWj8E,00:15:53,953,Sleeping Beauty Castle,Sleeping Beauty Castle,"sleeping beauty castle, le château de la belle au bois dormant, disneyland paris castle",France
fr-0025-h09,fr-0025,France,Île-de-France,Chessy,Disneyland Paris,"Disneyland, Paris 4K Tour (2020)",disneyland-paris-tour-2020,https://youtu.be/ALXKzjfWj8E,00:19:11,1151,Fantasyland,Fantasyland,"fantasyland, disneyland paris fantasyland",France
fr-0025-h10,fr-0025,France,Île-de-France,Chessy,Disneyland Paris,"Disneyland, Paris 4K Tour (2020)",disneyland-paris-tour-2020,https://youtu.be/ALXKzjfWj8E,00:23:10,1390,Carousel Ride,Carousel,"carousel ride, disneyland paris carousel, king arthur carousel",France
fr-0025-h11,fr-0025,France,Île-de-France,Chessy,Disneyland Paris,"Disneyland, Paris 4K Tour (2020)",disneyland-paris-tour-2020,https://youtu.be/ALXKzjfWj8E,00:27:20,1640,Alice's Curious Labyrinth,Alice's Curious Labyrinth,"alice's curious labyrinth, alice labyrinth, disneyland paris alice attraction",France
fr-0025-h12,fr-0025,France,Île-de-France,Chessy,Disneyland Paris,"Disneyland, Paris 4K Tour (2020)",disneyland-paris-tour-2020,https://youtu.be/ALXKzjfWj8E,00:36:53,2213,The Land of Fairy Tales Ride,The Land of Fairy Tales,"the land of fairy tales, fairy tales ride, disneyland paris boat ride",France
fr-0025-h13,fr-0025,France,Île-de-France,Chessy,Disneyland Paris,"Disneyland, Paris 4K Tour (2020)",disneyland-paris-tour-2020,https://youtu.be/ALXKzjfWj8E,00:45:56,2756,Casey Jr. The Little Circus Train Ride,Casey Jr. Train,"casey jr, casey jr train, the little circus train ride",France
fr-0025-h14,fr-0025,France,Île-de-France,Chessy,Disneyland Paris,"Disneyland, Paris 4K Tour (2020)",disneyland-paris-tour-2020,https://youtu.be/ALXKzjfWj8E,00:53:46,3226,It's a Small World Ride,It's a Small World,"it's a small world, small world ride, disneyland paris it's a small world",France
fr-0025-h15,fr-0025,France,Île-de-France,Chessy,Disneyland Paris,"Disneyland, Paris 4K Tour (2020)",disneyland-paris-tour-2020,https://youtu.be/ALXKzjfWj8E,01:04:27,3867,Meet Geppetto,Geppetto,"geppetto, meet geppetto, disney character meet",France
fr-0025-h16,fr-0025,France,Île-de-France,Chessy,Disneyland Paris,"Disneyland, Paris 4K Tour (2020)",disneyland-paris-tour-2020,https://youtu.be/ALXKzjfWj8E,01:07:47,4067,Discoveryland,Discoveryland,"discoveryland, disneyland paris discoveryland",France
fr-0025-h17,fr-0025,France,Île-de-France,Chessy,Disneyland Paris,"Disneyland, Paris 4K Tour (2020)",disneyland-paris-tour-2020,https://youtu.be/ALXKzjfWj8E,01:15:52,4552,Autopia Ride,Autopia,"autopia, autopia ride, disneyland paris autopia",France
fr-0025-h18,fr-0025,France,Île-de-France,Chessy,Disneyland Paris,"Disneyland, Paris 4K Tour (2020)",disneyland-paris-tour-2020,https://youtu.be/ALXKzjfWj8E,01:25:06,5106,Central Plaza,Central Plaza,"central plaza, disneyland paris central plaza, castle hub",France
fr-0025-h19,fr-0025,France,Île-de-France,Chessy,Disneyland Paris,"Disneyland, Paris 4K Tour (2020)",disneyland-paris-tour-2020,https://youtu.be/ALXKzjfWj8E,01:26:36,5196,Frontierland,Frontierland,"frontierland, disneyland paris frontierland",France
fr-0025-h20,fr-0025,France,Île-de-France,Chessy,Disneyland Paris,"Disneyland, Paris 4K Tour (2020)",disneyland-paris-tour-2020,https://youtu.be/ALXKzjfWj8E,01:28:47,5327,Mark Twain River Boat Ride,Mark Twain River Boat,"mark twain river boat, mark twain riverboat, disneyland paris river boat",France
fr-0025-h21,fr-0025,France,Île-de-France,Chessy,Disneyland Paris,"Disneyland, Paris 4K Tour (2020)",disneyland-paris-tour-2020,https://youtu.be/ALXKzjfWj8E,01:48:16,6496,Big Thunder Mountain Ride,Big Thunder Mountain,"big thunder mountain, big thunder mountain ride, disneyland paris coaster",France
fr-0025-h22,fr-0025,France,Île-de-France,Chessy,Disneyland Paris,"Disneyland, Paris 4K Tour (2020)",disneyland-paris-tour-2020,https://youtu.be/ALXKzjfWj8E,02:04:47,7487,Adventureland,Adventureland,"adventureland, disneyland paris adventureland",France
fr-0025-h23,fr-0025,France,Île-de-France,Chessy,Disneyland Paris,"Disneyland, Paris 4K Tour (2020)",disneyland-paris-tour-2020,https://youtu.be/ALXKzjfWj8E,02:10:38,7838,Pirates of the Caribbean Ride,Pirates of the Caribbean,"pirates of the caribbean, pirates ride, disneyland paris pirates",France
fr-0025-h24,fr-0025,France,Île-de-France,Chessy,Disneyland Paris,"Disneyland, Paris 4K Tour (2020)",disneyland-paris-tour-2020,https://youtu.be/ALXKzjfWj8E,02:16:08,8168,Fantasyland,Fantasyland,"fantasyland, disneyland paris fantasyland",France
fr-0025-h25,fr-0025,France,Île-de-France,Chessy,Disneyland Paris,"Disneyland, Paris 4K Tour (2020)",disneyland-paris-tour-2020,https://youtu.be/ALXKzjfWj8E,02:16:49,8209,Peter Pan's Flight Ride,Peter Pan's Flight,"peter pan's flight, peter pan ride, disneyland paris peter pan",France
fr-0025-h26,fr-0025,France,Île-de-France,Chessy,Disneyland Paris,"Disneyland, Paris 4K Tour (2020)",disneyland-paris-tour-2020,https://youtu.be/ALXKzjfWj8E,02:24:26,8666,Sleeping Beauty Castle,Sleeping Beauty Castle,"sleeping beauty castle, le château de la belle au bois dormant, disneyland paris castle",France
fr-0025-h27,fr-0025,France,Île-de-France,Chessy,Disneyland Paris,"Disneyland, Paris 4K Tour (2020)",disneyland-paris-tour-2020,https://youtu.be/ALXKzjfWj8E,02:27:10,8830,Main Street U.S.A.,Main Street U.S.A.,"main street usa, main street u.s.a., disneyland paris main street",France
fr-0025-h28,fr-0025,France,Île-de-France,Chessy,Disneyland Paris,"Disneyland, Paris 4K Tour (2020)",disneyland-paris-tour-2020,https://youtu.be/ALXKzjfWj8E,02:28:06,8886,Disney & Co. Store,Disney & Co. Store,"disney and co store, disney & co, disneyland paris shop",France
fr-0025-h29,fr-0025,France,Île-de-France,Chessy,Disneyland Paris,"Disneyland, Paris 4K Tour (2020)",disneyland-paris-tour-2020,https://youtu.be/ALXKzjfWj8E,02:31:57,9117,The Storybook Store,The Storybook Store,"storybook store, the storybook store, disneyland paris shop",France
fr-0025-h30,fr-0025,France,Île-de-France,Chessy,Disneyland Paris,"Disneyland, Paris 4K Tour (2020)",disneyland-paris-tour-2020,https://youtu.be/ALXKzjfWj8E,02:33:18,9198,Train Ride,Disneyland Railroad,"train ride, disneyland railroad, disneyland paris train",France
fr-0025-h31,fr-0025,France,Île-de-France,Chessy,Disneyland Paris,"Disneyland, Paris 4K Tour (2020)",disneyland-paris-tour-2020,https://youtu.be/ALXKzjfWj8E,02:52:24,10344,Exit the Park,Disneyland Paris Exit,"exit the park, disneyland paris exit, park exit",France
fr-0026-h01,fr-0026,France,Alsace (Grand Est),Colmar,Colmar,"Colmar, France Christmas Market Evening Walk (2023)",colmar-christmas-market-evening-walk-2023,https://youtu.be/NMQ4Sy3e-Ec,00:00:00,0,Intro and Map,Colmar,"Colmar Christmas market, Colmar intro, Colmar map",France
fr-0026-h02,fr-0026,France,Alsace (Grand Est),Colmar,Colmar,"Colmar, France Christmas Market Evening Walk (2023)",colmar-christmas-market-evening-walk-2023,https://youtu.be/NMQ4Sy3e-Ec,00:00:52,52,Christmas Market 1 - Place des Dominicains,Place des Dominicains,"place des dominicains, christmas market 1 colmar, dominicans square colmar",France
fr-0026-h03,fr-0026,France,Alsace (Grand Est),Colmar,Colmar,"Colmar, France Christmas Market Evening Walk (2023)",colmar-christmas-market-evening-walk-2023,https://youtu.be/NMQ4Sy3e-Ec,00:09:26,566,Place des Unterlinden,Place des Unterlinden,"place des unterlinden, unterlinden square, colmar old town",France
fr-0026-h04,fr-0026,France,Alsace (Grand Est),Colmar,Colmar,"Colmar, France Christmas Market Evening Walk (2023)",colmar-christmas-market-evening-walk-2023,https://youtu.be/NMQ4Sy3e-Ec,00:14:40,880,Place de la Cathédrale,Place de la Cathédrale,"place de la cathédrale, cathedral square colmar, colmar christmas market",France
fr-0026-h05,fr-0026,France,Alsace (Grand Est),Colmar,Colmar,"Colmar, France Christmas Market Evening Walk (2023)",colmar-christmas-market-evening-walk-2023,https://youtu.be/NMQ4Sy3e-Ec,00:17:48,1068,St Martin's Church,St Martin's Church,"st martin's church, collegiale saint martin, colmar church",France
fr-0026-h06,fr-0026,France,Alsace (Grand Est),Colmar,Colmar,"Colmar, France Christmas Market Evening Walk (2023)",colmar-christmas-market-evening-walk-2023,https://youtu.be/NMQ4Sy3e-Ec,00:27:25,1645,Rue des Marchands,Rue des Marchands,"rue des marchands, colmar old town street, christmas market street",France
fr-0026-h07,fr-0026,France,Alsace (Grand Est),Colmar,Colmar,"Colmar, France Christmas Market Evening Walk (2023)",colmar-christmas-market-evening-walk-2023,https://youtu.be/NMQ4Sy3e-Ec,00:36:27,2187,Christmas Market 2 - Place de l'Ancienne Douane,Place de l'Ancienne Douane,"place de l'ancienne douane, ancienne douane christmas market, colmar market",France
fr-0026-h08,fr-0026,France,Alsace (Grand Est),Colmar,Colmar,"Colmar, France Christmas Market Evening Walk (2023)",colmar-christmas-market-evening-walk-2023,https://youtu.be/NMQ4Sy3e-Ec,00:43:11,2591,Place du 2 Février,Place du 2 Février,"place du 2 février, colmar square, old town colmar",France
fr-0026-h09,fr-0026,France,Alsace (Grand Est),Colmar,Colmar,"Colmar, France Christmas Market Evening Walk (2023)",colmar-christmas-market-evening-walk-2023,https://youtu.be/NMQ4Sy3e-Ec,00:46:36,2796,Christmas Market 3 - Place Jeanne d'Arc,Place Jeanne d'Arc,"place jeanne d'arc, christmas market 3 colmar, jeanne d'arc market colmar",France
fr-0026-h10,fr-0026,France,Alsace (Grand Est),Colmar,Colmar,"Colmar, France Christmas Market Evening Walk (2023)",colmar-christmas-market-evening-walk-2023,https://youtu.be/NMQ4Sy3e-Ec,00:50:56,3056,Grand Rue,Grand Rue,"grand rue, colmar old town street, festive shopping street",France
fr-0026-h11,fr-0026,France,Alsace (Grand Est),Colmar,Colmar,"Colmar, France Christmas Market Evening Walk (2023)",colmar-christmas-market-evening-walk-2023,https://youtu.be/NMQ4Sy3e-Ec,00:55:12,3312,Christmas Market 2 - Place de l'Ancienne Douane,Place de l'Ancienne Douane,"place de l'ancienne douane, ancienne douane christmas market, return to ancienne douane",France
fr-0026-h12,fr-0026,France,Alsace (Grand Est),Colmar,Colmar,"Colmar, France Christmas Market Evening Walk (2023)",colmar-christmas-market-evening-walk-2023,https://youtu.be/NMQ4Sy3e-Ec,00:58:27,3507,Rue Des Tanneurs,Rue Des Tanneurs,"rue des tanneurs, tanners street colmar, petite venise street",France
fr-0026-h13,fr-0026,France,Alsace (Grand Est),Colmar,Colmar,"Colmar, France Christmas Market Evening Walk (2023)",colmar-christmas-market-evening-walk-2023,https://youtu.be/NMQ4Sy3e-Ec,01:00:56,3656,Gourmet Market,Gourmet Market,"gourmet market, marche gourmand colmar, colmar food market",France
fr-0026-h14,fr-0026,France,Alsace (Grand Est),Colmar,Colmar,"Colmar, France Christmas Market Evening Walk (2023)",colmar-christmas-market-evening-walk-2023,https://youtu.be/NMQ4Sy3e-Ec,01:05:25,3925,Little Venice,Little Venice,"little venice colmar, petite venise, colmar canals",France
fr-0026-h15,fr-0026,France,Alsace (Grand Est),Colmar,Colmar,"Colmar, France Christmas Market Evening Walk (2023)",colmar-christmas-market-evening-walk-2023,https://youtu.be/NMQ4Sy3e-Ec,01:09:15,4155,Covered Market,Covered Market,"covered market colmar, marche couvert colmar, colmar market hall",France
fr-0026-h16,fr-0026,France,Alsace (Grand Est),Colmar,Colmar,"Colmar, France Christmas Market Evening Walk (2023)",colmar-christmas-market-evening-walk-2023,https://youtu.be/NMQ4Sy3e-Ec,01:21:24,4884,Christmas Market 4 - Place des Six Montagnes Noires,Place des Six Montagnes Noires,"place des six montagnes noires, christmas market 4 colmar, little venice christmas market",France
fr-0026-h17,fr-0026,France,Alsace (Grand Est),Colmar,Colmar,"Colmar, France Christmas Market Evening Walk (2023)",colmar-christmas-market-evening-walk-2023,https://youtu.be/NMQ4Sy3e-Ec,01:30:04,5404,Grand Rue,Grand Rue,"grand rue, colmar old town street, colmar shopping street",France
fr-0026-h18,fr-0026,France,Alsace (Grand Est),Colmar,Colmar,"Colmar, France Christmas Market Evening Walk (2023)",colmar-christmas-market-evening-walk-2023,https://youtu.be/NMQ4Sy3e-Ec,01:33:25,5605,Christmas Market 5 - Place du Marché aux Fruits,Place du Marché aux Fruits,"place du marché aux fruits, christmas market 5 colmar, marche aux fruits colmar",France
fr-0026-h19,fr-0026,France,Alsace (Grand Est),Colmar,Colmar,"Colmar, France Christmas Market Evening Walk (2023)",colmar-christmas-market-evening-walk-2023,https://youtu.be/NMQ4Sy3e-Ec,01:38:07,5887,Rue de l'Église,Rue de l'Église,"rue de l'église, rue de l'eglise, colmar old town street",France
fr-0026-h20,fr-0026,France,Alsace (Grand Est),Colmar,Colmar,"Colmar, France Christmas Market Evening Walk (2023)",colmar-christmas-market-evening-walk-2023,https://youtu.be/NMQ4Sy3e-Ec,01:40:19,6019,Place de la Cathédrale,Place de la Cathédrale,"place de la cathédrale, cathedral square colmar, return to cathedral square",France
fr-0026-h21,fr-0026,France,Alsace (Grand Est),Colmar,Colmar,"Colmar, France Christmas Market Evening Walk (2023)",colmar-christmas-market-evening-walk-2023,https://youtu.be/NMQ4Sy3e-Ec,01:44:42,6282,Rue des Serruriers,Rue des Serruriers,"rue des serruriers, colmar street, old town colmar",France
fr-0026-h22,fr-0026,France,Alsace (Grand Est),Colmar,Colmar,"Colmar, France Christmas Market Evening Walk (2023)",colmar-christmas-market-evening-walk-2023,https://youtu.be/NMQ4Sy3e-Ec,01:45:50,6350,Christmas Market 1 - Place des Dominicains,Place des Dominicains,"place des dominicains, christmas market 1 colmar, dominicans square return",France
fr-0027-h01,fr-0027,France,Alsace (Grand Est),Colmar,Colmar,"Colmar, France Christmas Market Day Walk (2023)",colmar-christmas-market-day-walk-2023,https://youtu.be/kjY8okFmuZo,00:00:00,0,Intro and Map,Colmar,"Colmar Christmas market, Colmar intro, Colmar map",France
fr-0027-h02,fr-0027,France,Alsace (Grand Est),Colmar,Colmar,"Colmar, France Christmas Market Day Walk (2023)",colmar-christmas-market-day-walk-2023,https://youtu.be/kjY8okFmuZo,00:00:52,52,Place des Unterlinden,Place des Unterlinden,"place des unterlinden, unterlinden square, colmar old town",France
fr-0027-h03,fr-0027,France,Alsace (Grand Est),Colmar,Colmar,"Colmar, France Christmas Market Day Walk (2023)",colmar-christmas-market-day-walk-2023,https://youtu.be/kjY8okFmuZo,00:06:25,385,Place des Martyrs de la Résistance,Place des Martyrs de la Résistance,"place des martyrs de la résistance, place des martyrs de la resistance, colmar square",France
fr-0027-h04,fr-0027,France,Alsace (Grand Est),Colmar,Colmar,"Colmar, France Christmas Market Day Walk (2023)",colmar-christmas-market-day-walk-2023,https://youtu.be/kjY8okFmuZo,00:10:04,604,Place des Dominicains,Place des Dominicains,"place des dominicains, dominicans square colmar, christmas market colmar",France
fr-0027-h05,fr-0027,France,Alsace (Grand Est),Colmar,Colmar,"Colmar, France Christmas Market Day Walk (2023)",colmar-christmas-market-day-walk-2023,https://youtu.be/kjY8okFmuZo,00:21:00,1260,Place de la Cathédrale,Place de la Cathédrale,"place de la cathédrale, cathedral square colmar, colmar christmas market",France
fr-0027-h06,fr-0027,France,Alsace (Grand Est),Colmar,Colmar,"Colmar, France Christmas Market Day Walk (2023)",colmar-christmas-market-day-walk-2023,https://youtu.be/kjY8okFmuZo,00:24:44,1484,St Martin's Church,St Martin's Church,"st martin's church, collegiale saint martin, colmar church",France
fr-0027-h07,fr-0027,France,Alsace (Grand Est),Colmar,Colmar,"Colmar, France Christmas Market Day Walk (2023)",colmar-christmas-market-day-walk-2023,https://youtu.be/kjY8okFmuZo,00:37:43,2263,Rue des Marchands,Rue des Marchands,"rue des marchands, colmar old town street, christmas market street",France
fr-0027-h08,fr-0027,France,Alsace (Grand Est),Colmar,Colmar,"Colmar, France Christmas Market Day Walk (2023)",colmar-christmas-market-day-walk-2023,https://youtu.be/kjY8okFmuZo,00:50:14,3014,Place de l'Ancienne Douane,Place de l'Ancienne Douane,"place de l'ancienne douane, ancienne douane christmas market, colmar market",France
fr-0027-h09,fr-0027,France,Alsace (Grand Est),Colmar,Colmar,"Colmar, France Christmas Market Day Walk (2023)",colmar-christmas-market-day-walk-2023,https://youtu.be/kjY8okFmuZo,00:58:15,3495,Place du 2 Février,Place du 2 Février,"place du 2 février, colmar square, old town colmar",France
fr-0027-h10,fr-0027,France,Alsace (Grand Est),Colmar,Colmar,"Colmar, France Christmas Market Day Walk (2023)",colmar-christmas-market-day-walk-2023,https://youtu.be/kjY8okFmuZo,01:00:57,3657,Place Jeanne d'Arc,Place Jeanne d'Arc,"place jeanne d'arc, jeanne d'arc square colmar, christmas market colmar",France
fr-0027-h11,fr-0027,France,Alsace (Grand Est),Colmar,Colmar,"Colmar, France Christmas Market Day Walk (2023)",colmar-christmas-market-day-walk-2023,https://youtu.be/kjY8okFmuZo,01:07:22,4042,Grand Rue,Grand Rue,"grand rue, colmar old town street, festive shopping street",France
fr-0027-h12,fr-0027,France,Alsace (Grand Est),Colmar,Colmar,"Colmar, France Christmas Market Day Walk (2023)",colmar-christmas-market-day-walk-2023,https://youtu.be/kjY8okFmuZo,01:11:37,4297,Place de l'Ancienne Douane,Place de l'Ancienne Douane,"place de l'ancienne douane, ancienne douane christmas market, return to ancienne douane",France
fr-0027-h13,fr-0027,France,Alsace (Grand Est),Colmar,Colmar,"Colmar, France Christmas Market Day Walk (2023)",colmar-christmas-market-day-walk-2023,https://youtu.be/kjY8okFmuZo,01:15:29,4529,Rue Des Tanneurs,Rue Des Tanneurs,"rue des tanneurs, tanners street colmar, petite venise street",France
fr-0027-h14,fr-0027,France,Alsace (Grand Est),Colmar,Colmar,"Colmar, France Christmas Market Day Walk (2023)",colmar-christmas-market-day-walk-2023,https://youtu.be/kjY8okFmuZo,01:18:48,4728,Gourmet Market,Gourmet Market,"gourmet market, marche gourmand colmar, colmar food market",France
fr-0027-h15,fr-0027,France,Alsace (Grand Est),Colmar,Colmar,"Colmar, France Christmas Market Day Walk (2023)",colmar-christmas-market-day-walk-2023,https://youtu.be/kjY8okFmuZo,01:23:59,5039,Little Venice,Little Venice,"little venice colmar, petite venise, colmar canals",France
fr-0027-h16,fr-0027,France,Alsace (Grand Est),Colmar,Colmar,"Colmar, France Christmas Market Day Walk (2023)",colmar-christmas-market-day-walk-2023,https://youtu.be/kjY8okFmuZo,01:27:50,5270,Covered Market,Covered Market,"covered market colmar, marche couvert colmar, colmar market hall",France
fr-0027-h17,fr-0027,France,Alsace (Grand Est),Colmar,Colmar,"Colmar, France Christmas Market Day Walk (2023)",colmar-christmas-market-day-walk-2023,https://youtu.be/kjY8okFmuZo,01:38:20,5900,Place des Six Montagnes Noires,Place des Six Montagnes Noires,"place des six montagnes noires, little venice christmas market, colmar market",France
fr-0027-h18,fr-0027,France,Alsace (Grand Est),Colmar,Colmar,"Colmar, France Christmas Market Day Walk (2023)",colmar-christmas-market-day-walk-2023,https://youtu.be/kjY8okFmuZo,01:46:03,6363,Grand Rue,Grand Rue,"grand rue, colmar old town street, colmar shopping street",France
fr-0027-h19,fr-0027,France,Alsace (Grand Est),Colmar,Colmar,"Colmar, France Christmas Market Day Walk (2023)",colmar-christmas-market-day-walk-2023,https://youtu.be/kjY8okFmuZo,01:49:22,6562,Place du Marché aux Fruits,Place du Marché aux Fruits,"place du marché aux fruits, marche aux fruits colmar, christmas market colmar",France
fr-0027-h20,fr-0027,France,Alsace (Grand Est),Colmar,Colmar,"Colmar, France Christmas Market Day Walk (2023)",colmar-christmas-market-day-walk-2023,https://youtu.be/kjY8okFmuZo,01:54:10,6850,Rue de l'Église,Rue de l'Église,"rue de l'église, rue de l'eglise, colmar old town street",France
fr-0027-h21,fr-0027,France,Alsace (Grand Est),Colmar,Colmar,"Colmar, France Christmas Market Day Walk (2023)",colmar-christmas-market-day-walk-2023,https://youtu.be/kjY8okFmuZo,01:56:57,7017,Place de la Cathédrale,Place de la Cathédrale,"place de la cathédrale, cathedral square colmar, return to cathedral square",France
fr-0027-h22,fr-0027,France,Alsace (Grand Est),Colmar,Colmar,"Colmar, France Christmas Market Day Walk (2023)",colmar-christmas-market-day-walk-2023,https://youtu.be/kjY8okFmuZo,02:00:52,7252,Rue des Serruriers,Rue des Serruriers,"rue des serruriers, colmar street, old town colmar",France
fr-0027-h23,fr-0027,France,Alsace (Grand Est),Colmar,Colmar,"Colmar, France Christmas Market Day Walk (2023)",colmar-christmas-market-day-walk-2023,https://youtu.be/kjY8okFmuZo,02:02:25,7345,Place des Dominicains,Place des Dominicains,"place des dominicains, dominicans square colmar, return to dominicans square",France
fr-0027-h24,fr-0027,France,Alsace (Grand Est),Colmar,Colmar,"Colmar, France Christmas Market Day Walk (2023)",colmar-christmas-market-day-walk-2023,https://youtu.be/kjY8okFmuZo,02:05:18,7518,Place des Martyrs de la Résistance,Place des Martyrs de la Résistance,"place des martyrs de la résistance, place des martyrs de la resistance, return to martyrs square",France
fr-0028-h01,fr-0028,France,Alsace (Grand Est),Kaysersberg,Kaysersberg,"Kaysersberg, France Christmas Market 360° VR Walk (2025)",kaysersberg-christmas-market-360-tour-2025,https://youtu.be/6KwYy8woxV4,00:00:00,0,Rue du Général de Gaullet,Rue du Général de Gaullet,"rue du général de gaullet, rue du général de gaulle, kaysersberg old town street",France
fr-0028-h02,fr-0028,France,Alsace (Grand Est),Kaysersberg,Kaysersberg,"Kaysersberg, France Christmas Market 360° VR Walk (2025)",kaysersberg-christmas-market-360-tour-2025,https://youtu.be/6KwYy8woxV4,00:02:24,144,Place de la Mairie - Farmers Market,Place de la Mairie,"place de la mairie, farmers market kaysersberg, town hall square kaysersberg",France
fr-0028-h03,fr-0028,France,Alsace (Grand Est),Kaysersberg,Kaysersberg,"Kaysersberg, France Christmas Market 360° VR Walk (2025)",kaysersberg-christmas-market-360-tour-2025,https://youtu.be/6KwYy8woxV4,00:05:55,355,Church of the Holy Cross,Church of the Holy Cross,"church of the holy cross, église sainte-croix, kaysersberg church",France
fr-0028-h04,fr-0028,France,Alsace (Grand Est),Kaysersberg,Kaysersberg,"Kaysersberg, France Christmas Market 360° VR Walk (2025)",kaysersberg-christmas-market-360-tour-2025,https://youtu.be/6KwYy8woxV4,00:06:53,413,Marché de Noël Christmas Market,Marché de Noël,"marché de noël, christmas market kaysersberg, kaysersberg christmas market",France
fr-0028-h05,fr-0028,France,Alsace (Grand Est),Kaysersberg,Kaysersberg,"Kaysersberg, France Christmas Market 360° VR Walk (2025)",kaysersberg-christmas-market-360-tour-2025,https://youtu.be/6KwYy8woxV4,00:11:14,674,Constantine Fountain,Constantine Fountain,"constantine fountain, fontaine constantin, kaysersberg fountain",France
fr-0028-h06,fr-0028,France,Alsace (Grand Est),Kaysersberg,Kaysersberg,"Kaysersberg, France Christmas Market 360° VR Walk (2025)",kaysersberg-christmas-market-360-tour-2025,https://youtu.be/6KwYy8woxV4,00:13:33,813,Petit Marché de Noël Christmas Market,Petit Marché de Noël,"petit marché de noël, small christmas market kaysersberg, kaysersberg market",France
fr-0028-h07,fr-0028,France,Alsace (Grand Est),Kaysersberg,Kaysersberg,"Kaysersberg, France Christmas Market 360° VR Walk (2025)",kaysersberg-christmas-market-360-tour-2025,https://youtu.be/6KwYy8woxV4,00:17:28,1048,Christmas Street,Christmas Street,"christmas street kaysersberg, festive street kaysersberg, old town christmas lights",France
fr-0028-h08,fr-0028,France,Alsace (Grand Est),Kaysersberg,Kaysersberg,"Kaysersberg, France Christmas Market 360° VR Walk (2025)",kaysersberg-christmas-market-360-tour-2025,https://youtu.be/6KwYy8woxV4,00:19:09,1149,Pont Fortifié,Pont Fortifié,"pont fortifié, fortified bridge kaysersberg, kaysersberg bridge",France
fr-0028-h09,fr-0028,France,Alsace (Grand Est),Kaysersberg,Kaysersberg,"Kaysersberg, France Christmas Market 360° VR Walk (2025)",kaysersberg-christmas-market-360-tour-2025,https://youtu.be/6KwYy8woxV4,00:23:00,1380,Rue du Général de Gaullet,Rue du Général de Gaullet,"rue du général de gaullet, rue du général de gaulle, kaysersberg main street",France
fr-0028-h10,fr-0028,France,Alsace (Grand Est),Kaysersberg,Kaysersberg,"Kaysersberg, France Christmas Market 360° VR Walk (2025)",kaysersberg-christmas-market-360-tour-2025,https://youtu.be/6KwYy8woxV4,00:32:27,1947,Rue des Forgerons,Rue des Forgerons,"rue des forgerons, blacksmith street kaysersberg, kaysersberg old town street",France
fr-0028-h11,fr-0028,France,Alsace (Grand Est),Kaysersberg,Kaysersberg,"Kaysersberg, France Christmas Market 360° VR Walk (2025)",kaysersberg-christmas-market-360-tour-2025,https://youtu.be/6KwYy8woxV4,00:35:24,2124,Stadttor (Medieval Town Gate),Stadttor,"stadttor, medieval town gate kaysersberg, town gate kaysersberg",France
fr-0028-h12,fr-0028,France,Alsace (Grand Est),Kaysersberg,Kaysersberg,"Kaysersberg, France Christmas Market 360° VR Walk (2025)",kaysersberg-christmas-market-360-tour-2025,https://youtu.be/6KwYy8woxV4,00:36:37,2197,Rue des Forgerons,Rue des Forgerons,"rue des forgerons, blacksmith street kaysersberg, return to rue des forgerons",France
fr-0028-h13,fr-0028,France,Alsace (Grand Est),Kaysersberg,Kaysersberg,"Kaysersberg, France Christmas Market 360° VR Walk (2025)",kaysersberg-christmas-market-360-tour-2025,https://youtu.be/6KwYy8woxV4,00:38:00,2280,Pont Fortifié,Pont Fortifié,"pont fortifié, fortified bridge kaysersberg, return to bridge",France
fr-0028-h14,fr-0028,France,Alsace (Grand Est),Kaysersberg,Kaysersberg,"Kaysersberg, France Christmas Market 360° VR Walk (2025)",kaysersberg-christmas-market-360-tour-2025,https://youtu.be/6KwYy8woxV4,00:38:23,2303,Rue du Général de Gaullet,Rue du Général de Gaullet,"rue du général de gaullet, rue du général de gaulle, kaysersberg finale",France
fr-0029-h01,fr-0029,France,Alsace (Grand Est),Kaysersberg,Kaysersberg,"Kaysersberg, France Christmas Market Day Walk (2025)",kaysersberg-christmas-market-day-walk-2025,https://youtu.be/nViNTHYAgXg,00:00:00,0,Intro and Map,Kaysersberg,"Kaysersberg Christmas market, Kaysersberg intro, Kaysersberg map",France
fr-0029-h02,fr-0029,France,Alsace (Grand Est),Kaysersberg,Kaysersberg,"Kaysersberg, France Christmas Market Day Walk (2025)",kaysersberg-christmas-market-day-walk-2025,https://youtu.be/nViNTHYAgXg,00:00:52,52,Rue du Général de Gaullet,Rue du Général de Gaullet,"rue du général de gaullet, rue du général de gaulle, kaysersberg old town street",France
fr-0029-h03,fr-0029,France,Alsace (Grand Est),Kaysersberg,Kaysersberg,"Kaysersberg, France Christmas Market Day Walk (2025)",kaysersberg-christmas-market-day-walk-2025,https://youtu.be/nViNTHYAgXg,00:05:02,302,Place de la Mairie - Farmers Market,Place de la Mairie,"place de la mairie, farmers market kaysersberg, town hall square kaysersberg",France
fr-0029-h04,fr-0029,France,Alsace (Grand Est),Kaysersberg,Kaysersberg,"Kaysersberg, France Christmas Market Day Walk (2025)",kaysersberg-christmas-market-day-walk-2025,https://youtu.be/nViNTHYAgXg,00:09:49,589,Marché de Noël Christmas Market,Marché de Noël,"marché de noël, christmas market kaysersberg, kaysersberg christmas market",France
fr-0029-h05,fr-0029,France,Alsace (Grand Est),Kaysersberg,Kaysersberg,"Kaysersberg, France Christmas Market Day Walk (2025)",kaysersberg-christmas-market-day-walk-2025,https://youtu.be/nViNTHYAgXg,00:14:02,842,First French Army Memorial Cemetery,First French Army Memorial Cemetery,"first french army memorial cemetery, memorial cemetery kaysersberg, french army memorial",France
fr-0029-h06,fr-0029,France,Alsace (Grand Est),Kaysersberg,Kaysersberg,"Kaysersberg, France Christmas Market Day Walk (2025)",kaysersberg-christmas-market-day-walk-2025,https://youtu.be/nViNTHYAgXg,00:17:24,1044,Church of the Holy Cross,Church of the Holy Cross,"church of the holy cross, église sainte-croix, kaysersberg church",France
fr-0029-h07,fr-0029,France,Alsace (Grand Est),Kaysersberg,Kaysersberg,"Kaysersberg, France Christmas Market Day Walk (2025)",kaysersberg-christmas-market-day-walk-2025,https://youtu.be/nViNTHYAgXg,00:21:54,1314,Constantine Fountain,Constantine Fountain,"constantine fountain, fontaine constantin, kaysersberg fountain",France
fr-0029-h08,fr-0029,France,Alsace (Grand Est),Kaysersberg,Kaysersberg,"Kaysersberg, France Christmas Market Day Walk (2025)",kaysersberg-christmas-market-day-walk-2025,https://youtu.be/nViNTHYAgXg,00:27:00,1620,Rue du Collège,Rue du Collège,"rue du collège, rue du college, kaysersberg street",France
fr-0029-h09,fr-0029,France,Alsace (Grand Est),Kaysersberg,Kaysersberg,"Kaysersberg, France Christmas Market Day Walk (2025)",kaysersberg-christmas-market-day-walk-2025,https://youtu.be/nViNTHYAgXg,00:27:57,1677,Old Wash House on River,Old Wash House,"old wash house on river, wash house kaysersberg, riverside wash house",France
fr-0029-h10,fr-0029,France,Alsace (Grand Est),Kaysersberg,Kaysersberg,"Kaysersberg, France Christmas Market Day Walk (2025)",kaysersberg-christmas-market-day-walk-2025,https://youtu.be/nViNTHYAgXg,00:39:21,2361,Pont Fortifié,Pont Fortifié,"pont fortifié, fortified bridge kaysersberg, kaysersberg bridge",France
fr-0029-h11,fr-0029,France,Alsace (Grand Est),Kaysersberg,Kaysersberg,"Kaysersberg, France Christmas Market Day Walk (2025)",kaysersberg-christmas-market-day-walk-2025,https://youtu.be/nViNTHYAgXg,00:47:45,2865,Rue du Général de Gaullet,Rue du Général de Gaullet,"rue du général de gaullet, rue du général de gaulle, kaysersberg main street",France
fr-0029-h12,fr-0029,France,Alsace (Grand Est),Kaysersberg,Kaysersberg,"Kaysersberg, France Christmas Market Day Walk (2025)",kaysersberg-christmas-market-day-walk-2025,https://youtu.be/nViNTHYAgXg,00:59:09,3549,Rue des Forgerons,Rue des Forgerons,"rue des forgerons, blacksmith street kaysersberg, kaysersberg old town street",France
fr-0029-h13,fr-0029,France,Alsace (Grand Est),Kaysersberg,Kaysersberg,"Kaysersberg, France Christmas Market Day Walk (2025)",kaysersberg-christmas-market-day-walk-2025,https://youtu.be/nViNTHYAgXg,01:01:12,3672,Stadttor (Medieval Town Gate),Stadttor,"stadttor, medieval town gate kaysersberg, town gate kaysersberg",France
fr-0029-h14,fr-0029,France,Alsace (Grand Est),Kaysersberg,Kaysersberg,"Kaysersberg, France Christmas Market Day Walk (2025)",kaysersberg-christmas-market-day-walk-2025,https://youtu.be/nViNTHYAgXg,01:03:30,3810,Rue des Forgerons,Rue des Forgerons,"rue des forgerons, blacksmith street kaysersberg, return to rue des forgerons",France
fr-0029-h15,fr-0029,France,Alsace (Grand Est),Kaysersberg,Kaysersberg,"Kaysersberg, France Christmas Market Day Walk (2025)",kaysersberg-christmas-market-day-walk-2025,https://youtu.be/nViNTHYAgXg,01:05:44,3944,Pont Fortifié,Pont Fortifié,"pont fortifié, fortified bridge kaysersberg, return to bridge",France
fr-0029-h16,fr-0029,France,Alsace (Grand Est),Kaysersberg,Kaysersberg,"Kaysersberg, France Christmas Market Day Walk (2025)",kaysersberg-christmas-market-day-walk-2025,https://youtu.be/nViNTHYAgXg,01:08:45,4125,Rue du Général de Gaullet,Rue du Général de Gaullet,"rue du général de gaullet, rue du général de gaulle, kaysersberg finale",France
fr-0029-h17,fr-0029,France,Alsace (Grand Est),Kaysersberg,Kaysersberg,"Kaysersberg, France Christmas Market Day Walk (2025)",kaysersberg-christmas-market-day-walk-2025,https://youtu.be/nViNTHYAgXg,01:22:13,4933,Wine Vineyard,Wine Vineyard,"wine vineyard kaysersberg, kaysersberg vineyard, alsace vineyard",France
fr-0030-h01,fr-0030,France,Alsace (Grand Est),Ribeauvillé,Ribeauvillé,"Ribeauvillé, France Medieval Christmas Market Walk (2025)",ribeauville-day-walk-2025,https://youtu.be/4AYDKWizfmY,00:00:00,0,Intro,Ribeauvillé,"Ribeauvillé medieval christmas market, Ribeauvillé intro, Ribeauvillé map",France
fr-0030-h02,fr-0030,France,Alsace (Grand Est),Ribeauvillé,Ribeauvillé,"Ribeauvillé, France Medieval Christmas Market Walk (2025)",ribeauville-day-walk-2025,https://youtu.be/4AYDKWizfmY,00:00:37,37,Medieval Market at Place de la République,Place de la République,"medieval market at place de la république, place de la république ribeauvillé, ribeauville medieval market",France
fr-0030-h03,fr-0030,France,Alsace (Grand Est),Ribeauvillé,Ribeauvillé,"Ribeauvillé, France Medieval Christmas Market Walk (2025)",ribeauville-day-walk-2025,https://youtu.be/4AYDKWizfmY,00:11:09,669,Viking Village at Place du Bouc,Place du Bouc,"viking village at place du bouc, place du bouc ribeauvillé, ribeauville viking village",France
fr-0030-h04,fr-0030,France,Alsace (Grand Est),Ribeauvillé,Ribeauvillé,"Ribeauvillé, France Medieval Christmas Market Walk (2025)",ribeauville-day-walk-2025,https://youtu.be/4AYDKWizfmY,00:28:19,1699,Sipp Courtyard,Sipp Courtyard,"sipp courtyard, courtyard ribeauvillé, medieval courtyard ribeauville",France
fr-0030-h05,fr-0030,France,Alsace (Grand Est),Ribeauvillé,Ribeauvillé,"Ribeauvillé, France Medieval Christmas Market Walk (2025)",ribeauville-day-walk-2025,https://youtu.be/4AYDKWizfmY,00:42:38,2558,Place de la Sinne,Place de la Sinne,"place de la sinne, ribeauvillé square, old town square ribeauville",France
fr-0030-h06,fr-0030,France,Alsace (Grand Est),Ribeauvillé,Ribeauvillé,"Ribeauvillé, France Medieval Christmas Market Walk (2025)",ribeauville-day-walk-2025,https://youtu.be/4AYDKWizfmY,00:46:11,2771,Cour du Grand Bailli,Cour du Grand Bailli,"cour du grand bailli, ribeauvillé courtyard, medieval courtyard ribeauville",France
fr-0030-h07,fr-0030,France,Alsace (Grand Est),Ribeauvillé,Ribeauvillé,"Ribeauvillé, France Medieval Christmas Market Walk (2025)",ribeauville-day-walk-2025,https://youtu.be/4AYDKWizfmY,01:01:35,3695,Salle de la Tour des Bouchers,Salle de la Tour des Bouchers,"salle de la tour des bouchers, tower of the butchers hall, ribeauvillé medieval hall",France
fr-0030-h08,fr-0030,France,Alsace (Grand Est),Ribeauvillé,Ribeauvillé,"Ribeauvillé, France Medieval Christmas Market Walk (2025)",ribeauville-day-walk-2025,https://youtu.be/4AYDKWizfmY,01:01:56,3716,Food and Smiles at the Apple Hut,Apple Hut,"food and smiles at the apple hut, apple hut ribeauvillé, christmas market food stall",France
fr-0030-h09,fr-0030,France,Alsace (Grand Est),Ribeauvillé,Ribeauvillé,"Ribeauvillé, France Medieval Christmas Market Walk (2025)",ribeauville-day-walk-2025,https://youtu.be/4AYDKWizfmY,01:06:02,3962,Place de l’Hotel de Ville,Place de l’Hotel de Ville,"place de l’hotel de ville, place de l'hotel de ville, town hall square ribeauvillé",France
fr-0030-h10,fr-0030,France,Alsace (Grand Est),Ribeauvillé,Ribeauvillé,"Ribeauvillé, France Medieval Christmas Market Walk (2025)",ribeauville-day-walk-2025,https://youtu.be/4AYDKWizfmY,01:33:26,5606,Cour de la Médiathèque,Cour de la Médiathèque,"cour de la médiathèque, cour de la mediatheque, ribeauvillé courtyard",France
fr-0030-h11,fr-0030,France,Alsace (Grand Est),Ribeauvillé,Ribeauvillé,"Ribeauvillé, France Medieval Christmas Market Walk (2025)",ribeauville-day-walk-2025,https://youtu.be/4AYDKWizfmY,01:42:38,6158,Place de la 1ère Armée,Place de la 1ère Armée,"place de la 1ère armée, place de la 1ere armee, ribeauvillé square",France
fr-0030-h12,fr-0030,France,Alsace (Grand Est),Ribeauvillé,Ribeauvillé,"Ribeauvillé, France Medieval Christmas Market Walk (2025)",ribeauville-day-walk-2025,https://youtu.be/4AYDKWizfmY,01:50:44,6644,Place Gouraud,Place Gouraud,"place gouraud, ribeauvillé square, old town ribeauville",France
fr-0031-h01,fr-0031,France,Alsace (Grand Est),Ribeauvillé,Ribeauvillé,"Ribeauvillé, France Christmas Market 360° Walk (2025)",ribeauville-360-walk-2025,https://youtu.be/ccCz_dKYS5c,00:00:00,0,Intro,Ribeauvillé,"Ribeauvillé 360 VR walk, Ribeauvillé intro, Ribeauvillé Christmas market",France
fr-0031-h02,fr-0031,France,Alsace (Grand Est),Ribeauvillé,Ribeauvillé,"Ribeauvillé, France Christmas Market 360° Walk (2025)",ribeauville-360-walk-2025,https://youtu.be/ccCz_dKYS5c,00:02:37,157,Farm Animals,Farm Animals,"farm animals, christmas market animals, ribeauvillé medieval market",France
fr-0031-h03,fr-0031,France,Alsace (Grand Est),Ribeauvillé,Ribeauvillé,"Ribeauvillé, France Christmas Market 360° Walk (2025)",ribeauville-360-walk-2025,https://youtu.be/ccCz_dKYS5c,00:03:37,217,Apple Grinder,Apple Grinder,"apple grinder, cider grinder, medieval market demonstration",France
fr-0031-h04,fr-0031,France,Alsace (Grand Est),Ribeauvillé,Ribeauvillé,"Ribeauvillé, France Christmas Market 360° Walk (2025)",ribeauville-360-walk-2025,https://youtu.be/ccCz_dKYS5c,00:10:24,624,Inside Snack Shop,Snack Shop,"inside snack shop, food stall, christmas market snack shop",France
fr-0031-h05,fr-0031,France,Alsace (Grand Est),Ribeauvillé,Ribeauvillé,"Ribeauvillé, France Christmas Market 360° Walk (2025)",ribeauville-360-walk-2025,https://youtu.be/ccCz_dKYS5c,00:11:15,675,Place de la 1ère Armée,Place de la 1ère Armée,"place de la 1ère armée, place de la 1ere armee, ribeauvillé square",France
fr-0031-h06,fr-0031,France,Alsace (Grand Est),Ribeauvillé,Ribeauvillé,"Ribeauvillé, France Christmas Market 360° Walk (2025)",ribeauville-360-walk-2025,https://youtu.be/ccCz_dKYS5c,00:19:22,1162,Going Inside a Church,Church,"going inside a church, church interior, ribeauvillé church",France
fr-0031-h07,fr-0031,France,Alsace (Grand Est),Ribeauvillé,Ribeauvillé,"Ribeauvillé, France Christmas Market 360° Walk (2025)",ribeauville-360-walk-2025,https://youtu.be/ccCz_dKYS5c,00:20:55,1255,Going Inside a Cheese Shop,Cheese Shop,"going inside a cheese shop, cheese shop ribeauvillé, market cheese shop",France
fr-0031-h08,fr-0031,France,Alsace (Grand Est),Ribeauvillé,Ribeauvillé,"Ribeauvillé, France Christmas Market 360° Walk (2025)",ribeauville-360-walk-2025,https://youtu.be/ccCz_dKYS5c,00:23:22,1402,Looking Inside Souvenir Shop,Souvenir Shop,"looking inside souvenir shop, souvenir shop ribeauvillé, christmas market shop",France
fr-0031-h09,fr-0031,France,Alsace (Grand Est),Ribeauvillé,Ribeauvillé,"Ribeauvillé, France Christmas Market 360° Walk (2025)",ribeauville-360-walk-2025,https://youtu.be/ccCz_dKYS5c,00:25:12,1512,Place de l’Hotel de Ville,Place de l’Hotel de Ville,"place de l’hotel de ville, place de l'hotel de ville, town hall square ribeauvillé",France
fr-0031-h10,fr-0031,France,Alsace (Grand Est),Ribeauvillé,Ribeauvillé,"Ribeauvillé, France Christmas Market 360° Walk (2025)",ribeauville-360-walk-2025,https://youtu.be/ccCz_dKYS5c,00:30:14,1814,Salle de la Tour des Bouchers,Salle de la Tour des Bouchers,"salle de la tour des bouchers, tower of the butchers hall, ribeauvillé medieval hall",France
fr-0031-h11,fr-0031,France,Alsace (Grand Est),Ribeauvillé,Ribeauvillé,"Ribeauvillé, France Christmas Market 360° Walk (2025)",ribeauville-360-walk-2025,https://youtu.be/ccCz_dKYS5c,00:31:04,1864,Apple Treats,Apple Treats,"apple treats, christmas market apple treats, festive food stall",France
fr-0031-h12,fr-0031,France,Alsace (Grand Est),Ribeauvillé,Ribeauvillé,"Ribeauvillé, France Christmas Market 360° Walk (2025)",ribeauville-360-walk-2025,https://youtu.be/ccCz_dKYS5c,00:35:05,2105,Inside Bread Shop,Bread Shop,"inside bread shop, bread shop ribeauvillé, christmas market bakery",France
fr-0031-h13,fr-0031,France,Alsace (Grand Est),Ribeauvillé,Ribeauvillé,"Ribeauvillé, France Christmas Market 360° Walk (2025)",ribeauville-360-walk-2025,https://youtu.be/ccCz_dKYS5c,00:36:34,2194,Place de la Sinne,Place de la Sinne,"place de la sinne, ribeauvillé square, old town square ribeauville",France
fr-0031-h14,fr-0031,France,Alsace (Grand Est),Ribeauvillé,Ribeauvillé,"Ribeauvillé, France Christmas Market 360° Walk (2025)",ribeauville-360-walk-2025,https://youtu.be/ccCz_dKYS5c,00:38:25,2305,Cour du Grand Bailli,Cour du Grand Bailli,"cour du grand bailli, ribeauvillé courtyard, medieval courtyard ribeauville",France
fr-0031-h15,fr-0031,France,Alsace (Grand Est),Ribeauvillé,Ribeauvillé,"Ribeauvillé, France Christmas Market 360° Walk (2025)",ribeauville-360-walk-2025,https://youtu.be/ccCz_dKYS5c,00:46:00,2760,Sipp Courtyard,Sipp Courtyard,"sipp courtyard, courtyard ribeauvillé, medieval courtyard ribeauville",France
fr-0031-h16,fr-0031,France,Alsace (Grand Est),Ribeauvillé,Ribeauvillé,"Ribeauvillé, France Christmas Market 360° Walk (2025)",ribeauville-360-walk-2025,https://youtu.be/ccCz_dKYS5c,00:48:16,2896,Kid Jousting,Jousting,"kid jousting, medieval jousting, christmas market entertainment",France
fr-0031-h17,fr-0031,France,Alsace (Grand Est),Ribeauvillé,Ribeauvillé,"Ribeauvillé, France Christmas Market 360° Walk (2025)",ribeauville-360-walk-2025,https://youtu.be/ccCz_dKYS5c,00:48:36,2916,Kid Screaming in Victory,Medieval Games,"kid screaming in victory, medieval games, christmas market fun",France
fr-0031-h18,fr-0031,France,Alsace (Grand Est),Ribeauvillé,Ribeauvillé,"Ribeauvillé, France Christmas Market 360° Walk (2025)",ribeauville-360-walk-2025,https://youtu.be/ccCz_dKYS5c,00:50:12,3012,Wine Tasting,Wine Tasting,"wine tasting, alsace wine tasting, christmas market wine",France
fr-0031-h19,fr-0031,France,Alsace (Grand Est),Ribeauvillé,Ribeauvillé,"Ribeauvillé, France Christmas Market 360° Walk (2025)",ribeauville-360-walk-2025,https://youtu.be/ccCz_dKYS5c,00:56:12,3372,Getting Locked in Stocks,Stocks,"getting locked in stocks, medieval stocks, christmas market activity",France
fr-0031-h20,fr-0031,France,Alsace (Grand Est),Ribeauvillé,Ribeauvillé,"Ribeauvillé, France Christmas Market 360° Walk (2025)",ribeauville-360-walk-2025,https://youtu.be/ccCz_dKYS5c,00:57:54,3474,Viking Village at Place du Bouc,Place du Bouc,"viking village at place du bouc, place du bouc ribeauvillé, ribeauville viking village",France
fr-0031-h21,fr-0031,France,Alsace (Grand Est),Ribeauvillé,Ribeauvillé,"Ribeauvillé, France Christmas Market 360° Walk (2025)",ribeauville-360-walk-2025,https://youtu.be/ccCz_dKYS5c,01:05:41,3941,Medieval Market at Place de la République,Place de la République,"medieval market at place de la république, place de la république ribeauvillé, ribeauville medieval market",France
fr-0031-h22,fr-0031,France,Alsace (Grand Est),Ribeauvillé,Ribeauvillé,"Ribeauvillé, France Christmas Market 360° Walk (2025)",ribeauville-360-walk-2025,https://youtu.be/ccCz_dKYS5c,01:11:04,4264,Walking Back to the Entrance,Entrance,"walking back to the entrance, return to entrance, ribeauvillé christmas market finale",France
fr-0032-h01,fr-0032,France,Alsace (Grand Est),Riquewihr,Riquewihr,"Riquewihr, France Christmas Market Evening Walk (2023)",riquewihr-christmas-market-evening-walk-2023,https://youtu.be/fXbDgbvA3o0,00:00:00,0,Intro and Map,Riquewihr,"Riquewihr Christmas market, Riquewihr intro, Riquewihr map",France
fr-0032-h02,fr-0032,France,Alsace (Grand Est),Riquewihr,Riquewihr,"Riquewihr, France Christmas Market Evening Walk (2023)",riquewihr-christmas-market-evening-walk-2023,https://youtu.be/fXbDgbvA3o0,00:00:52,52,Town Hall,Town Hall,"town hall riquewihr, mairie riquewihr, old town riquewihr",France
fr-0032-h03,fr-0032,France,Alsace (Grand Est),Riquewihr,Riquewihr,"Riquewihr, France Christmas Market Evening Walk (2023)",riquewihr-christmas-market-evening-walk-2023,https://youtu.be/fXbDgbvA3o0,00:03:44,224,Main Street,Main Street,"main street riquewihr, old town street riquewihr, christmas street riquewihr",France
fr-0032-h04,fr-0032,France,Alsace (Grand Est),Riquewihr,Riquewihr,"Riquewihr, France Christmas Market Evening Walk (2023)",riquewihr-christmas-market-evening-walk-2023,https://youtu.be/fXbDgbvA3o0,00:07:44,464,Underground Cheese Shop,Cheese Shop,"underground cheese shop, cheese shop riquewihr, alsace cheese shop",France
fr-0032-h05,fr-0032,France,Alsace (Grand Est),Riquewihr,Riquewihr,"Riquewihr, France Christmas Market Evening Walk (2023)",riquewihr-christmas-market-evening-walk-2023,https://youtu.be/fXbDgbvA3o0,00:12:00,720,Colorful Sidestreet,Colorful Sidestreet,"colorful sidestreet, picturesque street riquewihr, old town alley riquewihr",France
fr-0032-h06,fr-0032,France,Alsace (Grand Est),Riquewihr,Riquewihr,"Riquewihr, France Christmas Market Evening Walk (2023)",riquewihr-christmas-market-evening-walk-2023,https://youtu.be/fXbDgbvA3o0,00:20:40,1240,Court of the Nobles,Court of the Nobles,"court of the nobles, noble courtyard riquewihr, medieval courtyard riquewihr",France
fr-0032-h07,fr-0032,France,Alsace (Grand Est),Riquewihr,Riquewihr,"Riquewihr, France Christmas Market Evening Walk (2023)",riquewihr-christmas-market-evening-walk-2023,https://youtu.be/fXbDgbvA3o0,00:29:30,1770,Main Square (Dolder Tower),Dolder Tower,"main square dolder tower, dolder tower riquewihr, riquewihr main square",France
fr-0032-h08,fr-0032,France,Alsace (Grand Est),Riquewihr,Riquewihr,"Riquewihr, France Christmas Market Evening Walk (2023)",riquewihr-christmas-market-evening-walk-2023,https://youtu.be/fXbDgbvA3o0,00:31:38,1898,Sinne Fountain,Sinne Fountain,"sinne fountain, fountain riquewihr, old town fountain riquewihr",France
fr-0032-h09,fr-0032,France,Alsace (Grand Est),Riquewihr,Riquewihr,"Riquewihr, France Christmas Market Evening Walk (2023)",riquewihr-christmas-market-evening-walk-2023,https://youtu.be/fXbDgbvA3o0,00:36:52,2212,Rue des Remparts,Rue des Remparts,"rue des remparts, ramparts street riquewihr, old town street riquewihr",France
fr-0032-h10,fr-0032,France,Alsace (Grand Est),Riquewihr,Riquewihr,"Riquewihr, France Christmas Market Evening Walk (2023)",riquewihr-christmas-market-evening-walk-2023,https://youtu.be/fXbDgbvA3o0,00:41:29,2489,Porte Haute (Upper Town Gate),Porte Haute,"porte haute, upper town gate riquewihr, medieval gate riquewihr",France
fr-0032-h11,fr-0032,France,Alsace (Grand Est),Riquewihr,Riquewihr,"Riquewihr, France Christmas Market Evening Walk (2023)",riquewihr-christmas-market-evening-walk-2023,https://youtu.be/fXbDgbvA3o0,00:46:02,2762,Witches Toy Shop,Witches Toy Shop,"witches toy shop, toy shop riquewihr, christmas shop riquewihr",France
fr-0032-h12,fr-0032,France,Alsace (Grand Est),Riquewihr,Riquewihr,"Riquewihr, France Christmas Market Evening Walk (2023)",riquewihr-christmas-market-evening-walk-2023,https://youtu.be/fXbDgbvA3o0,00:53:19,3199,Main Street,Main Street,"main street riquewihr, festive main street riquewihr, old town street",France
fr-0032-h13,fr-0032,France,Alsace (Grand Est),Riquewihr,Riquewihr,"Riquewihr, France Christmas Market Evening Walk (2023)",riquewihr-christmas-market-evening-walk-2023,https://youtu.be/fXbDgbvA3o0,01:02:41,3761,The Passage,The Passage,"the passage riquewihr, passageway riquewihr, old town passage",France
fr-0032-h14,fr-0032,France,Alsace (Grand Est),Riquewihr,Riquewihr,"Riquewihr, France Christmas Market Evening Walk (2023)",riquewihr-christmas-market-evening-walk-2023,https://youtu.be/fXbDgbvA3o0,01:04:52,3892,Walking with Santa,Santa,"walking with santa, santa in riquewihr, christmas market santa",France
fr-0032-h15,fr-0032,France,Alsace (Grand Est),Riquewihr,Riquewihr,"Riquewihr, France Christmas Market Evening Walk (2023)",riquewihr-christmas-market-evening-walk-2023,https://youtu.be/fXbDgbvA3o0,01:13:40,4420,Christmas Market,Christmas Market,"christmas market riquewihr, riquewihr christmas village, alsace christmas market",France
fr-0033-h01,fr-0033,France,Alsace (Grand Est),Riquewihr,Riquewihr,"Riquewihr, France Christmas Market Day Walk (2023)",riquewihr-christmas-market-day-walk-2023,https://youtu.be/MjtMfBRp4y4,00:00:00,0,Intro and Map,Riquewihr,"Riquewihr Christmas market, Riquewihr intro, Riquewihr map",France
fr-0033-h02,fr-0033,France,Alsace (Grand Est),Riquewihr,Riquewihr,"Riquewihr, France Christmas Market Day Walk (2023)",riquewihr-christmas-market-day-walk-2023,https://youtu.be/MjtMfBRp4y4,00:00:52,52,Town Hall,Town Hall,"town hall riquewihr, mairie riquewihr, old town riquewihr",France
fr-0033-h03,fr-0033,France,Alsace (Grand Est),Riquewihr,Riquewihr,"Riquewihr, France Christmas Market Day Walk (2023)",riquewihr-christmas-market-day-walk-2023,https://youtu.be/MjtMfBRp4y4,00:03:28,208,Rue du Général de Gaulle,Rue du Général de Gaulle,"rue du général de gaulle, main street riquewihr, old town street riquewihr",France
fr-0033-h04,fr-0033,France,Alsace (Grand Est),Riquewihr,Riquewihr,"Riquewihr, France Christmas Market Day Walk (2023)",riquewihr-christmas-market-day-walk-2023,https://youtu.be/MjtMfBRp4y4,00:21:19,1279,Dolder Tower,Dolder Tower,"dolder tower, riquewihr tower, medieval tower riquewihr",France
fr-0033-h05,fr-0033,France,Alsace (Grand Est),Riquewihr,Riquewihr,"Riquewihr, France Christmas Market Day Walk (2023)",riquewihr-christmas-market-day-walk-2023,https://youtu.be/MjtMfBRp4y4,00:24:23,1463,Porte Haute (Upper Town Gate),Porte Haute,"porte haute, upper town gate riquewihr, medieval gate riquewihr",France
fr-0033-h06,fr-0033,France,Alsace (Grand Est),Riquewihr,Riquewihr,"Riquewihr, France Christmas Market Day Walk (2023)",riquewihr-christmas-market-day-walk-2023,https://youtu.be/MjtMfBRp4y4,00:24:56,1496,Rue des Remparts,Rue des Remparts,"rue des remparts, ramparts street riquewihr, old town street riquewihr",France
fr-0033-h07,fr-0033,France,Alsace (Grand Est),Riquewihr,Riquewihr,"Riquewihr, France Christmas Market Day Walk (2023)",riquewihr-christmas-market-day-walk-2023,https://youtu.be/MjtMfBRp4y4,00:34:01,2041,Sinne Fountain,Sinne Fountain,"sinne fountain, fountain riquewihr, old town fountain riquewihr",France
fr-0033-h08,fr-0033,France,Alsace (Grand Est),Riquewihr,Riquewihr,"Riquewihr, France Christmas Market Day Walk (2023)",riquewihr-christmas-market-day-walk-2023,https://youtu.be/MjtMfBRp4y4,00:35:02,2102,Rue du Cerf,Rue du Cerf,"rue du cerf, riquewihr street, old town street riquewihr",France
fr-0033-h09,fr-0033,France,Alsace (Grand Est),Riquewihr,Riquewihr,"Riquewihr, France Christmas Market Day Walk (2023)",riquewihr-christmas-market-day-walk-2023,https://youtu.be/MjtMfBRp4y4,00:47:04,2824,Court of the Nobles,Court of the Nobles,"court of the nobles, noble courtyard riquewihr, medieval courtyard riquewihr",France
fr-0033-h10,fr-0033,France,Alsace (Grand Est),Riquewihr,Riquewihr,"Riquewihr, France Christmas Market Day Walk (2023)",riquewihr-christmas-market-day-walk-2023,https://youtu.be/MjtMfBRp4y4,00:51:32,3092,Rue des Orfèvres,Rue des Orfèvres,"rue des orfèvres, rue des orfevres, old town street riquewihr",France
fr-0033-h11,fr-0033,France,Alsace (Grand Est),Riquewihr,Riquewihr,"Riquewihr, France Christmas Market Day Walk (2023)",riquewihr-christmas-market-day-walk-2023,https://youtu.be/MjtMfBRp4y4,00:53:23,3203,Sainte-Marguerite Protestant Church,Sainte-Marguerite Protestant Church,"sainte-marguerite protestant church, protestant church riquewihr, church riquewihr",France
fr-0033-h12,fr-0033,France,Alsace (Grand Est),Riquewihr,Riquewihr,"Riquewihr, France Christmas Market Day Walk (2023)",riquewihr-christmas-market-day-walk-2023,https://youtu.be/MjtMfBRp4y4,00:56:20,3380,Rue de la 1re Armée,Rue de la 1re Armée,"rue de la 1re armée, rue de la 1ere armee, riquewihr street",France
fr-0033-h13,fr-0033,France,Alsace (Grand Est),Riquewihr,Riquewihr,"Riquewihr, France Christmas Market Day Walk (2023)",riquewihr-christmas-market-day-walk-2023,https://youtu.be/MjtMfBRp4y4,00:58:51,3531,Court of the Strasbourg,Court of the Strasbourg,"court of the strasbourg, courtyard riquewihr, old town courtyard riquewihr",France
fr-0033-h14,fr-0033,France,Alsace (Grand Est),Riquewihr,Riquewihr,"Riquewihr, France Christmas Market Day Walk (2023)",riquewihr-christmas-market-day-walk-2023,https://youtu.be/MjtMfBRp4y4,00:59:56,3596,Sainte-Marguerite Church,Sainte-Marguerite Church,"sainte-marguerite church, church riquewihr, saint marguerite riquewihr",France
fr-0033-h15,fr-0033,France,Alsace (Grand Est),Riquewihr,Riquewihr,"Riquewihr, France Christmas Market Day Walk (2023)",riquewihr-christmas-market-day-walk-2023,https://youtu.be/MjtMfBRp4y4,01:03:53,3833,Rue de la Couronne,Rue de la Couronne,"rue de la couronne, riquewihr street, old town street",France
fr-0033-h16,fr-0033,France,Alsace (Grand Est),Riquewihr,Riquewihr,"Riquewihr, France Christmas Market Day Walk (2023)",riquewihr-christmas-market-day-walk-2023,https://youtu.be/MjtMfBRp4y4,01:09:10,4150,Rue Kilian,Rue Kilian,"rue kilian, riquewihr street, old town street riquewihr",France
fr-0033-h17,fr-0033,France,Alsace (Grand Est),Riquewihr,Riquewihr,"Riquewihr, France Christmas Market Day Walk (2023)",riquewihr-christmas-market-day-walk-2023,https://youtu.be/MjtMfBRp4y4,01:15:31,4531,Rue des Écuries,Rue des Écuries,"rue des écuries, rue des ecuries, riquewihr street",France
fr-0033-h18,fr-0033,France,Alsace (Grand Est),Riquewihr,Riquewihr,"Riquewihr, France Christmas Market Day Walk (2023)",riquewihr-christmas-market-day-walk-2023,https://youtu.be/MjtMfBRp4y4,01:21:53,4913,Rue Hederich,Rue Hederich,"rue hederich, riquewihr street, old town street riquewihr",France
fr-0033-h19,fr-0033,France,Alsace (Grand Est),Riquewihr,Riquewihr,"Riquewihr, France Christmas Market Day Walk (2023)",riquewihr-christmas-market-day-walk-2023,https://youtu.be/MjtMfBRp4y4,01:27:21,5241,Christmas Market,Christmas Market,"christmas market riquewihr, riquewihr christmas village, alsace christmas market",France
fr-0034-h01,fr-0034,France,Alsace (Grand Est),Strasbourg,Strasbourg,"Strasbourg, France Christmas Market Day Walk (2022)",strasbourg-christmas-market-day-walk-2022,https://youtu.be/B-wi7hIrgf8,00:00:00,0,Intro and Map,Strasbourg,"Strasbourg Christmas market, Strasbourg intro, Strasbourg map",France
fr-0034-h02,fr-0034,France,Alsace (Grand Est),Strasbourg,Strasbourg,"Strasbourg, France Christmas Market Day Walk (2022)",strasbourg-christmas-market-day-walk-2022,https://youtu.be/B-wi7hIrgf8,00:00:52,52,Pont du Corbeau,Pont du Corbeau,"pont du corbeau, strasbourg bridge, old town strasbourg",France
fr-0034-h03,fr-0034,France,Alsace (Grand Est),Strasbourg,Strasbourg,"Strasbourg, France Christmas Market Day Walk (2022)",strasbourg-christmas-market-day-walk-2022,https://youtu.be/B-wi7hIrgf8,00:02:07,127,Christmas Market Entrance,Christmas Market Entrance,"christmas market entrance, strasbourg christmas market entrance, noel strasbourg",France
fr-0034-h04,fr-0034,France,Alsace (Grand Est),Strasbourg,Strasbourg,"Strasbourg, France Christmas Market Day Walk (2022)",strasbourg-christmas-market-day-walk-2022,https://youtu.be/B-wi7hIrgf8,00:02:37,157,Place de la Grande Boucherie,Place de la Grande Boucherie,"place de la grande boucherie, strasbourg square, christmas market strasbourg",France
fr-0034-h05,fr-0034,France,Alsace (Grand Est),Strasbourg,Strasbourg,"Strasbourg, France Christmas Market Day Walk (2022)",strasbourg-christmas-market-day-walk-2022,https://youtu.be/B-wi7hIrgf8,00:03:20,200,Suckling Pigs Market Square,Suckling Pigs Market Square,"suckling pigs market square, strasbourg market square, christmas market food square",France
fr-0034-h06,fr-0034,France,Alsace (Grand Est),Strasbourg,Strasbourg,"Strasbourg, France Christmas Market Day Walk (2022)",strasbourg-christmas-market-day-walk-2022,https://youtu.be/B-wi7hIrgf8,00:09:04,544,Place de la Cathédrale,Place de la Cathédrale,"place de la cathédrale, cathedral square strasbourg, strasbourg christmas market",France
fr-0034-h07,fr-0034,France,Alsace (Grand Est),Strasbourg,Strasbourg,"Strasbourg, France Christmas Market Day Walk (2022)",strasbourg-christmas-market-day-walk-2022,https://youtu.be/B-wi7hIrgf8,00:22:01,1321,Place du Château,Place du Château,"place du château, palace square strasbourg, old town strasbourg",France
fr-0034-h08,fr-0034,France,Alsace (Grand Est),Strasbourg,Strasbourg,"Strasbourg, France Christmas Market Day Walk (2022)",strasbourg-christmas-market-day-walk-2022,https://youtu.be/B-wi7hIrgf8,00:26:14,1574,Palais Rohan,Palais Rohan,"palais rohan, rohan palace strasbourg, strasbourg landmark",France
fr-0034-h09,fr-0034,France,Alsace (Grand Est),Strasbourg,Strasbourg,"Strasbourg, France Christmas Market Day Walk (2022)",strasbourg-christmas-market-day-walk-2022,https://youtu.be/B-wi7hIrgf8,00:36:47,2207,Place des Tripiers,Place des Tripiers,"place des tripiers, strasbourg square, old town strasbourg",France
fr-0034-h10,fr-0034,France,Alsace (Grand Est),Strasbourg,Strasbourg,"Strasbourg, France Christmas Market Day Walk (2022)",strasbourg-christmas-market-day-walk-2022,https://youtu.be/B-wi7hIrgf8,00:39:07,2347,Pont du Corbeau,Pont du Corbeau,"pont du corbeau, return to pont du corbeau, strasbourg bridge",France
fr-0034-h11,fr-0034,France,Alsace (Grand Est),Strasbourg,Strasbourg,"Strasbourg, France Christmas Market Day Walk (2022)",strasbourg-christmas-market-day-walk-2022,https://youtu.be/B-wi7hIrgf8,00:40:50,2450,Quai des Bateliers,Quai des Bateliers,"quai des bateliers, strasbourg riverside, canal walk strasbourg",France
fr-0034-h12,fr-0034,France,Alsace (Grand Est),Strasbourg,Strasbourg,"Strasbourg, France Christmas Market Day Walk (2022)",strasbourg-christmas-market-day-walk-2022,https://youtu.be/B-wi7hIrgf8,00:43:29,2609,Pont Ste Madeleine,Pont Ste Madeleine,"pont ste madeleine, pont sainte madeleine, strasbourg bridge",France
fr-0034-h13,fr-0034,France,Alsace (Grand Est),Strasbourg,Strasbourg,"Strasbourg, France Christmas Market Day Walk (2022)",strasbourg-christmas-market-day-walk-2022,https://youtu.be/B-wi7hIrgf8,00:45:55,2755,Place du Marché aux Poissons,Place du Marché aux Poissons,"place du marché aux poissons, fish market square strasbourg, strasbourg square",France
fr-0034-h14,fr-0034,France,Alsace (Grand Est),Strasbourg,Strasbourg,"Strasbourg, France Christmas Market Day Walk (2022)",strasbourg-christmas-market-day-walk-2022,https://youtu.be/B-wi7hIrgf8,00:51:13,3073,Passerelle de l'Abreuvoir,Passerelle de l'Abreuvoir,"passerelle de l'abreuvoir, strasbourg footbridge, canal bridge strasbourg",France
fr-0034-h15,fr-0034,France,Alsace (Grand Est),Strasbourg,Strasbourg,"Strasbourg, France Christmas Market Day Walk (2022)",strasbourg-christmas-market-day-walk-2022,https://youtu.be/B-wi7hIrgf8,00:53:53,3233,Pont Saint-Guillaum,Pont Saint-Guillaum,"pont saint-guillaum, pont saint guillaume, strasbourg bridge",France
fr-0034-h16,fr-0034,France,Alsace (Grand Est),Strasbourg,Strasbourg,"Strasbourg, France Christmas Market Day Walk (2022)",strasbourg-christmas-market-day-walk-2022,https://youtu.be/B-wi7hIrgf8,00:54:57,3297,Quai Saint-Étienne,Quai Saint-Étienne,"quai saint-étienne, quai saint etienne, strasbourg riverside",France
fr-0034-h17,fr-0034,France,Alsace (Grand Est),Strasbourg,Strasbourg,"Strasbourg, France Christmas Market Day Walk (2022)",strasbourg-christmas-market-day-walk-2022,https://youtu.be/B-wi7hIrgf8,00:57:06,3426,Pont Saint-Etienne,Pont Saint-Etienne,"pont saint-etienne, pont saint etienne, strasbourg bridge",France
fr-0034-h18,fr-0034,France,Alsace (Grand Est),Strasbourg,Strasbourg,"Strasbourg, France Christmas Market Day Walk (2022)",strasbourg-christmas-market-day-walk-2022,https://youtu.be/B-wi7hIrgf8,00:58:58,3538,Place Saint-Etienne,Place Saint-Etienne,"place saint-etienne, place saint etienne, strasbourg square",France
fr-0034-h19,fr-0034,France,Alsace (Grand Est),Strasbourg,Strasbourg,"Strasbourg, France Christmas Market Day Walk (2022)",strasbourg-christmas-market-day-walk-2022,https://youtu.be/B-wi7hIrgf8,01:03:00,3780,Place du Marché Gayot,Place du Marché Gayot,"place du marché gayot, marche gayot strasbourg, strasbourg square",France
fr-0034-h20,fr-0034,France,Alsace (Grand Est),Strasbourg,Strasbourg,"Strasbourg, France Christmas Market Day Walk (2022)",strasbourg-christmas-market-day-walk-2022,https://youtu.be/B-wi7hIrgf8,01:07:12,4032,Rue du Dôme,Rue du Dôme,"rue du dôme, rue du dome, strasbourg street",France
fr-0034-h21,fr-0034,France,Alsace (Grand Est),Strasbourg,Strasbourg,"Strasbourg, France Christmas Market Day Walk (2022)",strasbourg-christmas-market-day-walk-2022,https://youtu.be/B-wi7hIrgf8,01:10:49,4249,Place Broglie,Place Broglie,"place broglie, broglie square strasbourg, christmas market strasbourg",France
fr-0034-h22,fr-0034,France,Alsace (Grand Est),Strasbourg,Strasbourg,"Strasbourg, France Christmas Market Day Walk (2022)",strasbourg-christmas-market-day-walk-2022,https://youtu.be/B-wi7hIrgf8,01:28:11,5291,Place Kléber,Place Kléber,"place kléber, place kleber, strasbourg christmas tree",France
fr-0034-h23,fr-0034,France,Alsace (Grand Est),Strasbourg,Strasbourg,"Strasbourg, France Christmas Market Day Walk (2022)",strasbourg-christmas-market-day-walk-2022,https://youtu.be/B-wi7hIrgf8,01:36:37,5797,Rue des Grandes Arcades,Rue des Grandes Arcades,"rue des grandes arcades, strasbourg shopping street, old town street",France
fr-0034-h24,fr-0034,France,Alsace (Grand Est),Strasbourg,Strasbourg,"Strasbourg, France Christmas Market Day Walk (2022)",strasbourg-christmas-market-day-walk-2022,https://youtu.be/B-wi7hIrgf8,01:37:49,5869,Place du Temple Neuf,Place du Temple Neuf,"place du temple neuf, temple neuf square strasbourg, strasbourg square",France
fr-0034-h25,fr-0034,France,Alsace (Grand Est),Strasbourg,Strasbourg,"Strasbourg, France Christmas Market Day Walk (2022)",strasbourg-christmas-market-day-walk-2022,https://youtu.be/B-wi7hIrgf8,01:42:35,6155,Place Gutenberg,Place Gutenberg,"place gutenberg, gutenberg square strasbourg, old town strasbourg",France
fr-0034-h26,fr-0034,France,Alsace (Grand Est),Strasbourg,Strasbourg,"Strasbourg, France Christmas Market Day Walk (2022)",strasbourg-christmas-market-day-walk-2022,https://youtu.be/B-wi7hIrgf8,01:45:45,6345,Rue Gutenberg,Rue Gutenberg,"rue gutenberg, strasbourg street, old town street strasbourg",France
fr-0034-h27,fr-0034,France,Alsace (Grand Est),Strasbourg,Strasbourg,"Strasbourg, France Christmas Market Day Walk (2022)",strasbourg-christmas-market-day-walk-2022,https://youtu.be/B-wi7hIrgf8,01:47:31,6451,Grand Rue,Grand Rue,"grand rue strasbourg, old town street strasbourg, shopping street strasbourg",France
fr-0034-h28,fr-0034,France,Alsace (Grand Est),Strasbourg,Strasbourg,"Strasbourg, France Christmas Market Day Walk (2022)",strasbourg-christmas-market-day-walk-2022,https://youtu.be/B-wi7hIrgf8,01:52:19,6739,Place Benjamin Zix,Place Benjamin Zix,"place benjamin zix, petite france square, strasbourg square",France
fr-0034-h29,fr-0034,France,Alsace (Grand Est),Strasbourg,Strasbourg,"Strasbourg, France Christmas Market Day Walk (2022)",strasbourg-christmas-market-day-walk-2022,https://youtu.be/B-wi7hIrgf8,01:56:07,6967,Pont du Faisan,Pont du Faisan,"pont du faisan, strasbourg bridge, petite france strasbourg",France
fr-0034-h30,fr-0034,France,Alsace (Grand Est),Strasbourg,Strasbourg,"Strasbourg, France Christmas Market Day Walk (2022)",strasbourg-christmas-market-day-walk-2022,https://youtu.be/B-wi7hIrgf8,02:00:18,7218,Pont Saint-Martin,Pont Saint-Martin,"pont saint-martin, strasbourg bridge, petite france bridge",France
fr-0034-h31,fr-0034,France,Alsace (Grand Est),Strasbourg,Strasbourg,"Strasbourg, France Christmas Market Day Walk (2022)",strasbourg-christmas-market-day-walk-2022,https://youtu.be/B-wi7hIrgf8,02:03:55,7435,Passerelle des Anciennes-Glacières,Passerelle des Anciennes-Glacières,"passerelle des anciennes-glacières, anciennes glacières footbridge, strasbourg footbridge",France
fr-0034-h32,fr-0034,France,Alsace (Grand Est),Strasbourg,Strasbourg,"Strasbourg, France Christmas Market Day Walk (2022)",strasbourg-christmas-market-day-walk-2022,https://youtu.be/B-wi7hIrgf8,02:10:08,7808,Square Louise-Weiss,Square Louise-Weiss,"square louise-weiss, louise weiss square strasbourg, petite france strasbourg",France
fr-0034-h33,fr-0034,France,Alsace (Grand Est),Strasbourg,Strasbourg,"Strasbourg, France Christmas Market Day Walk (2022)",strasbourg-christmas-market-day-walk-2022,https://youtu.be/B-wi7hIrgf8,02:13:55,8035,Ponts Couverts,Ponts Couverts,"ponts couverts, covered bridges strasbourg, petite france landmark",France
fr-0034-h34,fr-0034,France,Alsace (Grand Est),Strasbourg,Strasbourg,"Strasbourg, France Christmas Market Day Walk (2022)",strasbourg-christmas-market-day-walk-2022,https://youtu.be/B-wi7hIrgf8,02:16:03,8163,Barrage Vauban,Barrage Vauban,"barrage vauban, vauban dam strasbourg, strasbourg landmark",France
fr-0034-h35,fr-0034,France,Alsace (Grand Est),Strasbourg,Strasbourg,"Strasbourg, France Christmas Market Day Walk (2022)",strasbourg-christmas-market-day-walk-2022,https://youtu.be/B-wi7hIrgf8,02:20:15,8415,Place du Quartier Blanc,Place du Quartier Blanc,"place du quartier blanc, quartier blanc strasbourg, strasbourg square",France
fr-0034-h36,fr-0034,France,Alsace (Grand Est),Strasbourg,Strasbourg,"Strasbourg, France Christmas Market Day Walk (2022)",strasbourg-christmas-market-day-walk-2022,https://youtu.be/B-wi7hIrgf8,02:21:21,8481,Passage Georges Frankhauser,Passage Georges Frankhauser,"passage georges frankhauser, strasbourg passage, old town strasbourg",France
fr-0035-h01,fr-0035,France,Alsace (Grand Est),Strasbourg,Strasbourg,"Strasbourg, France Christmas Market Day Walk (2023)",strasbourg-christmas-market-day-walk-2023,https://youtu.be/07LDvkp7jgc,00:00:00,0,Pont du Corbeau,Pont du Corbeau,"pont du corbeau, strasbourg bridge, old town strasbourg",France
fr-0035-h02,fr-0035,France,Alsace (Grand Est),Strasbourg,Strasbourg,"Strasbourg, France Christmas Market Day Walk (2023)",strasbourg-christmas-market-day-walk-2023,https://youtu.be/07LDvkp7jgc,00:01:15,75,Entrance Gate to the Christmas Market,Christmas Market Entrance,"christmas market entrance, strasbourg christmas market entrance, noel strasbourg",France
fr-0035-h03,fr-0035,France,Alsace (Grand Est),Strasbourg,Strasbourg,"Strasbourg, France Christmas Market Day Walk (2023)",strasbourg-christmas-market-day-walk-2023,https://youtu.be/07LDvkp7jgc,00:02:38,158,Suckling Pigs Market Square,Suckling Pigs Market Square,"suckling pigs market square, strasbourg market square, christmas market food square",France
fr-0035-h04,fr-0035,France,Alsace (Grand Est),Strasbourg,Strasbourg,"Strasbourg, France Christmas Market Day Walk (2023)",strasbourg-christmas-market-day-walk-2023,https://youtu.be/07LDvkp7jgc,00:11:01,661,Place de la Cathédrale,Place de la Cathédrale,"place de la cathédrale, cathedral square strasbourg, strasbourg christmas market",France
fr-0035-h05,fr-0035,France,Alsace (Grand Est),Strasbourg,Strasbourg,"Strasbourg, France Christmas Market Day Walk (2023)",strasbourg-christmas-market-day-walk-2023,https://youtu.be/07LDvkp7jgc,00:18:27,1107,Place Gutenberg,Place Gutenberg,"place gutenberg, gutenberg square strasbourg, old town strasbourg",France
fr-0035-h06,fr-0035,France,Alsace (Grand Est),Strasbourg,Strasbourg,"Strasbourg, France Christmas Market Day Walk (2023)",strasbourg-christmas-market-day-walk-2023,https://youtu.be/07LDvkp7jgc,00:22:47,1367,Cathedral Christmas Market,Cathedral Christmas Market,"cathedral christmas market, strasbourg cathedral market, noel strasbourg",France
fr-0035-h07,fr-0035,France,Alsace (Grand Est),Strasbourg,Strasbourg,"Strasbourg, France Christmas Market Day Walk (2023)",strasbourg-christmas-market-day-walk-2023,https://youtu.be/07LDvkp7jgc,00:35:22,2122,Place du Château Christmas Market,Place du Château,"place du château christmas market, place du chateau, strasbourg market square",France
fr-0035-h08,fr-0035,France,Alsace (Grand Est),Strasbourg,Strasbourg,"Strasbourg, France Christmas Market Day Walk (2023)",strasbourg-christmas-market-day-walk-2023,https://youtu.be/07LDvkp7jgc,00:40:08,2408,Palais Rohan,Palais Rohan,"palais rohan, rohan palace strasbourg, strasbourg landmark",France
fr-0035-h09,fr-0035,France,Alsace (Grand Est),Strasbourg,Strasbourg,"Strasbourg, France Christmas Market Day Walk (2023)",strasbourg-christmas-market-day-walk-2023,https://youtu.be/07LDvkp7jgc,00:45:38,2738,Place du Marché aux Poissons Christmas Market,Place du Marché aux Poissons,"place du marché aux poissons, fish market square strasbourg, christmas market strasbourg",France
fr-0035-h10,fr-0035,France,Alsace (Grand Est),Strasbourg,Strasbourg,"Strasbourg, France Christmas Market Day Walk (2023)",strasbourg-christmas-market-day-walk-2023,https://youtu.be/07LDvkp7jgc,00:50:57,3057,Quai des Bateliers,Quai des Bateliers,"quai des bateliers, strasbourg riverside, canal walk strasbourg",France
fr-0035-h11,fr-0035,France,Alsace (Grand Est),Strasbourg,Strasbourg,"Strasbourg, France Christmas Market Day Walk (2023)",strasbourg-christmas-market-day-walk-2023,https://youtu.be/07LDvkp7jgc,00:56:11,3371,Pont Saint-Guillaume,Pont Saint-Guillaume,"pont saint-guillaume, pont saint guillaume, strasbourg bridge",France
fr-0035-h12,fr-0035,France,Alsace (Grand Est),Strasbourg,Strasbourg,"Strasbourg, France Christmas Market Day Walk (2023)",strasbourg-christmas-market-day-walk-2023,https://youtu.be/07LDvkp7jgc,00:59:58,3598,International School Des Pontonniers,International School Des Pontonniers,"international school des pontonniers, pontonniers strasbourg, strasbourg school landmark",France
fr-0035-h13,fr-0035,France,Alsace (Grand Est),Strasbourg,Strasbourg,"Strasbourg, France Christmas Market Day Walk (2023)",strasbourg-christmas-market-day-walk-2023,https://youtu.be/07LDvkp7jgc,01:02:05,3725,Place Saint-Étienne,Place Saint-Étienne,"place saint-étienne, place saint etienne, strasbourg square",France
fr-0035-h14,fr-0035,France,Alsace (Grand Est),Strasbourg,Strasbourg,"Strasbourg, France Christmas Market Day Walk (2023)",strasbourg-christmas-market-day-walk-2023,https://youtu.be/07LDvkp7jgc,01:05:16,3916,Place du Marché Gayot,Place du Marché Gayot,"place du marché gayot, marche gayot strasbourg, strasbourg square",France
fr-0035-h15,fr-0035,France,Alsace (Grand Est),Strasbourg,Strasbourg,"Strasbourg, France Christmas Market Day Walk (2023)",strasbourg-christmas-market-day-walk-2023,https://youtu.be/07LDvkp7jgc,01:08:40,4120,Place de la Cathédrale,Place de la Cathédrale,"place de la cathédrale, cathedral square strasbourg, return to cathedral square",France
fr-0035-h16,fr-0035,France,Alsace (Grand Est),Strasbourg,Strasbourg,"Strasbourg, France Christmas Market Day Walk (2023)",strasbourg-christmas-market-day-walk-2023,https://youtu.be/07LDvkp7jgc,01:12:42,4362,Place Gutenberg,Place Gutenberg,"place gutenberg, gutenberg square strasbourg, return to gutenberg square",France
fr-0035-h17,fr-0035,France,Alsace (Grand Est),Strasbourg,Strasbourg,"Strasbourg, France Christmas Market Day Walk (2023)",strasbourg-christmas-market-day-walk-2023,https://youtu.be/07LDvkp7jgc,01:15:24,4524,Petite France,Petite France,"petite france, strasbourg petite france, canal district strasbourg",France
fr-0035-h18,fr-0035,France,Alsace (Grand Est),Strasbourg,Strasbourg,"Strasbourg, France Christmas Market Day Walk (2023)",strasbourg-christmas-market-day-walk-2023,https://youtu.be/07LDvkp7jgc,01:20:32,4832,Place Benjamin Zix Christmas Market,Place Benjamin Zix,"place benjamin zix, petite france square, christmas market strasbourg",France
fr-0035-h19,fr-0035,France,Alsace (Grand Est),Strasbourg,Strasbourg,"Strasbourg, France Christmas Market Day Walk (2023)",strasbourg-christmas-market-day-walk-2023,https://youtu.be/07LDvkp7jgc,01:26:19,5179,Pont du Faisan,Pont du Faisan,"pont du faisan, strasbourg bridge, petite france strasbourg",France
fr-0035-h20,fr-0035,France,Alsace (Grand Est),Strasbourg,Strasbourg,"Strasbourg, France Christmas Market Day Walk (2023)",strasbourg-christmas-market-day-walk-2023,https://youtu.be/07LDvkp7jgc,01:29:51,5391,Square Louise-Weiss Christmas Market,Square Louise-Weiss,"square louise-weiss, louise weiss square strasbourg, christmas market strasbourg",France
fr-0035-h21,fr-0035,France,Alsace (Grand Est),Strasbourg,Strasbourg,"Strasbourg, France Christmas Market Day Walk (2023)",strasbourg-christmas-market-day-walk-2023,https://youtu.be/07LDvkp7jgc,01:36:50,5810,Barrage Vauban,Barrage Vauban,"barrage vauban, vauban dam strasbourg, strasbourg landmark",France
fr-0035-h22,fr-0035,France,Alsace (Grand Est),Strasbourg,Strasbourg,"Strasbourg, France Christmas Market Day Walk (2023)",strasbourg-christmas-market-day-walk-2023,https://youtu.be/07LDvkp7jgc,01:50:14,6614,Pont Saint-Martin,Pont Saint-Martin,"pont saint-martin, strasbourg bridge, petite france bridge",France
fr-0035-h23,fr-0035,France,Alsace (Grand Est),Strasbourg,Strasbourg,"Strasbourg, France Christmas Market Day Walk (2023)",strasbourg-christmas-market-day-walk-2023,https://youtu.be/07LDvkp7jgc,01:54:06,6846,Passerelle des Anciennes-Glacières,Passerelle des Anciennes-Glacières,"passerelle des anciennes-glacières, anciennes glacières footbridge, strasbourg footbridge",France
fr-0035-h24,fr-0035,France,Alsace (Grand Est),Strasbourg,Strasbourg,"Strasbourg, France Christmas Market Day Walk (2023)",strasbourg-christmas-market-day-walk-2023,https://youtu.be/07LDvkp7jgc,01:57:52,7072,Rue des Dentelles,Rue des Dentelles,"rue des dentelles, strasbourg street, petite france street",France
fr-0035-h25,fr-0035,France,Alsace (Grand Est),Strasbourg,Strasbourg,"Strasbourg, France Christmas Market Day Walk (2023)",strasbourg-christmas-market-day-walk-2023,https://youtu.be/07LDvkp7jgc,02:00:59,7259,Place Saint-Thomas Christmas Market,Place Saint-Thomas,"place saint-thomas, saint thomas square strasbourg, christmas market strasbourg",France
fr-0035-h26,fr-0035,France,Alsace (Grand Est),Strasbourg,Strasbourg,"Strasbourg, France Christmas Market Day Walk (2023)",strasbourg-christmas-market-day-walk-2023,https://youtu.be/07LDvkp7jgc,02:08:05,7685,Place Gutenberg,Place Gutenberg,"place gutenberg, gutenberg square strasbourg, return to gutenberg square",France
fr-0035-h27,fr-0035,France,Alsace (Grand Est),Strasbourg,Strasbourg,"Strasbourg, France Christmas Market Day Walk (2023)",strasbourg-christmas-market-day-walk-2023,https://youtu.be/07LDvkp7jgc,02:10:27,7827,Place des Tripiers,Place des Tripiers,"place des tripiers, strasbourg square, old town strasbourg",France
fr-0035-h28,fr-0035,France,Alsace (Grand Est),Strasbourg,Strasbourg,"Strasbourg, France Christmas Market Day Walk (2023)",strasbourg-christmas-market-day-walk-2023,https://youtu.be/07LDvkp7jgc,02:15:16,8116,Suckling Pigs Market Square,Suckling Pigs Market Square,"suckling pigs market square, strasbourg market square, christmas market food square",France
fr-0036-h01,fr-0036,France,Alsace (Grand Est),Strasbourg,Strasbourg,"Strasbourg, France Christmas Market Evening Walk (2023)",strasbourg-christmas-market-evening-walk-2023,https://youtu.be/sLkoeB_d93Q,00:00:00,0,Intro and Map,Strasbourg,"Strasbourg Christmas market, Strasbourg intro, Strasbourg map",France
fr-0036-h02,fr-0036,France,Alsace (Grand Est),Strasbourg,Strasbourg,"Strasbourg, France Christmas Market Evening Walk (2023)",strasbourg-christmas-market-evening-walk-2023,https://youtu.be/sLkoeB_d93Q,00:00:57,57,Barrage Vauban,Barrage Vauban,"barrage vauban, vauban dam strasbourg, strasbourg landmark",France
fr-0036-h03,fr-0036,France,Alsace (Grand Est),Strasbourg,Strasbourg,"Strasbourg, France Christmas Market Evening Walk (2023)",strasbourg-christmas-market-evening-walk-2023,https://youtu.be/sLkoeB_d93Q,00:04:22,262,Ponts Couverts,Ponts Couverts,"ponts couverts, covered bridges strasbourg, petite france landmark",France
fr-0036-h04,fr-0036,France,Alsace (Grand Est),Strasbourg,Strasbourg,"Strasbourg, France Christmas Market Evening Walk (2023)",strasbourg-christmas-market-evening-walk-2023,https://youtu.be/sLkoeB_d93Q,00:06:29,389,The Ill River,"The Ill River, strasbourg river, ill river strasbourg, canal walk strasbourg",France,
fr-0036-h05,fr-0036,France,Alsace (Grand Est),Strasbourg,Strasbourg,"Strasbourg, France Christmas Market Evening Walk (2023)",strasbourg-christmas-market-evening-walk-2023,https://youtu.be/sLkoeB_d93Q,00:07:45,465,Square Louise-Weiss (Christmas Market #1),Square Louise-Weiss,"square louise-weiss, louise weiss square strasbourg, christmas market strasbourg",France
fr-0036-h06,fr-0036,France,Alsace (Grand Est),Strasbourg,Strasbourg,"Strasbourg, France Christmas Market Evening Walk (2023)",strasbourg-christmas-market-evening-walk-2023,https://youtu.be/sLkoeB_d93Q,00:13:43,823,Pont du Faisan,Pont du Faisan,"pont du faisan, strasbourg bridge, petite france strasbourg",France
fr-0036-h07,fr-0036,France,Alsace (Grand Est),Strasbourg,Strasbourg,"Strasbourg, France Christmas Market Evening Walk (2023)",strasbourg-christmas-market-evening-walk-2023,https://youtu.be/sLkoeB_d93Q,00:15:03,903,Bridge Moving for Boat to Pass,Moving Bridge,"bridge moving for boat to pass, strasbourg moving bridge, pont du faisan opening",France
fr-0036-h08,fr-0036,France,Alsace (Grand Est),Strasbourg,Strasbourg,"Strasbourg, France Christmas Market Evening Walk (2023)",strasbourg-christmas-market-evening-walk-2023,https://youtu.be/sLkoeB_d93Q,00:17:54,1074,Petite-France,Petite-France,"petite france, strasbourg petite france, canal district strasbourg",France
fr-0036-h09,fr-0036,France,Alsace (Grand Est),Strasbourg,Strasbourg,"Strasbourg, France Christmas Market Evening Walk (2023)",strasbourg-christmas-market-evening-walk-2023,https://youtu.be/sLkoeB_d93Q,00:20:31,1231,Place Benjamin Zix (Christmas Market #2),Place Benjamin Zix,"place benjamin zix, petite france square, christmas market strasbourg",France
fr-0036-h10,fr-0036,France,Alsace (Grand Est),Strasbourg,Strasbourg,"Strasbourg, France Christmas Market Evening Walk (2023)",strasbourg-christmas-market-evening-walk-2023,https://youtu.be/sLkoeB_d93Q,00:25:33,1533,The Locks,The Locks,"the locks strasbourg, canal locks strasbourg, petite france locks",France
fr-0036-h11,fr-0036,France,Alsace (Grand Est),Strasbourg,Strasbourg,"Strasbourg, France Christmas Market Evening Walk (2023)",strasbourg-christmas-market-evening-walk-2023,https://youtu.be/sLkoeB_d93Q,00:31:28,1888,Rue des Moulins,Rue des Moulins,"rue des moulins, strasbourg street, petite france street",France
fr-0036-h12,fr-0036,France,Alsace (Grand Est),Strasbourg,Strasbourg,"Strasbourg, France Christmas Market Evening Walk (2023)",strasbourg-christmas-market-evening-walk-2023,https://youtu.be/sLkoeB_d93Q,00:35:07,2107,Pont Saint-Martin,Pont Saint-Martin,"pont saint-martin, strasbourg bridge, petite france bridge",France
fr-0036-h13,fr-0036,France,Alsace (Grand Est),Strasbourg,Strasbourg,"Strasbourg, France Christmas Market Evening Walk (2023)",strasbourg-christmas-market-evening-walk-2023,https://youtu.be/sLkoeB_d93Q,00:38:22,2302,Passerelle des Anciennes-Glacières,Passerelle des Anciennes-Glacières,"passerelle des anciennes-glacières, anciennes glacières footbridge, strasbourg footbridge",France
fr-0036-h14,fr-0036,France,Alsace (Grand Est),Strasbourg,Strasbourg,"Strasbourg, France Christmas Market Evening Walk (2023)",strasbourg-christmas-market-evening-walk-2023,https://youtu.be/sLkoeB_d93Q,00:40:40,2440,Rue des Dentelles,Rue des Dentelles,"rue des dentelles, strasbourg street, petite france street",France
fr-0036-h15,fr-0036,France,Alsace (Grand Est),Strasbourg,Strasbourg,"Strasbourg, France Christmas Market Evening Walk (2023)",strasbourg-christmas-market-evening-walk-2023,https://youtu.be/sLkoeB_d93Q,00:44:22,2662,Place Saint-Thomas (Christmas Market #3),Place Saint-Thomas,"place saint-thomas, saint thomas square strasbourg, christmas market strasbourg",France
fr-0036-h16,fr-0036,France,Alsace (Grand Est),Strasbourg,Strasbourg,"Strasbourg, France Christmas Market Evening Walk (2023)",strasbourg-christmas-market-evening-walk-2023,https://youtu.be/sLkoeB_d93Q,00:51:02,3062,Rue des Serruriers,Rue des Serruriers,"rue des serruriers, strasbourg street, old town strasbourg",France
fr-0036-h17,fr-0036,France,Alsace (Grand Est),Strasbourg,Strasbourg,"Strasbourg, France Christmas Market Evening Walk (2023)",strasbourg-christmas-market-evening-walk-2023,https://youtu.be/sLkoeB_d93Q,00:54:37,3277,Place Gutenberg,Place Gutenberg,"place gutenberg, gutenberg square strasbourg, old town strasbourg",France
fr-0036-h18,fr-0036,France,Alsace (Grand Est),Strasbourg,Strasbourg,"Strasbourg, France Christmas Market Evening Walk (2023)",strasbourg-christmas-market-evening-walk-2023,https://youtu.be/sLkoeB_d93Q,00:57:24,3444,Rue Mercière,Rue Mercière,"rue mercière, rue merciere, strasbourg cathedral street",France
fr-0036-h19,fr-0036,France,Alsace (Grand Est),Strasbourg,Strasbourg,"Strasbourg, France Christmas Market Evening Walk (2023)",strasbourg-christmas-market-evening-walk-2023,https://youtu.be/sLkoeB_d93Q,00:59:20,3560,Strasbourg Cathedral,Strasbourg Cathedral,"strasbourg cathedral, cathédrale notre-dame de strasbourg, cathedral strasbourg",France
fr-0036-h20,fr-0036,France,Alsace (Grand Est),Strasbourg,Strasbourg,"Strasbourg, France Christmas Market Evening Walk (2023)",strasbourg-christmas-market-evening-walk-2023,https://youtu.be/sLkoeB_d93Q,01:01:37,3697,Place de la Cathédrale (Christmas Market #4),Place de la Cathédrale,"place de la cathédrale, cathedral square strasbourg, christmas market strasbourg",France
fr-0036-h21,fr-0036,France,Alsace (Grand Est),Strasbourg,Strasbourg,"Strasbourg, France Christmas Market Evening Walk (2023)",strasbourg-christmas-market-evening-walk-2023,https://youtu.be/sLkoeB_d93Q,01:16:47,4607,Place du Château (Christmas Market #5),Place du Château,"place du château, place du chateau, christmas market strasbourg",France
fr-0036-h22,fr-0036,France,Alsace (Grand Est),Strasbourg,Strasbourg,"Strasbourg, France Christmas Market Evening Walk (2023)",strasbourg-christmas-market-evening-walk-2023,https://youtu.be/sLkoeB_d93Q,01:26:10,5170,Place du Marché aux Poissons (Christmas Market #6),Place du Marché aux Poissons,"place du marché aux poissons, fish market square strasbourg, christmas market strasbourg",France
fr-0036-h23,fr-0036,France,Alsace (Grand Est),Strasbourg,Strasbourg,"Strasbourg, France Christmas Market Evening Walk (2023)",strasbourg-christmas-market-evening-walk-2023,https://youtu.be/sLkoeB_d93Q,01:33:09,5589,Pont Ste Madeleine,Pont Ste Madeleine,"pont ste madeleine, pont sainte madeleine, strasbourg bridge",France
fr-0036-h24,fr-0036,France,Alsace (Grand Est),Strasbourg,Strasbourg,"Strasbourg, France Christmas Market Evening Walk (2023)",strasbourg-christmas-market-evening-walk-2023,https://youtu.be/sLkoeB_d93Q,01:39:13,5953,Place du Corbeau,Place du Corbeau,"place du corbeau, strasbourg square, old town strasbourg",France
fr-0036-h25,fr-0036,France,Alsace (Grand Est),Strasbourg,Strasbourg,"Strasbourg, France Christmas Market Evening Walk (2023)",strasbourg-christmas-market-evening-walk-2023,https://youtu.be/sLkoeB_d93Q,01:41:54,6114,Porte d'entrée de la Capitale de Noël,Capitale de Noël Entrance,"porte d'entrée de la capitale de noël, capitale de noel entrance, christmas capital entrance",France
fr-0036-h26,fr-0036,France,Alsace (Grand Est),Strasbourg,Strasbourg,"Strasbourg, France Christmas Market Evening Walk (2023)",strasbourg-christmas-market-evening-walk-2023,https://youtu.be/sLkoeB_d93Q,01:43:05,6185,Place du Marché-aux-Cochons-de-Lait,Place du Marché-aux-Cochons-de-Lait,"place du marché-aux-cochons-de-lait, suckling pigs market square, strasbourg market square",France
fr-0036-h27,fr-0036,France,Alsace (Grand Est),Strasbourg,Strasbourg,"Strasbourg, France Christmas Market Evening Walk (2023)",strasbourg-christmas-market-evening-walk-2023,https://youtu.be/sLkoeB_d93Q,01:50:02,6602,Place de la Cathédrale,Place de la Cathédrale,"place de la cathédrale, cathedral square strasbourg, return to cathedral square",France
fr-0036-h28,fr-0036,France,Alsace (Grand Est),Strasbourg,Strasbourg,"Strasbourg, France Christmas Market Evening Walk (2023)",strasbourg-christmas-market-evening-walk-2023,https://youtu.be/sLkoeB_d93Q,01:54:26,6866,Rue des Orfèvres,Rue des Orfèvres,"rue des orfèvres, rue des orfevres, strasbourg street",France
fr-0036-h29,fr-0036,France,Alsace (Grand Est),Strasbourg,Strasbourg,"Strasbourg, France Christmas Market Evening Walk (2023)",strasbourg-christmas-market-evening-walk-2023,https://youtu.be/sLkoeB_d93Q,02:01:05,7265,Place Broglie (Christmas Market #7),Place Broglie,"place broglie, broglie square strasbourg, christmas market strasbourg",France
fr-0036-h30,fr-0036,France,Alsace (Grand Est),Strasbourg,Strasbourg,"Strasbourg, France Christmas Market Evening Walk (2023)",strasbourg-christmas-market-evening-walk-2023,https://youtu.be/sLkoeB_d93Q,02:17:14,8234,Place Kléber,Place Kléber,"place kléber, place kleber, strasbourg christmas tree",France
fr-0036-h31,fr-0036,France,Alsace (Grand Est),Strasbourg,Strasbourg,"Strasbourg, France Christmas Market Evening Walk (2023)",strasbourg-christmas-market-evening-walk-2023,https://youtu.be/sLkoeB_d93Q,02:19:13,8353,Rue des Grandes Arcades,Rue des Grandes Arcades,"rue des grandes arcades, strasbourg shopping street, old town street",France
fr-0036-h32,fr-0036,France,Alsace (Grand Est),Strasbourg,Strasbourg,"Strasbourg, France Christmas Market Evening Walk (2023)",strasbourg-christmas-market-evening-walk-2023,https://youtu.be/sLkoeB_d93Q,02:21:01,8461,Place du Temple Neuf (Christmas Market #8),Place du Temple Neuf,"place du temple neuf, temple neuf square strasbourg, christmas market strasbourg",France
fr-0036-h33,fr-0036,France,Alsace (Grand Est),Strasbourg,Strasbourg,"Strasbourg, France Christmas Market Evening Walk (2023)",strasbourg-christmas-market-evening-walk-2023,https://youtu.be/sLkoeB_d93Q,02:26:31,8791,Place Gutenberg,Place Gutenberg,"place gutenberg, gutenberg square strasbourg, return to gutenberg square",France
fr-0036-h34,fr-0036,France,Alsace (Grand Est),Strasbourg,Strasbourg,"Strasbourg, France Christmas Market Evening Walk (2023)",strasbourg-christmas-market-evening-walk-2023,https://youtu.be/sLkoeB_d93Q,02:29:01,8941,Place des Tripiers,Place des Tripiers,"place des tripiers, strasbourg square, old town strasbourg",France
fr-0036-h35,fr-0036,France,Alsace (Grand Est),Strasbourg,Strasbourg,"Strasbourg, France Christmas Market Evening Walk (2023)",strasbourg-christmas-market-evening-walk-2023,https://youtu.be/sLkoeB_d93Q,02:31:49,9109,Pont du Corbeau,Pont du Corbeau,"pont du corbeau, strasbourg bridge, return to pont du corbeau",France
fr-0037-h01,fr-0037,France,Alsace (Grand Est),Strasbourg,Strasbourg,"Strasbourg, France Christmas Market Evening Walk (2022)",strasbourg-christmas-market-evening-walk-2022,https://youtu.be/llOvsepGHZI,00:00:00,0,Intro and Map,Strasbourg,"Strasbourg Christmas market, Strasbourg intro, Strasbourg map",France
fr-0037-h02,fr-0037,France,Alsace (Grand Est),Strasbourg,Strasbourg,"Strasbourg, France Christmas Market Evening Walk (2022)",strasbourg-christmas-market-evening-walk-2022,https://youtu.be/llOvsepGHZI,00:00:52,52,Pont du Corbeau,Pont du Corbeau,"pont du corbeau, strasbourg bridge, old town strasbourg",France
fr-0037-h03,fr-0037,France,Alsace (Grand Est),Strasbourg,Strasbourg,"Strasbourg, France Christmas Market Evening Walk (2022)",strasbourg-christmas-market-evening-walk-2022,https://youtu.be/llOvsepGHZI,00:02:07,127,Christmas Market Entrance,Christmas Market Entrance,"christmas market entrance, strasbourg christmas market entrance, noel strasbourg",France
fr-0037-h04,fr-0037,France,Alsace (Grand Est),Strasbourg,Strasbourg,"Strasbourg, France Christmas Market Evening Walk (2022)",strasbourg-christmas-market-evening-walk-2022,https://youtu.be/llOvsepGHZI,00:03:09,189,Place de la Grande Boucherie,Place de la Grande Boucherie,"place de la grande boucherie, strasbourg square, christmas market strasbourg",France
fr-0037-h05,fr-0037,France,Alsace (Grand Est),Strasbourg,Strasbourg,"Strasbourg, France Christmas Market Evening Walk (2022)",strasbourg-christmas-market-evening-walk-2022,https://youtu.be/llOvsepGHZI,00:03:49,229,Place du Marché-aux-Cochons-de-Lait,Place du Marché-aux-Cochons-de-Lait,"place du marché-aux-cochons-de-lait, suckling pigs market square, strasbourg market square",France
fr-0037-h06,fr-0037,France,Alsace (Grand Est),Strasbourg,Strasbourg,"Strasbourg, France Christmas Market Evening Walk (2022)",strasbourg-christmas-market-evening-walk-2022,https://youtu.be/llOvsepGHZI,00:07:18,438,Scenic Street,Scenic Street,"scenic street strasbourg, old town street strasbourg, festive street strasbourg",France
fr-0037-h07,fr-0037,France,Alsace (Grand Est),Strasbourg,Strasbourg,"Strasbourg, France Christmas Market Evening Walk (2022)",strasbourg-christmas-market-evening-walk-2022,https://youtu.be/llOvsepGHZI,00:10:10,610,Christmas Market at the Cathedral,Place de la Cathédrale,"cathedral christmas market, place de la cathédrale, strasbourg christmas market",France
fr-0037-h08,fr-0037,France,Alsace (Grand Est),Strasbourg,Strasbourg,"Strasbourg, France Christmas Market Evening Walk (2022)",strasbourg-christmas-market-evening-walk-2022,https://youtu.be/llOvsepGHZI,00:25:24,1524,Place du Château,Place du Château,"place du château, place du chateau, christmas market strasbourg",France
fr-0037-h09,fr-0037,France,Alsace (Grand Est),Strasbourg,Strasbourg,"Strasbourg, France Christmas Market Evening Walk (2022)",strasbourg-christmas-market-evening-walk-2022,https://youtu.be/llOvsepGHZI,00:33:03,1983,Christmas Market at Marché aux Poissons,Place du Marché aux Poissons,"place du marché aux poissons, fish market square strasbourg, christmas market strasbourg",France
fr-0037-h10,fr-0037,France,Alsace (Grand Est),Strasbourg,Strasbourg,"Strasbourg, France Christmas Market Evening Walk (2022)",strasbourg-christmas-market-evening-walk-2022,https://youtu.be/llOvsepGHZI,00:37:30,2250,Pont Ste Madeleine,Pont Ste Madeleine,"pont ste madeleine, pont sainte madeleine, strasbourg bridge",France
fr-0037-h11,fr-0037,France,Alsace (Grand Est),Strasbourg,Strasbourg,"Strasbourg, France Christmas Market Evening Walk (2022)",strasbourg-christmas-market-evening-walk-2022,https://youtu.be/llOvsepGHZI,00:43:16,2596,Place du Corbeau,Place du Corbeau,"place du corbeau, strasbourg square, old town strasbourg",France
fr-0037-h12,fr-0037,France,Alsace (Grand Est),Strasbourg,Strasbourg,"Strasbourg, France Christmas Market Evening Walk (2022)",strasbourg-christmas-market-evening-walk-2022,https://youtu.be/llOvsepGHZI,00:44:58,2698,Porte d'entrée de la Capitale de Noël,Capitale de Noël Entrance,"porte d'entrée de la capitale de noël, capitale de noel entrance, christmas capital entrance",France
fr-0037-h13,fr-0037,France,Alsace (Grand Est),Strasbourg,Strasbourg,"Strasbourg, France Christmas Market Evening Walk (2022)",strasbourg-christmas-market-evening-walk-2022,https://youtu.be/llOvsepGHZI,00:46:26,2786,Place des Tripiers,Place des Tripiers,"place des tripiers, strasbourg square, old town strasbourg",France
fr-0037-h14,fr-0037,France,Alsace (Grand Est),Strasbourg,Strasbourg,"Strasbourg, France Christmas Market Evening Walk (2022)",strasbourg-christmas-market-evening-walk-2022,https://youtu.be/llOvsepGHZI,00:51:41,3101,Place de la Cathédrale,Place de la Cathédrale,"place de la cathédrale, cathedral square strasbourg, christmas market strasbourg",France
fr-0037-h15,fr-0037,France,Alsace (Grand Est),Strasbourg,Strasbourg,"Strasbourg, France Christmas Market Evening Walk (2022)",strasbourg-christmas-market-evening-walk-2022,https://youtu.be/llOvsepGHZI,00:55:13,3313,Rue des Orfèvres,Rue des Orfèvres,"rue des orfèvres, rue des orfevres, strasbourg street",France
fr-0037-h16,fr-0037,France,Alsace (Grand Est),Strasbourg,Strasbourg,"Strasbourg, France Christmas Market Evening Walk (2022)",strasbourg-christmas-market-evening-walk-2022,https://youtu.be/llOvsepGHZI,00:58:17,3497,Christmas Market at Temple Neuf,Place du Temple Neuf,"place du temple neuf, temple neuf square strasbourg, christmas market strasbourg",France
fr-0037-h17,fr-0037,France,Alsace (Grand Est),Strasbourg,Strasbourg,"Strasbourg, France Christmas Market Evening Walk (2022)",strasbourg-christmas-market-evening-walk-2022,https://youtu.be/llOvsepGHZI,01:03:58,3838,Christmas Market at Broglie,Place Broglie,"place broglie, broglie square strasbourg, christmas market strasbourg",France
fr-0037-h18,fr-0037,France,Alsace (Grand Est),Strasbourg,Strasbourg,"Strasbourg, France Christmas Market Evening Walk (2022)",strasbourg-christmas-market-evening-walk-2022,https://youtu.be/llOvsepGHZI,01:13:55,4435,Christmas Market at Kléber,Place Kléber,"place kléber, place kleber, strasbourg christmas tree",France
fr-0037-h19,fr-0037,France,Alsace (Grand Est),Strasbourg,Strasbourg,"Strasbourg, France Christmas Market Evening Walk (2022)",strasbourg-christmas-market-evening-walk-2022,https://youtu.be/llOvsepGHZI,01:22:17,4937,Rue des Grandes Arcades,Rue des Grandes Arcades,"rue des grandes arcades, strasbourg shopping street, old town street",France
fr-0037-h20,fr-0037,France,Alsace (Grand Est),Strasbourg,Strasbourg,"Strasbourg, France Christmas Market Evening Walk (2022)",strasbourg-christmas-market-evening-walk-2022,https://youtu.be/llOvsepGHZI,01:24:59,5099,Place Gutenberg,Place Gutenberg,"place gutenberg, gutenberg square strasbourg, old town strasbourg",France
fr-0037-h21,fr-0037,France,Alsace (Grand Est),Strasbourg,Strasbourg,"Strasbourg, France Christmas Market Evening Walk (2022)",strasbourg-christmas-market-evening-walk-2022,https://youtu.be/llOvsepGHZI,01:25:58,5158,Rue Gutenberg,Rue Gutenberg,"rue gutenberg, strasbourg street, old town street strasbourg",France
fr-0037-h22,fr-0037,France,Alsace (Grand Est),Strasbourg,Strasbourg,"Strasbourg, France Christmas Market Evening Walk (2022)",strasbourg-christmas-market-evening-walk-2022,https://youtu.be/llOvsepGHZI,01:27:21,5241,Santa on a One Wheel,Santa,"santa on a one wheel, christmas market santa, strasbourg christmas fun",France
fr-0037-h23,fr-0037,France,Alsace (Grand Est),Strasbourg,Strasbourg,"Strasbourg, France Christmas Market Evening Walk (2022)",strasbourg-christmas-market-evening-walk-2022,https://youtu.be/llOvsepGHZI,01:32:24,5544,Christmas Market at Benjamin Zix,Place Benjamin Zix,"place benjamin zix, petite france square, christmas market strasbourg",France
fr-0037-h24,fr-0037,France,Alsace (Grand Est),Strasbourg,Strasbourg,"Strasbourg, France Christmas Market Evening Walk (2022)",strasbourg-christmas-market-evening-walk-2022,https://youtu.be/llOvsepGHZI,01:34:45,5685,Petite France,Petite France,"petite france, strasbourg petite france, canal district strasbourg",France
fr-0037-h25,fr-0037,France,Alsace (Grand Est),Strasbourg,Strasbourg,"Strasbourg, France Christmas Market Evening Walk (2022)",strasbourg-christmas-market-evening-walk-2022,https://youtu.be/llOvsepGHZI,01:40:52,6052,Scenic View at Pont Saint-Martin,Pont Saint-Martin,"scenic view at pont saint-martin, pont saint-martin, strasbourg bridge",France
fr-0037-h26,fr-0037,France,Alsace (Grand Est),Strasbourg,Strasbourg,"Strasbourg, France Christmas Market Evening Walk (2022)",strasbourg-christmas-market-evening-walk-2022,https://youtu.be/llOvsepGHZI,01:45:34,6334,Footbridge of the Old Glaciers,Passerelle des Anciennes-Glacières,"footbridge of the old glaciers, passerelle des anciennes-glacières, strasbourg footbridge",France
fr-0037-h27,fr-0037,France,Alsace (Grand Est),Strasbourg,Strasbourg,"Strasbourg, France Christmas Market Evening Walk (2022)",strasbourg-christmas-market-evening-walk-2022,https://youtu.be/llOvsepGHZI,01:50:17,6617,Christmas Market at Square Louise-Weiss,Square Louise-Weiss,"square louise-weiss, louise weiss square strasbourg, christmas market strasbourg",France
fr-0037-h28,fr-0037,France,Alsace (Grand Est),Strasbourg,Strasbourg,"Strasbourg, France Christmas Market Evening Walk (2022)",strasbourg-christmas-market-evening-walk-2022,https://youtu.be/llOvsepGHZI,01:55:57,6957,Ponts Couverts,Ponts Couverts,"ponts couverts, covered bridges strasbourg, petite france landmark",France
fr-0037-h29,fr-0037,France,Alsace (Grand Est),Strasbourg,Strasbourg,"Strasbourg, France Christmas Market Evening Walk (2022)",strasbourg-christmas-market-evening-walk-2022,https://youtu.be/llOvsepGHZI,01:57:34,7054,Barrage Vauban Viewpoint,Barrage Vauban,"barrage vauban viewpoint, vauban dam strasbourg, strasbourg landmark",France
fr-0037-h30,fr-0037,France,Alsace (Grand Est),Strasbourg,Strasbourg,"Strasbourg, France Christmas Market Evening Walk (2022)",strasbourg-christmas-market-evening-walk-2022,https://youtu.be/llOvsepGHZI,02:01:51,7311,Place du Quartier Blanc,Place du Quartier Blanc,"place du quartier blanc, quartier blanc strasbourg, strasbourg square",France
fr-0003-h01,fr-0003,France,Provence-Alpes-Côte d'Azur,Nice,Place Masséna,"Nice, France Evening Walk (2025)",nice-old-town-monday-evening-walk-2025,https://youtu.be/br0MPT2SdTE,0:00:00,0,Intro and Map,Intro and Map,"nice france map, nice walking tour map, nice evening walk",
fr-0003-h02,fr-0003,France,Provence-Alpes-Côte d'Azur,Nice,Place Masséna,"Nice, France Evening Walk (2025)",nice-old-town-monday-evening-walk-2025,https://youtu.be/br0MPT2SdTE,0:00:53,53,Place Masséna,Place Masséna,"place massena nice, nice main square, massena square, fontaine soleil nice",
fr-0003-h03,fr-0003,France,Provence-Alpes-Côte d'Azur,Nice,Place Masséna,"Nice, France Evening Walk (2025)",nice-old-town-monday-evening-walk-2025,https://youtu.be/br0MPT2SdTE,0:03:48,228,Fontaine du Soleil,Fontaine du Soleil,"fontaine du soleil nice, apollo fountain nice, sun fountain nice, place massena fountain",
fr-0003-h04,fr-0003,France,Provence-Alpes-Côte d'Azur,Nice,Waterfront,"Nice, France Evening Walk (2025)",nice-old-town-monday-evening-walk-2025,https://youtu.be/br0MPT2SdTE,0:07:50,470,Esplanade Georges Pompidou,Esplanade Georges Pompidou,"esplanade georges pompidou nice, nice waterfront, nice promenade, baie des anges",
fr-0003-h05,fr-0003,France,Provence-Alpes-Côte d'Azur,Nice,Waterfront,"Nice, France Evening Walk (2025)",nice-old-town-monday-evening-walk-2025,https://youtu.be/br0MPT2SdTE,0:09:59,599,Plage Beau Rivage,Plage Beau Rivage,"plage beau rivage nice, nice beach, nice pebble beach, quai des etats unis beach",
fr-0003-h06,fr-0003,France,Provence-Alpes-Côte d'Azur,Nice,Waterfront,"Nice, France Evening Walk (2025)",nice-old-town-monday-evening-walk-2025,https://youtu.be/br0MPT2SdTE,0:14:18,858,Quai des États-Unis,Quai des États-Unis,"quai des etats unis nice, nice seafront promenade, nice waterfront road, promenade des anglais east",
fr-0003-h07,fr-0003,France,Provence-Alpes-Côte d'Azur,Nice,Old Town,"Nice, France Evening Walk (2025)",nice-old-town-monday-evening-walk-2025,https://youtu.be/br0MPT2SdTE,0:21:47,1307,Place Charles Félix,Place Charles Félix,"place charles felix nice, cours saleya nice, matisse house nice, nice old town entrance",
fr-0003-h08,fr-0003,France,Provence-Alpes-Côte d'Azur,Nice,Old Town,"Nice, France Evening Walk (2025)",nice-old-town-monday-evening-walk-2025,https://youtu.be/br0MPT2SdTE,0:26:08,1568,Vieux Nice Old Town,Vieux Nice,"vieux nice, old town nice, nice old town, nice baroque streets, nice medieval streets",
fr-0003-h09,fr-0003,France,Provence-Alpes-Côte d'Azur,Nice,Old Town,"Nice, France Evening Walk (2025)",nice-old-town-monday-evening-walk-2025,https://youtu.be/br0MPT2SdTE,0:31:58,1918,Place Rossetti,Place Rossetti,"place rossetti nice, nice cathedral square, cathedrale sainte reparate, fenocchio ice cream nice",
fr-0003-h10,fr-0003,France,Provence-Alpes-Côte d'Azur,Nice,Old Town,"Nice, France Evening Walk (2025)",nice-old-town-monday-evening-walk-2025,https://youtu.be/br0MPT2SdTE,0:40:06,2406,Place Saint-François,Place Saint-François,"place saint francois nice, nice fish market, dolphin fountain nice, palais communal nice",
fr-0003-h11,fr-0003,France,Provence-Alpes-Côte d'Azur,Nice,Old Town,"Nice, France Evening Walk (2025)",nice-old-town-monday-evening-walk-2025,https://youtu.be/br0MPT2SdTE,0:45:05,2705,Le BanThai Street Musicians,Le BanThai,"le banthai nice, nice street musicians, nice live music old town, rue droite nice music",
fr-0003-h12,fr-0003,France,Provence-Alpes-Côte d'Azur,Nice,Old Town,"Nice, France Evening Walk (2025)",nice-old-town-monday-evening-walk-2025,https://youtu.be/br0MPT2SdTE,0:52:10,3130,Porte Fausse,Porte Fausse,"porte fausse nice, nice medieval gate, nice old town gateway, rue du marche nice",
fr-0003-h13,fr-0003,France,Provence-Alpes-Côte d'Azur,Nice,Old Town,"Nice, France Evening Walk (2025)",nice-old-town-monday-evening-walk-2025,https://youtu.be/br0MPT2SdTE,0:56:02,3362,Place du Palais de Justice,Place du Palais de Justice,"place du palais de justice nice, palais de justice nice, nice courthouse square, palais de la prefecture nice",
fr-0003-h14,fr-0003,France,Provence-Alpes-Côte d'Azur,Nice,Old Town,"Nice, France Evening Walk (2025)",nice-old-town-monday-evening-walk-2025,https://youtu.be/br0MPT2SdTE,0:59:15,3555,Le Café du Palais Live Band,Le Café du Palais,"le cafe du palais nice, nice live music restaurant, nice old town band, place du palais de justice restaurant",
fr-0003-h15,fr-0003,France,Provence-Alpes-Côte d'Azur,Nice,Old Town,"Nice, France Evening Walk (2025)",nice-old-town-monday-evening-walk-2025,https://youtu.be/br0MPT2SdTE,1:01:30,3690,Cours Saleya at Night,Cours Saleya,"cours saleya nice, cours saleya night, nice flower market, cours saleya restaurants",
fr-0003-h16,fr-0003,France,Provence-Alpes-Côte d'Azur,Nice,Waterfront,"Nice, France Evening Walk (2025)",nice-old-town-monday-evening-walk-2025,https://youtu.be/br0MPT2SdTE,1:18:55,4735,Quai des États-Unis (return),Quai des États-Unis,"quai des etats unis nice, nice waterfront night, nice seafront evening, baie des anges night",
fr-0003-h17,fr-0003,France,Provence-Alpes-Côte d'Azur,Nice,Quai Rauba Capeu,"Nice, France Evening Walk (2025)",nice-old-town-monday-evening-walk-2025,https://youtu.be/br0MPT2SdTE,1:28:08,5288,Cadran Solaire Sundial,Cadran Solaire,"cadran solaire nice, nice sundial, quai rauba capeu sundial, i love nice sign",
fr-0003-h18,fr-0003,France,Provence-Alpes-Côte d'Azur,Nice,Quai Rauba Capeu,"Nice, France Evening Walk (2025)",nice-old-town-monday-evening-walk-2025,https://youtu.be/br0MPT2SdTE,1:29:47,5387,Camera Gear,Camera Gear,"nice camera gear, prowalk tours camera, filming equipment nice",
de-0001-h01,de-0001,Germany,North Rhine-Westphalia,Aachen,Aachen Christmas Market,"Aachen, Germany Christmas Market Evening Walk (2024)",aachen-christmas-market-evening-walk-2024,https://youtu.be/sNUBp762Qik,0:00:00,0,Intro and Map,Intro and Map,"intro and map, aachen intro and map, aachen christmas market intro and map",Germany
de-0001-h02,de-0001,Germany,North Rhine-Westphalia,Aachen,Aachen Christmas Market,"Aachen, Germany Christmas Market Evening Walk (2024)",aachen-christmas-market-evening-walk-2024,https://youtu.be/sNUBp762Qik,0:00:52,52,Katschhof,Katschhof,"katschhof, aachen katschhof, aachen christmas market katschhof, katschhof weihnachtsmarkt, aachen katschhof market",Germany
de-0001-h03,de-0001,Germany,North Rhine-Westphalia,Aachen,Aachen Christmas Market,"Aachen, Germany Christmas Market Evening Walk (2024)",aachen-christmas-market-evening-walk-2024,https://youtu.be/sNUBp762Qik,0:13:37,817,Marktplatz am Rathaus,Marktplatz am Rathaus,"marktplatz am rathaus, aachen marktplatz am rathaus, aachen christmas market marktplatz am rathaus, aachen marktplatz, aachen rathaus market, aachen town hall",Germany
de-0001-h04,de-0001,Germany,North Rhine-Westphalia,Aachen,Aachen Christmas Market,"Aachen, Germany Christmas Market Evening Walk (2024)",aachen-christmas-market-evening-walk-2024,https://youtu.be/sNUBp762Qik,0:23:50,1430,Karlsbrunnen Fountain,Karlsbrunnen Fountain,"karlsbrunnen fountain, aachen karlsbrunnen fountain, aachen christmas market karlsbrunnen fountain, aachen karlsbrunnen, aachen fontaine",Germany
de-0001-h05,de-0001,Germany,North Rhine-Westphalia,Aachen,Aachen Christmas Market,"Aachen, Germany Christmas Market Evening Walk (2024)",aachen-christmas-market-evening-walk-2024,https://youtu.be/sNUBp762Qik,0:28:21,1701,Katschhof (return),Katschhof (return),"katschhof (return), aachen katschhof (return), aachen christmas market katschhof (return), katschhof weihnachtsmarkt, aachen katschhof market",Germany
de-0001-h06,de-0001,Germany,North Rhine-Westphalia,Aachen,Aachen Christmas Market,"Aachen, Germany Christmas Market Evening Walk (2024)",aachen-christmas-market-evening-walk-2024,https://youtu.be/sNUBp762Qik,0:34:24,2064,Puppenbrunnen Fountain,Puppenbrunnen Fountain,"puppenbrunnen fountain, aachen puppenbrunnen fountain, aachen christmas market puppenbrunnen fountain, aachen puppenbrunnen, aachen puppet fountain",Germany
de-0001-h07,de-0001,Germany,North Rhine-Westphalia,Aachen,Aachen Christmas Market,"Aachen, Germany Christmas Market Evening Walk (2024)",aachen-christmas-market-evening-walk-2024,https://youtu.be/sNUBp762Qik,0:35:38,2138,Krämerstraße,Krämerstraße,"krämerstraße, aachen krämerstraße, aachen christmas market krämerstraße",Germany
de-0001-h08,de-0001,Germany,North Rhine-Westphalia,Aachen,Aachen Christmas Market,"Aachen, Germany Christmas Market Evening Walk (2024)",aachen-christmas-market-evening-walk-2024,https://youtu.be/sNUBp762Qik,0:36:50,2210,Hühnermarkt,Hühnermarkt,"hühnermarkt, aachen hühnermarkt, aachen christmas market hühnermarkt",Germany
de-0001-h09,de-0001,Germany,North Rhine-Westphalia,Aachen,Aachen Christmas Market,"Aachen, Germany Christmas Market Evening Walk (2024)",aachen-christmas-market-evening-walk-2024,https://youtu.be/sNUBp762Qik,0:40:40,2440,Hof,Hof,"hof, aachen hof, aachen christmas market hof",Germany
de-0001-h10,de-0001,Germany,North Rhine-Westphalia,Aachen,Aachen Christmas Market,"Aachen, Germany Christmas Market Evening Walk (2024)",aachen-christmas-market-evening-walk-2024,https://youtu.be/sNUBp762Qik,0:44:55,2695,Münsterplatz,Münsterplatz,"münsterplatz, aachen münsterplatz, aachen christmas market münsterplatz, aachen münsterplatz, aachen minster square",Germany
de-0001-h11,de-0001,Germany,North Rhine-Westphalia,Aachen,Aachen Christmas Market,"Aachen, Germany Christmas Market Evening Walk (2024)",aachen-christmas-market-evening-walk-2024,https://youtu.be/sNUBp762Qik,0:50:28,3028,Spitzgässchen,Spitzgässchen,"spitzgässchen, aachen spitzgässchen, aachen christmas market spitzgässchen",Germany
de-0001-h12,de-0001,Germany,North Rhine-Westphalia,Aachen,Aachen Christmas Market,"Aachen, Germany Christmas Market Evening Walk (2024)",aachen-christmas-market-evening-walk-2024,https://youtu.be/sNUBp762Qik,0:54:46,3286,Aachen Cathedral,Aachen Cathedral,"aachen cathedral, aachen aachen cathedral, aachen christmas market aachen cathedral, aachen dom, aachen cathedral christmas",Germany
de-0001-h13,de-0001,Germany,North Rhine-Westphalia,Aachen,Aachen Christmas Market,"Aachen, Germany Christmas Market Evening Walk (2024)",aachen-christmas-market-evening-walk-2024,https://youtu.be/sNUBp762Qik,1:10:17,4217,Schmiedstraße,Schmiedstraße,"schmiedstraße, aachen schmiedstraße, aachen christmas market schmiedstraße",Germany
de-0001-h14,de-0001,Germany,North Rhine-Westphalia,Aachen,Aachen Christmas Market,"Aachen, Germany Christmas Market Evening Walk (2024)",aachen-christmas-market-evening-walk-2024,https://youtu.be/sNUBp762Qik,1:11:42,4302,Kleinmarschierstraße,Kleinmarschierstraße,"kleinmarschierstraße, aachen kleinmarschierstraße, aachen christmas market kleinmarschierstraße",Germany
de-0001-h15,de-0001,Germany,North Rhine-Westphalia,Aachen,Aachen Christmas Market,"Aachen, Germany Christmas Market Evening Walk (2024)",aachen-christmas-market-evening-walk-2024,https://youtu.be/sNUBp762Qik,1:12:06,4326,Münsterplatz (return),Münsterplatz (return),"münsterplatz (return), aachen münsterplatz (return), aachen christmas market münsterplatz (return), aachen münsterplatz, aachen minster square",Germany
de-0002-h01,de-0002,Germany,North Rhine-Westphalia,Cologne,Cologne Christmas Market,"Cologne, Germany Christmas Market Evening Walk (2023)",cologne-christmas-market-evening-walk-2023,https://youtu.be/pK8KdLX1uEo,0:00:00,0,Intro and Map,Intro and Map,"intro and map, cologne intro and map, cologne christmas market intro and map",Germany
de-0002-h02,de-0002,Germany,North Rhine-Westphalia,Cologne,Cologne Christmas Market,"Cologne, Germany Christmas Market Evening Walk (2023)",cologne-christmas-market-evening-walk-2023,https://youtu.be/pK8KdLX1uEo,0:00:52,52,Cologne Cathedral,Cologne Cathedral,"cologne cathedral, cologne cologne cathedral, cologne christmas market cologne cathedral",Germany
de-0002-h03,de-0002,Germany,North Rhine-Westphalia,Cologne,Cologne Christmas Market,"Cologne, Germany Christmas Market Evening Walk (2023)",cologne-christmas-market-evening-walk-2023,https://youtu.be/pK8KdLX1uEo,0:14:31,871,Cathedral Christmas Market,Cathedral Christmas Market,"cathedral christmas market, cologne cathedral christmas market, cologne christmas market cathedral christmas market",Germany
de-0002-h04,de-0002,Germany,North Rhine-Westphalia,Cologne,Cologne Christmas Market,"Cologne, Germany Christmas Market Evening Walk (2023)",cologne-christmas-market-evening-walk-2023,https://youtu.be/pK8KdLX1uEo,0:25:48,1548,Heinzelmännchen Fountain,Heinzelmännchen Fountain,"heinzelmännchen fountain, cologne heinzelmännchen fountain, cologne christmas market heinzelmännchen fountain",Germany
de-0002-h05,de-0002,Germany,North Rhine-Westphalia,Cologne,Cologne Christmas Market,"Cologne, Germany Christmas Market Evening Walk (2023)",cologne-christmas-market-evening-walk-2023,https://youtu.be/pK8KdLX1uEo,0:32:54,1974,Heinzels Winter Fairytale (Alter Markt),Heinzels Winter Fairytale (Alter Markt),"heinzels winter fairytale (alter markt), cologne heinzels winter fairytale (alter markt), cologne christmas market heinzels winter fairytale (alter markt)",Germany
de-0002-h06,de-0002,Germany,North Rhine-Westphalia,Cologne,Cologne Christmas Market,"Cologne, Germany Christmas Market Evening Walk (2023)",cologne-christmas-market-evening-walk-2023,https://youtu.be/pK8KdLX1uEo,0:49:43,2983,Heinzels Winter Fairytale (Heumarkt),Heinzels Winter Fairytale (Heumarkt),"heinzels winter fairytale (heumarkt), cologne heinzels winter fairytale (heumarkt), cologne christmas market heinzels winter fairytale (heumarkt)",Germany
de-0002-h07,de-0002,Germany,North Rhine-Westphalia,Cologne,Cologne Christmas Market,"Cologne, Germany Christmas Market Evening Walk (2023)",cologne-christmas-market-evening-walk-2023,https://youtu.be/pK8KdLX1uEo,1:06:50,4010,Schildergasse,Schildergasse,"schildergasse, cologne schildergasse, cologne christmas market schildergasse",Germany
de-0002-h08,de-0002,Germany,North Rhine-Westphalia,Cologne,Cologne Christmas Market,"Cologne, Germany Christmas Market Evening Walk (2023)",cologne-christmas-market-evening-walk-2023,https://youtu.be/pK8KdLX1uEo,1:09:44,4184,Antoniterkirche,Antoniterkirche,"antoniterkirche, cologne antoniterkirche, cologne christmas market antoniterkirche",Germany
de-0002-h09,de-0002,Germany,North Rhine-Westphalia,Cologne,Cologne Christmas Market,"Cologne, Germany Christmas Market Evening Walk (2023)",cologne-christmas-market-evening-walk-2023,https://youtu.be/pK8KdLX1uEo,1:15:39,4539,Markt der Engel (The Angel Market),Markt der Engel (The Angel Market),"markt der engel (the angel market), cologne markt der engel (the angel market), cologne christmas market markt der engel (the angel market)",Germany
de-0002-h10,de-0002,Germany,North Rhine-Westphalia,Cologne,Cologne Christmas Market,"Cologne, Germany Christmas Market Evening Walk (2023)",cologne-christmas-market-evening-walk-2023,https://youtu.be/pK8KdLX1uEo,1:31:22,5482,Church of St. Aposteln,Church of St. Aposteln,"church of st. aposteln, cologne church of st. aposteln, cologne christmas market church of st. aposteln",Germany
de-0002-h11,de-0002,Germany,North Rhine-Westphalia,Cologne,Cologne Christmas Market,"Cologne, Germany Christmas Market Evening Walk (2023)",cologne-christmas-market-evening-walk-2023,https://youtu.be/pK8KdLX1uEo,1:37:05,5825,Cologne’s Nikolausdorf (the Nicholas Village),Cologne’s Nikolausdorf (the Nicholas Village),"cologne’s nikolausdorf (the nicholas village), cologne cologne’s nikolausdorf (the nicholas village), cologne christmas market cologne’s nikolausdorf (the nicholas village)",Germany
de-0002-h12,de-0002,Germany,North Rhine-Westphalia,Cologne,Cologne Christmas Market,"Cologne, Germany Christmas Market Evening Walk (2023)",cologne-christmas-market-evening-walk-2023,https://youtu.be/pK8KdLX1uEo,1:49:52,6592,Neumarkt,Neumarkt,"neumarkt, cologne neumarkt, cologne christmas market neumarkt",Germany
de-0002-h13,de-0002,Germany,North Rhine-Westphalia,Cologne,Cologne Christmas Market,"Cologne, Germany Christmas Market Evening Walk (2023)",cologne-christmas-market-evening-walk-2023,https://youtu.be/pK8KdLX1uEo,1:52:54,6774,Schildergasse (return),Schildergasse (return),"schildergasse (return), cologne schildergasse (return), cologne christmas market schildergasse (return)",Germany
de-0002-h14,de-0002,Germany,North Rhine-Westphalia,Cologne,Cologne Christmas Market,"Cologne, Germany Christmas Market Evening Walk (2023)",cologne-christmas-market-evening-walk-2023,https://youtu.be/pK8KdLX1uEo,1:59:34,7174,Hohe Straße,Hohe Straße,"hohe straße, cologne hohe straße, cologne christmas market hohe straße",Germany
de-0002-h15,de-0002,Germany,North Rhine-Westphalia,Cologne,Cologne Christmas Market,"Cologne, Germany Christmas Market Evening Walk (2023)",cologne-christmas-market-evening-walk-2023,https://youtu.be/pK8KdLX1uEo,2:04:18,7458,Wallrafplatz,Wallrafplatz,"wallrafplatz, cologne wallrafplatz, cologne christmas market wallrafplatz",Germany
de-0003-h01,de-0003,Germany,North Rhine-Westphalia,Cologne,Cologne Christmas Market,"Cologne, Germany Christmas Market Day Walk (2023)",cologne-christmas-market-day-walk-2023,https://youtu.be/GCsPZt5qUpg,0:00:52,52,Outside Cologne Cathedral,Outside Cologne Cathedral,"outside cologne cathedral, cologne outside cologne cathedral, cologne christmas market outside cologne cathedral",Germany
de-0003-h02,de-0003,Germany,North Rhine-Westphalia,Cologne,Cologne Christmas Market,"Cologne, Germany Christmas Market Day Walk (2023)",cologne-christmas-market-day-walk-2023,https://youtu.be/GCsPZt5qUpg,0:05:42,342,Inside Cologne Cathedral (Kölner Dom),Inside Cologne Cathedral (Kölner Dom),"inside cologne cathedral (kölner dom), cologne inside cologne cathedral (kölner dom), cologne christmas market inside cologne cathedral (kölner dom)",Germany
de-0003-h03,de-0003,Germany,North Rhine-Westphalia,Cologne,Cologne Christmas Market,"Cologne, Germany Christmas Market Day Walk (2023)",cologne-christmas-market-day-walk-2023,https://youtu.be/GCsPZt5qUpg,0:16:48,1008,Cathedral Christmas Market,Cathedral Christmas Market,"cathedral christmas market, cologne cathedral christmas market, cologne christmas market cathedral christmas market",Germany
de-0003-h04,de-0003,Germany,North Rhine-Westphalia,Cologne,Cologne Christmas Market,"Cologne, Germany Christmas Market Day Walk (2023)",cologne-christmas-market-day-walk-2023,https://youtu.be/GCsPZt5qUpg,0:25:45,1545,Heinzelmännchen Fountain,Heinzelmännchen Fountain,"heinzelmännchen fountain, cologne heinzelmännchen fountain, cologne christmas market heinzelmännchen fountain",Germany
de-0003-h05,de-0003,Germany,North Rhine-Westphalia,Cologne,Cologne Christmas Market,"Cologne, Germany Christmas Market Day Walk (2023)",cologne-christmas-market-day-walk-2023,https://youtu.be/GCsPZt5qUpg,0:31:14,1874,Heinzels Winter Fairytale (Alter Markt),Heinzels Winter Fairytale (Alter Markt),"heinzels winter fairytale (alter markt), cologne heinzels winter fairytale (alter markt), cologne christmas market heinzels winter fairytale (alter markt)",Germany
de-0003-h06,de-0003,Germany,North Rhine-Westphalia,Cologne,Cologne Christmas Market,"Cologne, Germany Christmas Market Day Walk (2023)",cologne-christmas-market-day-walk-2023,https://youtu.be/GCsPZt5qUpg,0:45:04,2704,Heinzels Winter Fairytale (Heumarkt),Heinzels Winter Fairytale (Heumarkt),"heinzels winter fairytale (heumarkt), cologne heinzels winter fairytale (heumarkt), cologne christmas market heinzels winter fairytale (heumarkt)",Germany
de-0003-h07,de-0003,Germany,North Rhine-Westphalia,Cologne,Cologne Christmas Market,"Cologne, Germany Christmas Market Day Walk (2023)",cologne-christmas-market-day-walk-2023,https://youtu.be/GCsPZt5qUpg,1:02:04,3724,Gürzenichstraße,Gürzenichstraße,"gürzenichstraße, cologne gürzenichstraße, cologne christmas market gürzenichstraße",Germany
de-0003-h08,de-0003,Germany,North Rhine-Westphalia,Cologne,Cologne Christmas Market,"Cologne, Germany Christmas Market Day Walk (2023)",cologne-christmas-market-day-walk-2023,https://youtu.be/GCsPZt5qUpg,1:04:22,3862,Schildergasse,Schildergasse,"schildergasse, cologne schildergasse, cologne christmas market schildergasse",Germany
de-0003-h09,de-0003,Germany,North Rhine-Westphalia,Cologne,Cologne Christmas Market,"Cologne, Germany Christmas Market Day Walk (2023)",cologne-christmas-market-day-walk-2023,https://youtu.be/GCsPZt5qUpg,1:05:54,3954,Antoniterkirche,Antoniterkirche,"antoniterkirche, cologne antoniterkirche, cologne christmas market antoniterkirche",Germany
de-0003-h10,de-0003,Germany,North Rhine-Westphalia,Cologne,Cologne Christmas Market,"Cologne, Germany Christmas Market Day Walk (2023)",cologne-christmas-market-day-walk-2023,https://youtu.be/GCsPZt5qUpg,1:12:25,4345,The Angel Market (Neumarkt),The Angel Market (Neumarkt),"the angel market (neumarkt), cologne the angel market (neumarkt), cologne christmas market the angel market (neumarkt)",Germany
de-0003-h11,de-0003,Germany,North Rhine-Westphalia,Cologne,Cologne Christmas Market,"Cologne, Germany Christmas Market Day Walk (2023)",cologne-christmas-market-day-walk-2023,https://youtu.be/GCsPZt5qUpg,1:22:04,4924,Church of St. Aposteln,Church of St. Aposteln,"church of st. aposteln, cologne church of st. aposteln, cologne christmas market church of st. aposteln",Germany
de-0003-h12,de-0003,Germany,North Rhine-Westphalia,Cologne,Cologne Christmas Market,"Cologne, Germany Christmas Market Day Walk (2023)",cologne-christmas-market-day-walk-2023,https://youtu.be/GCsPZt5qUpg,1:27:28,5248,Cologne’s Nikolausdorf (the Nicholas Village),Cologne’s Nikolausdorf (the Nicholas Village),"cologne’s nikolausdorf (the nicholas village), cologne cologne’s nikolausdorf (the nicholas village), cologne christmas market cologne’s nikolausdorf (the nicholas village)",Germany
de-0003-h13,de-0003,Germany,North Rhine-Westphalia,Cologne,Cologne Christmas Market,"Cologne, Germany Christmas Market Day Walk (2023)",cologne-christmas-market-day-walk-2023,https://youtu.be/GCsPZt5qUpg,1:34:30,5670,Neumarkt,Neumarkt,"neumarkt, cologne neumarkt, cologne christmas market neumarkt",Germany
de-0003-h14,de-0003,Germany,North Rhine-Westphalia,Cologne,Cologne Christmas Market,"Cologne, Germany Christmas Market Day Walk (2023)",cologne-christmas-market-day-walk-2023,https://youtu.be/GCsPZt5qUpg,1:38:36,5916,Schildergasse (return),Schildergasse (return),"schildergasse (return), cologne schildergasse (return), cologne christmas market schildergasse (return)",Germany
de-0003-h15,de-0003,Germany,North Rhine-Westphalia,Cologne,Cologne Christmas Market,"Cologne, Germany Christmas Market Day Walk (2023)",cologne-christmas-market-day-walk-2023,https://youtu.be/GCsPZt5qUpg,1:44:54,6294,Hohe Straße,Hohe Straße,"hohe straße, cologne hohe straße, cologne christmas market hohe straße",Germany
de-0003-h16,de-0003,Germany,North Rhine-Westphalia,Cologne,Cologne Christmas Market,"Cologne, Germany Christmas Market Day Walk (2023)",cologne-christmas-market-day-walk-2023,https://youtu.be/GCsPZt5qUpg,1:49:29,6569,Wallrafplatz,Wallrafplatz,"wallrafplatz, cologne wallrafplatz, cologne christmas market wallrafplatz",Germany
de-0003-h17,de-0003,Germany,North Rhine-Westphalia,Cologne,Cologne Christmas Market,"Cologne, Germany Christmas Market Day Walk (2023)",cologne-christmas-market-day-walk-2023,https://youtu.be/GCsPZt5qUpg,1:55:54,6954,Heinrich-Böll-Platz,Heinrich-Böll-Platz,"heinrich-böll-platz, cologne heinrich-böll-platz, cologne christmas market heinrich-böll-platz",Germany
de-0003-h18,de-0003,Germany,North Rhine-Westphalia,Cologne,Cologne Christmas Market,"Cologne, Germany Christmas Market Day Walk (2023)",cologne-christmas-market-day-walk-2023,https://youtu.be/GCsPZt5qUpg,1:57:43,7063,Rheingarten,Rheingarten,"rheingarten, cologne rheingarten, cologne christmas market rheingarten",Germany
de-0004-h01,de-0004,Germany,Saxony,Dresden,Dresden Christmas Market,"Dresden, Germany Christmas Market Day Walk (2022)",dresden-christmas-market-day-walk-2022,https://youtu.be/-FIJHCY8j-0,0:00:00,0,Intro and Map,Intro and Map,"intro and map, dresden intro and map, dresden christmas market intro and map",Germany
de-0004-h02,de-0004,Germany,Saxony,Dresden,Dresden Christmas Market,"Dresden, Germany Christmas Market Day Walk (2022)",dresden-christmas-market-day-walk-2022,https://youtu.be/-FIJHCY8j-0,0:00:35,35,Altmarkt - STRIEZELMARKT,Altmarkt - STRIEZELMARKT,"altmarkt - striezelmarkt, dresden altmarkt - striezelmarkt, dresden christmas market altmarkt - striezelmarkt",Germany
de-0004-h03,de-0004,Germany,Saxony,Dresden,Dresden Christmas Market,"Dresden, Germany Christmas Market Day Walk (2022)",dresden-christmas-market-day-walk-2022,https://youtu.be/-FIJHCY8j-0,0:36:06,2166,Neumarkt - Advent at the Neumarkt,Neumarkt - Advent at the Neumarkt,"neumarkt - advent at the neumarkt, dresden neumarkt - advent at the neumarkt, dresden christmas market neumarkt - advent at the neumarkt",Germany
de-0004-h04,de-0004,Germany,Saxony,Dresden,Dresden Christmas Market,"Dresden, Germany Christmas Market Day Walk (2022)",dresden-christmas-market-day-walk-2022,https://youtu.be/-FIJHCY8j-0,0:49:52,2992,Frauenkirche,Frauenkirche,"frauenkirche, dresden frauenkirche, dresden christmas market frauenkirche",Germany
de-0004-h05,de-0004,Germany,Saxony,Dresden,Dresden Christmas Market,"Dresden, Germany Christmas Market Day Walk (2022)",dresden-christmas-market-day-walk-2022,https://youtu.be/-FIJHCY8j-0,0:54:40,3280,Brühlsche Terrasse,Brühlsche Terrasse,"brühlsche terrasse, dresden brühlsche terrasse, dresden christmas market brühlsche terrasse",Germany
de-0004-h06,de-0004,Germany,Saxony,Dresden,Dresden Christmas Market,"Dresden, Germany Christmas Market Day Walk (2022)",dresden-christmas-market-day-walk-2022,https://youtu.be/-FIJHCY8j-0,0:59:51,3591,Schloßplatz,Schloßplatz,"schloßplatz, dresden schloßplatz, dresden christmas market schloßplatz",Germany
de-0004-h07,de-0004,Germany,Saxony,Dresden,Dresden Christmas Market,"Dresden, Germany Christmas Market Day Walk (2022)",dresden-christmas-market-day-walk-2022,https://youtu.be/-FIJHCY8j-0,1:02:34,3754,Theaterplatz,Theaterplatz,"theaterplatz, dresden theaterplatz, dresden christmas market theaterplatz",Germany
de-0004-h08,de-0004,Germany,Saxony,Dresden,Dresden Christmas Market,"Dresden, Germany Christmas Market Day Walk (2022)",dresden-christmas-market-day-walk-2022,https://youtu.be/-FIJHCY8j-0,1:09:03,4143,Romantischer Weihnachtsmarkt,Romantischer Weihnachtsmarkt,"romantischer weihnachtsmarkt, dresden romantischer weihnachtsmarkt, dresden christmas market romantischer weihnachtsmarkt",Germany
de-0005-h01,de-0005,Germany,Saxony,Dresden,Dresden Christmas Market,"Dresden, Germany Christmas Market Evening Walk (2022)",dresden-christmas-market-evening-walk-2022,https://youtu.be/9JCm5Nzqzfg,0:00:56,56,Altmarket Square,Altmarket Square,"altmarket square, dresden altmarket square, dresden christmas market altmarket square",Germany
de-0005-h02,de-0005,Germany,Saxony,Dresden,Dresden Christmas Market,"Dresden, Germany Christmas Market Evening Walk (2022)",dresden-christmas-market-evening-walk-2022,https://youtu.be/9JCm5Nzqzfg,0:52:05,3125,Romantischer Weihnachtsmarkt,Romantischer Weihnachtsmarkt,"romantischer weihnachtsmarkt, dresden romantischer weihnachtsmarkt, dresden christmas market romantischer weihnachtsmarkt",Germany
de-0005-h03,de-0005,Germany,Saxony,Dresden,Dresden Christmas Market,"Dresden, Germany Christmas Market Evening Walk (2022)",dresden-christmas-market-evening-walk-2022,https://youtu.be/9JCm5Nzqzfg,0:58:38,3518,Neumarkt,Neumarkt,"neumarkt, dresden neumarkt, dresden christmas market neumarkt",Germany
de-0005-h04,de-0005,Germany,Saxony,Dresden,Dresden Christmas Market,"Dresden, Germany Christmas Market Evening Walk (2022)",dresden-christmas-market-evening-walk-2022,https://youtu.be/9JCm5Nzqzfg,1:21:15,4875,Bruhl’s Terrace,Bruhl’s Terrace,"bruhl’s terrace, dresden bruhl’s terrace, dresden christmas market bruhl’s terrace",Germany
de-0005-h05,de-0005,Germany,Saxony,Dresden,Dresden Christmas Market,"Dresden, Germany Christmas Market Evening Walk (2022)",dresden-christmas-market-evening-walk-2022,https://youtu.be/9JCm5Nzqzfg,1:28:05,5285,Augustus Bridge,Augustus Bridge,"augustus bridge, dresden augustus bridge, dresden christmas market augustus bridge",Germany
de-0005-h06,de-0005,Germany,Saxony,Dresden,Dresden Christmas Market,"Dresden, Germany Christmas Market Evening Walk (2022)",dresden-christmas-market-evening-walk-2022,https://youtu.be/9JCm5Nzqzfg,1:35:14,5714,Augustusmarkt,Augustusmarkt,"augustusmarkt, dresden augustusmarkt, dresden christmas market augustusmarkt",Germany
de-0005-h07,de-0005,Germany,Saxony,Dresden,Dresden Christmas Market,"Dresden, Germany Christmas Market Evening Walk (2022)",dresden-christmas-market-evening-walk-2022,https://youtu.be/9JCm5Nzqzfg,1:47:24,6444,Augustus Bridge (return),Augustus Bridge (return),"augustus bridge (return), dresden augustus bridge (return), dresden christmas market augustus bridge (return)",Germany
de-0005-h08,de-0005,Germany,Saxony,Dresden,Dresden Christmas Market,"Dresden, Germany Christmas Market Evening Walk (2022)",dresden-christmas-market-evening-walk-2022,https://youtu.be/9JCm5Nzqzfg,1:52:45,6765,SchloBplatz,SchloBplatz,"schlobplatz, dresden schlobplatz, dresden christmas market schlobplatz",Germany
de-0005-h09,de-0005,Germany,Saxony,Dresden,Dresden Christmas Market,"Dresden, Germany Christmas Market Evening Walk (2022)",dresden-christmas-market-evening-walk-2022,https://youtu.be/9JCm5Nzqzfg,2:01:15,7275,Altmarket Square (return),Altmarket Square (return),"altmarket square (return), dresden altmarket square (return), dresden christmas market altmarket square (return)",Germany
de-0006-h01,de-0006,Germany,Saxony,Dresden,Dresden Christmas Market,"Dresden, Germany Christmas Market Day Walk (2024)",dresden-christmas-market-day-walk-2024,https://youtu.be/aNBmM3aQWz4,0:00:51,51,Schwibbogen Arch,Schwibbogen Arch,"schwibbogen arch, dresden schwibbogen arch, dresden christmas market schwibbogen arch",Germany
de-0006-h02,de-0006,Germany,Saxony,Dresden,Dresden Christmas Market,"Dresden, Germany Christmas Market Day Walk (2024)",dresden-christmas-market-day-walk-2024,https://youtu.be/aNBmM3aQWz4,0:06:49,409,Altmarkt - STRIEZELMARKT,Altmarkt - STRIEZELMARKT,"altmarkt - striezelmarkt, dresden altmarkt - striezelmarkt, dresden christmas market altmarkt - striezelmarkt",Germany
de-0006-h03,de-0006,Germany,Saxony,Dresden,Dresden Christmas Market,"Dresden, Germany Christmas Market Day Walk (2024)",dresden-christmas-market-day-walk-2024,https://youtu.be/aNBmM3aQWz4,0:24:12,1452,Merry Go Round,Merry Go Round,"merry go round, dresden merry go round, dresden christmas market merry go round",Germany
de-0006-h04,de-0006,Germany,Saxony,Dresden,Dresden Christmas Market,"Dresden, Germany Christmas Market Day Walk (2024)",dresden-christmas-market-day-walk-2024,https://youtu.be/aNBmM3aQWz4,0:30:56,1856,Kids Train,Kids Train,"kids train, dresden kids train, dresden christmas market kids train",Germany
de-0006-h05,de-0006,Germany,Saxony,Dresden,Dresden Christmas Market,"Dresden, Germany Christmas Market Day Walk (2024)",dresden-christmas-market-day-walk-2024,https://youtu.be/aNBmM3aQWz4,0:39:51,2391,Erzgebirge Step Pyramid,Erzgebirge Step Pyramid,"erzgebirge step pyramid, dresden erzgebirge step pyramid, dresden christmas market erzgebirge step pyramid",Germany
de-0006-h06,de-0006,Germany,Saxony,Dresden,Dresden Christmas Market,"Dresden, Germany Christmas Market Day Walk (2024)",dresden-christmas-market-day-walk-2024,https://youtu.be/aNBmM3aQWz4,0:47:07,2827,Romantic Christmas Market,Romantic Christmas Market,"romantic christmas market, dresden romantic christmas market, dresden christmas market romantic christmas market",Germany
de-0006-h07,de-0006,Germany,Saxony,Dresden,Dresden Christmas Market,"Dresden, Germany Christmas Market Day Walk (2024)",dresden-christmas-market-day-walk-2024,https://youtu.be/aNBmM3aQWz4,0:57:09,3429,Neumarkt - Advent at the Neumarkt,Neumarkt - Advent at the Neumarkt,"neumarkt - advent at the neumarkt, dresden neumarkt - advent at the neumarkt, dresden christmas market neumarkt - advent at the neumarkt",Germany
de-0006-h08,de-0006,Germany,Saxony,Dresden,Dresden Christmas Market,"Dresden, Germany Christmas Market Day Walk (2024)",dresden-christmas-market-day-walk-2024,https://youtu.be/aNBmM3aQWz4,1:10:09,4209,Frauenkirche,Frauenkirche,"frauenkirche, dresden frauenkirche, dresden christmas market frauenkirche",Germany
de-0006-h09,de-0006,Germany,Saxony,Dresden,Dresden Christmas Market,"Dresden, Germany Christmas Market Day Walk (2024)",dresden-christmas-market-day-walk-2024,https://youtu.be/aNBmM3aQWz4,1:18:33,4713,Brühlsche Terrasse,Brühlsche Terrasse,"brühlsche terrasse, dresden brühlsche terrasse, dresden christmas market brühlsche terrasse",Germany
de-0006-h10,de-0006,Germany,Saxony,Dresden,Dresden Christmas Market,"Dresden, Germany Christmas Market Day Walk (2024)",dresden-christmas-market-day-walk-2024,https://youtu.be/aNBmM3aQWz4,1:24:53,5093,Schloßplatz,Schloßplatz,"schloßplatz, dresden schloßplatz, dresden christmas market schloßplatz",Germany
de-0006-h11,de-0006,Germany,Saxony,Dresden,Dresden Christmas Market,"Dresden, Germany Christmas Market Day Walk (2024)",dresden-christmas-market-day-walk-2024,https://youtu.be/aNBmM3aQWz4,1:26:14,5174,Augustus Bridge,Augustus Bridge,"augustus bridge, dresden augustus bridge, dresden christmas market augustus bridge",Germany
de-0006-h12,de-0006,Germany,Saxony,Dresden,Dresden Christmas Market,"Dresden, Germany Christmas Market Day Walk (2024)",dresden-christmas-market-day-walk-2024,https://youtu.be/aNBmM3aQWz4,1:33:24,5604,Augustusmarkt – international Christmas market,Augustusmarkt – international Christmas market,"augustusmarkt – international christmas market, dresden augustusmarkt – international christmas market, dresden christmas market augustusmarkt – international christmas market",Germany
de-0006-h13,de-0006,Germany,Saxony,Dresden,Dresden Christmas Market,"Dresden, Germany Christmas Market Day Walk (2024)",dresden-christmas-market-day-walk-2024,https://youtu.be/aNBmM3aQWz4,1:47:11,6431,Augustus Bridge (return),Augustus Bridge (return),"augustus bridge (return), dresden augustus bridge (return), dresden christmas market augustus bridge (return)",Germany
de-0006-h14,de-0006,Germany,Saxony,Dresden,Dresden Christmas Market,"Dresden, Germany Christmas Market Day Walk (2024)",dresden-christmas-market-day-walk-2024,https://youtu.be/aNBmM3aQWz4,1:48:28,6508,Schloßplatz (return),Schloßplatz (return),"schloßplatz (return), dresden schloßplatz (return), dresden christmas market schloßplatz (return)",Germany
de-0006-h15,de-0006,Germany,Saxony,Dresden,Dresden Christmas Market,"Dresden, Germany Christmas Market Day Walk (2024)",dresden-christmas-market-day-walk-2024,https://youtu.be/aNBmM3aQWz4,1:53:07,6787,Fürstenzug,Fürstenzug,"fürstenzug, dresden fürstenzug, dresden christmas market fürstenzug",Germany
de-0006-h16,de-0006,Germany,Saxony,Dresden,Dresden Christmas Market,"Dresden, Germany Christmas Market Day Walk (2024)",dresden-christmas-market-day-walk-2024,https://youtu.be/aNBmM3aQWz4,1:54:00,6840,Georgentor Gate,Georgentor Gate,"georgentor gate, dresden georgentor gate, dresden christmas market georgentor gate",Germany
de-0006-h17,de-0006,Germany,Saxony,Dresden,Dresden Christmas Market,"Dresden, Germany Christmas Market Day Walk (2024)",dresden-christmas-market-day-walk-2024,https://youtu.be/aNBmM3aQWz4,1:58:31,7111,Girls Dancing on Stage,Girls Dancing on Stage,"girls dancing on stage, dresden girls dancing on stage, dresden christmas market girls dancing on stage",Germany
de-0006-h18,de-0006,Germany,Saxony,Dresden,Dresden Christmas Market,"Dresden, Germany Christmas Market Day Walk (2024)",dresden-christmas-market-day-walk-2024,https://youtu.be/aNBmM3aQWz4,2:00:58,7258,Altmarkt - STRIEZELMARKT (return),Altmarkt - STRIEZELMARKT (return),"altmarkt - striezelmarkt (return), dresden altmarkt - striezelmarkt (return), dresden christmas market altmarkt - striezelmarkt (return)",Germany
de-0007-h01,de-0007,Germany,Saxony,Dresden,Dresden Christmas Market,"Dresden, Germany Christmas Market Evening Walk (2024)",dresden-christmas-market-evening-walk-2024,https://youtu.be/LWqbdWbnGlk,0:00:58,58,Altmarkt - STRIEZELMARKT,Altmarkt - STRIEZELMARKT,"altmarkt - striezelmarkt, dresden altmarkt - striezelmarkt, dresden christmas market altmarkt - striezelmarkt",Germany
de-0007-h02,de-0007,Germany,Saxony,Dresden,Dresden Christmas Market,"Dresden, Germany Christmas Market Evening Walk (2024)",dresden-christmas-market-evening-walk-2024,https://youtu.be/LWqbdWbnGlk,0:45:42,2742,Romantischer Weihnachtsmarkt,Romantischer Weihnachtsmarkt,"romantischer weihnachtsmarkt, dresden romantischer weihnachtsmarkt, dresden christmas market romantischer weihnachtsmarkt",Germany
de-0007-h03,de-0007,Germany,Saxony,Dresden,Dresden Christmas Market,"Dresden, Germany Christmas Market Evening Walk (2024)",dresden-christmas-market-evening-walk-2024,https://youtu.be/LWqbdWbnGlk,0:52:55,3175,Neumarkt - Advent at the Neumarkt,Neumarkt - Advent at the Neumarkt,"neumarkt - advent at the neumarkt, dresden neumarkt - advent at the neumarkt, dresden christmas market neumarkt - advent at the neumarkt",Germany
de-0007-h04,de-0007,Germany,Saxony,Dresden,Dresden Christmas Market,"Dresden, Germany Christmas Market Evening Walk (2024)",dresden-christmas-market-evening-walk-2024,https://youtu.be/LWqbdWbnGlk,1:06:41,4001,Frauenkirche,Frauenkirche,"frauenkirche, dresden frauenkirche, dresden christmas market frauenkirche",Germany
de-0007-h05,de-0007,Germany,Saxony,Dresden,Dresden Christmas Market,"Dresden, Germany Christmas Market Evening Walk (2024)",dresden-christmas-market-evening-walk-2024,https://youtu.be/LWqbdWbnGlk,1:18:11,4691,Brühlsche Terrasse,Brühlsche Terrasse,"brühlsche terrasse, dresden brühlsche terrasse, dresden christmas market brühlsche terrasse",Germany
de-0007-h06,de-0007,Germany,Saxony,Dresden,Dresden Christmas Market,"Dresden, Germany Christmas Market Evening Walk (2024)",dresden-christmas-market-evening-walk-2024,https://youtu.be/LWqbdWbnGlk,1:23:58,5038,Schloßplatz,Schloßplatz,"schloßplatz, dresden schloßplatz, dresden christmas market schloßplatz",Germany
de-0007-h07,de-0007,Germany,Saxony,Dresden,Dresden Christmas Market,"Dresden, Germany Christmas Market Evening Walk (2024)",dresden-christmas-market-evening-walk-2024,https://youtu.be/LWqbdWbnGlk,1:32:27,5547,Altmarkt - STRIEZELMARKT (return),Altmarkt - STRIEZELMARKT (return),"altmarkt - striezelmarkt (return), dresden altmarkt - striezelmarkt (return), dresden christmas market altmarkt - striezelmarkt (return)",Germany
de-0008-h01,de-0008,Germany,Baden-Württemberg,Esslingen,Esslingen Christmas Market,"Esslingen, Germany Christmas Market Day Walk (2024)",esslingen-christmas-market-day-walk-2024,https://youtu.be/I0BUehZBcOI,0:00:00,0,Intro and Map,Intro and Map,"intro and map, esslingen intro and map, esslingen christmas market intro and map",Germany
de-0008-h02,de-0008,Germany,Baden-Württemberg,Esslingen,Esslingen Christmas Market,"Esslingen, Germany Christmas Market Day Walk (2024)",esslingen-christmas-market-day-walk-2024,https://youtu.be/I0BUehZBcOI,0:00:52,52,Schelz Tower,Schelz Tower,"schelz tower, esslingen schelz tower, esslingen christmas market schelz tower",Germany
de-0008-h03,de-0008,Germany,Baden-Württemberg,Esslingen,Esslingen Christmas Market,"Esslingen, Germany Christmas Market Day Walk (2024)",esslingen-christmas-market-day-walk-2024,https://youtu.be/I0BUehZBcOI,0:04:30,270,St. Dionys Town Church (Outside),St. Dionys Town Church (Outside),"st. dionys town church (outside), esslingen st. dionys town church (outside), esslingen christmas market st. dionys town church (outside)",Germany
de-0008-h04,de-0008,Germany,Baden-Württemberg,Esslingen,Esslingen Christmas Market,"Esslingen, Germany Christmas Market Day Walk (2024)",esslingen-christmas-market-day-walk-2024,https://youtu.be/I0BUehZBcOI,0:05:55,355,Christmas Market at Marktplatz,Christmas Market at Marktplatz,"christmas market at marktplatz, esslingen christmas market at marktplatz, esslingen christmas market christmas market at marktplatz",Germany
de-0008-h05,de-0008,Germany,Baden-Württemberg,Esslingen,Esslingen Christmas Market,"Esslingen, Germany Christmas Market Day Walk (2024)",esslingen-christmas-market-day-walk-2024,https://youtu.be/I0BUehZBcOI,0:26:53,1613,Children's Medieval Market,Children's Medieval Market,"children's medieval market, esslingen children's medieval market, esslingen christmas market children's medieval market",Germany
de-0008-h06,de-0008,Germany,Baden-Württemberg,Esslingen,Esslingen Christmas Market,"Esslingen, Germany Christmas Market Day Walk (2024)",esslingen-christmas-market-day-walk-2024,https://youtu.be/I0BUehZBcOI,0:36:58,2218,Medieval Market at Rathausplatz,Medieval Market at Rathausplatz,"medieval market at rathausplatz, esslingen medieval market at rathausplatz, esslingen christmas market medieval market at rathausplatz",Germany
de-0008-h07,de-0008,Germany,Baden-Württemberg,Esslingen,Esslingen Christmas Market,"Esslingen, Germany Christmas Market Day Walk (2024)",esslingen-christmas-market-day-walk-2024,https://youtu.be/I0BUehZBcOI,0:58:03,3483,Medieval Market at Hafenmarkt,Medieval Market at Hafenmarkt,"medieval market at hafenmarkt, esslingen medieval market at hafenmarkt, esslingen christmas market medieval market at hafenmarkt",Germany
de-0008-h08,de-0008,Germany,Baden-Württemberg,Esslingen,Esslingen Christmas Market,"Esslingen, Germany Christmas Market Day Walk (2024)",esslingen-christmas-market-day-walk-2024,https://youtu.be/I0BUehZBcOI,1:13:40,4420,Street Market,Street Market,"street market, esslingen street market, esslingen christmas market street market",Germany
de-0008-h09,de-0008,Germany,Baden-Württemberg,Esslingen,Esslingen Christmas Market,"Esslingen, Germany Christmas Market Day Walk (2024)",esslingen-christmas-market-day-walk-2024,https://youtu.be/I0BUehZBcOI,1:15:42,4542,"Harpist Playing O Come, All Ye Faithful","Harpist Playing O Come, All Ye Faithful","harpist playing o come, all ye faithful, esslingen harpist playing o come, all ye faithful, esslingen christmas market harpist playing o come, all ye faithful",Germany
de-0008-h10,de-0008,Germany,Baden-Württemberg,Esslingen,Esslingen Christmas Market,"Esslingen, Germany Christmas Market Day Walk (2024)",esslingen-christmas-market-day-walk-2024,https://youtu.be/I0BUehZBcOI,1:23:02,4982,Christmas Market at Fischbrunnenplatz,Christmas Market at Fischbrunnenplatz,"christmas market at fischbrunnenplatz, esslingen christmas market at fischbrunnenplatz, esslingen christmas market christmas market at fischbrunnenplatz",Germany
de-0008-h11,de-0008,Germany,Baden-Württemberg,Esslingen,Esslingen Christmas Market,"Esslingen, Germany Christmas Market Day Walk (2024)",esslingen-christmas-market-day-walk-2024,https://youtu.be/I0BUehZBcOI,1:27:01,5221,Georg-Christian-von-Kessler-Platz,Georg-Christian-von-Kessler-Platz,"georg-christian-von-kessler-platz, esslingen georg-christian-von-kessler-platz, esslingen christmas market georg-christian-von-kessler-platz",Germany
de-0008-h12,de-0008,Germany,Baden-Württemberg,Esslingen,Esslingen Christmas Market,"Esslingen, Germany Christmas Market Day Walk (2024)",esslingen-christmas-market-day-walk-2024,https://youtu.be/I0BUehZBcOI,1:28:26,5306,St. Dionys Town Church (Inside),St. Dionys Town Church (Inside),"st. dionys town church (inside), esslingen st. dionys town church (inside), esslingen christmas market st. dionys town church (inside)",Germany
de-0009-h01,de-0009,Germany,Baden-Württemberg,Freiburg,Freiburg Christmas Market,"Freiburg, Germany Christmas Market Evening Walk (2025)",freiburg-christmas-market-evening-walk-2025,https://youtu.be/4bQoSIwQHZM,0:01:03,63,Christmas Market on Tower Street,Christmas Market on Tower Street,"christmas market on tower street, freiburg christmas market on tower street, freiburg christmas market christmas market on tower street",Germany
de-0009-h02,de-0009,Germany,Baden-Württemberg,Freiburg,Freiburg Christmas Market,"Freiburg, Germany Christmas Market Evening Walk (2025)",freiburg-christmas-market-evening-walk-2025,https://youtu.be/4bQoSIwQHZM,0:05:05,305,Christmas Market at Rathausplatz,Christmas Market at Rathausplatz,"christmas market at rathausplatz, freiburg christmas market at rathausplatz, freiburg christmas market christmas market at rathausplatz",Germany
de-0009-h03,de-0009,Germany,Baden-Württemberg,Freiburg,Freiburg Christmas Market,"Freiburg, Germany Christmas Market Evening Walk (2025)",freiburg-christmas-market-evening-walk-2025,https://youtu.be/4bQoSIwQHZM,0:20:15,1215,Christmas Market on Franciscan Street,Christmas Market on Franciscan Street,"christmas market on franciscan street, freiburg christmas market on franciscan street, freiburg christmas market christmas market on franciscan street",Germany
de-0009-h04,de-0009,Germany,Baden-Württemberg,Freiburg,Freiburg Christmas Market,"Freiburg, Germany Christmas Market Evening Walk (2025)",freiburg-christmas-market-evening-walk-2025,https://youtu.be/4bQoSIwQHZM,0:30:13,1813,Christmas Market at Kartoffelmarkt,Christmas Market at Kartoffelmarkt,"christmas market at kartoffelmarkt, freiburg christmas market at kartoffelmarkt, freiburg christmas market christmas market at kartoffelmarkt",Germany
de-0009-h05,de-0009,Germany,Baden-Württemberg,Freiburg,Freiburg Christmas Market,"Freiburg, Germany Christmas Market Evening Walk (2025)",freiburg-christmas-market-evening-walk-2025,https://youtu.be/4bQoSIwQHZM,0:36:03,2163,Münsterplatz,Münsterplatz,"münsterplatz, freiburg münsterplatz, freiburg christmas market münsterplatz",Germany
de-0009-h06,de-0009,Germany,Baden-Württemberg,Freiburg,Freiburg Christmas Market,"Freiburg, Germany Christmas Market Evening Walk (2025)",freiburg-christmas-market-evening-walk-2025,https://youtu.be/4bQoSIwQHZM,0:40:29,2429,Freiburg Cathedral,Freiburg Cathedral,"freiburg cathedral, freiburg freiburg cathedral, freiburg christmas market freiburg cathedral",Germany
de-0009-h07,de-0009,Germany,Baden-Württemberg,Freiburg,Freiburg Christmas Market,"Freiburg, Germany Christmas Market Evening Walk (2025)",freiburg-christmas-market-evening-walk-2025,https://youtu.be/4bQoSIwQHZM,0:45:18,2718,Münsterplatz Produce Market,Münsterplatz Produce Market,"münsterplatz produce market, freiburg münsterplatz produce market, freiburg christmas market münsterplatz produce market",Germany
de-0009-h08,de-0009,Germany,Baden-Württemberg,Freiburg,Freiburg Christmas Market,"Freiburg, Germany Christmas Market Evening Walk (2025)",freiburg-christmas-market-evening-walk-2025,https://youtu.be/4bQoSIwQHZM,1:08:44,4124,67 Kids,67 Kids,"67 kids, freiburg 67 kids, freiburg christmas market 67 kids",Germany
de-0009-h09,de-0009,Germany,Baden-Württemberg,Freiburg,Freiburg Christmas Market,"Freiburg, Germany Christmas Market Evening Walk (2025)",freiburg-christmas-market-evening-walk-2025,https://youtu.be/4bQoSIwQHZM,1:10:28,4228,Shoemaker Street,Shoemaker Street,"shoemaker street, freiburg shoemaker street, freiburg christmas market shoemaker street",Germany
de-0009-h10,de-0009,Germany,Baden-Württemberg,Freiburg,Freiburg Christmas Market,"Freiburg, Germany Christmas Market Evening Walk (2025)",freiburg-christmas-market-evening-walk-2025,https://youtu.be/4bQoSIwQHZM,1:14:31,4471,Seminary Street,Seminary Street,"seminary street, freiburg seminary street, freiburg christmas market seminary street",Germany
de-0009-h11,de-0009,Germany,Baden-Württemberg,Freiburg,Freiburg Christmas Market,"Freiburg, Germany Christmas Market Evening Walk (2025)",freiburg-christmas-market-evening-walk-2025,https://youtu.be/4bQoSIwQHZM,1:17:09,4629,Swabian Gate,Swabian Gate,"swabian gate, freiburg swabian gate, freiburg christmas market swabian gate",Germany
de-0009-h12,de-0009,Germany,Baden-Württemberg,Freiburg,Freiburg Christmas Market,"Freiburg, Germany Christmas Market Evening Walk (2025)",freiburg-christmas-market-evening-walk-2025,https://youtu.be/4bQoSIwQHZM,1:24:01,5041,Münsterplatz (return),Münsterplatz (return),"münsterplatz (return), freiburg münsterplatz (return), freiburg christmas market münsterplatz (return)",Germany
de-0009-h13,de-0009,Germany,Baden-Württemberg,Freiburg,Freiburg Christmas Market,"Freiburg, Germany Christmas Market Evening Walk (2025)",freiburg-christmas-market-evening-walk-2025,https://youtu.be/4bQoSIwQHZM,1:27:44,5264,Christmas Market on Franciscan Street (return),Christmas Market on Franciscan Street (return),"christmas market on franciscan street (return), freiburg christmas market on franciscan street (return), freiburg christmas market christmas market on franciscan street (return)",Germany
de-0009-h14,de-0009,Germany,Baden-Württemberg,Freiburg,Freiburg Christmas Market,"Freiburg, Germany Christmas Market Evening Walk (2025)",freiburg-christmas-market-evening-walk-2025,https://youtu.be/4bQoSIwQHZM,1:31:57,5517,Christmas Market on Tower Street (return),Christmas Market on Tower Street (return),"christmas market on tower street (return), freiburg christmas market on tower street (return), freiburg christmas market christmas market on tower street (return)",Germany
de-0009-h15,de-0009,Germany,Baden-Württemberg,Freiburg,Freiburg Christmas Market,"Freiburg, Germany Christmas Market Evening Walk (2025)",freiburg-christmas-market-evening-walk-2025,https://youtu.be/4bQoSIwQHZM,1:37:10,5830,Christmas Market at Colombipark,Christmas Market at Colombipark,"christmas market at colombipark, freiburg christmas market at colombipark, freiburg christmas market christmas market at colombipark",Germany
de-0010-h01,de-0010,Germany,Bavaria,Munich,Munich Christmas Market,"Munich, Germany Christmas Market Evening Walk (2024)",munich-christmas-market-evening-walk-2024,https://youtu.be/g1akZNSsS14,0:00:00,0,Intro and Map,Intro and Map,"intro and map, munich intro and map, munich christmas market intro and map",Germany
de-0010-h02,de-0010,Germany,Bavaria,Munich,Munich Christmas Market,"Munich, Germany Christmas Market Evening Walk (2024)",munich-christmas-market-evening-walk-2024,https://youtu.be/g1akZNSsS14,0:00:52,52,Karlsplatz Ice Skating,Karlsplatz Ice Skating,"karlsplatz ice skating, munich karlsplatz ice skating, munich christmas market karlsplatz ice skating",Germany
de-0010-h03,de-0010,Germany,Bavaria,Munich,Munich Christmas Market,"Munich, Germany Christmas Market Evening Walk (2024)",munich-christmas-market-evening-walk-2024,https://youtu.be/g1akZNSsS14,0:02:12,132,Karlstor,Karlstor,"karlstor, munich karlstor, munich christmas market karlstor",Germany
de-0010-h04,de-0010,Germany,Bavaria,Munich,Munich Christmas Market,"Munich, Germany Christmas Market Evening Walk (2024)",munich-christmas-market-evening-walk-2024,https://youtu.be/g1akZNSsS14,0:04:03,243,Neuhauser Street,Neuhauser Street,"neuhauser street, munich neuhauser street, munich christmas market neuhauser street",Germany
de-0010-h05,de-0010,Germany,Bavaria,Munich,Munich Christmas Market,"Munich, Germany Christmas Market Evening Walk (2024)",munich-christmas-market-evening-walk-2024,https://youtu.be/g1akZNSsS14,0:15:46,946,Marienplatz (Münchner Christkindlmarkt),Marienplatz (Münchner Christkindlmarkt),"marienplatz (münchner christkindlmarkt), munich marienplatz (münchner christkindlmarkt), munich christmas market marienplatz (münchner christkindlmarkt)",Germany
de-0010-h06,de-0010,Germany,Bavaria,Munich,Munich Christmas Market,"Munich, Germany Christmas Market Evening Walk (2024)",munich-christmas-market-evening-walk-2024,https://youtu.be/g1akZNSsS14,0:34:48,2088,Rindermarkt,Rindermarkt,"rindermarkt, munich rindermarkt, munich christmas market rindermarkt",Germany
de-0010-h07,de-0010,Germany,Bavaria,Munich,Munich Christmas Market,"Munich, Germany Christmas Market Evening Walk (2024)",munich-christmas-market-evening-walk-2024,https://youtu.be/g1akZNSsS14,0:41:55,2515,Marienplatz,Marienplatz,"marienplatz, munich marienplatz, munich christmas market marienplatz",Germany
de-0010-h08,de-0010,Germany,Bavaria,Munich,Munich Christmas Market,"Munich, Germany Christmas Market Evening Walk (2024)",munich-christmas-market-evening-walk-2024,https://youtu.be/g1akZNSsS14,0:48:48,2928,Weinstraße,Weinstraße,"weinstraße, munich weinstraße, munich christmas market weinstraße",Germany
de-0010-h09,de-0010,Germany,Bavaria,Munich,Munich Christmas Market,"Munich, Germany Christmas Market Evening Walk (2024)",munich-christmas-market-evening-walk-2024,https://youtu.be/g1akZNSsS14,0:51:08,3068,Odeonsplatz,Odeonsplatz,"odeonsplatz, munich odeonsplatz, munich christmas market odeonsplatz",Germany
de-0010-h10,de-0010,Germany,Bavaria,Munich,Munich Christmas Market,"Munich, Germany Christmas Market Evening Walk (2024)",munich-christmas-market-evening-walk-2024,https://youtu.be/g1akZNSsS14,0:54:47,3287,Middle Ages Market at Wittelsbacherplatz,Middle Ages Market at Wittelsbacherplatz,"middle ages market at wittelsbacherplatz, munich middle ages market at wittelsbacherplatz, munich christmas market middle ages market at wittelsbacherplatz",Germany
de-0010-h11,de-0010,Germany,Bavaria,Munich,Munich Christmas Market,"Munich, Germany Christmas Market Evening Walk (2024)",munich-christmas-market-evening-walk-2024,https://youtu.be/g1akZNSsS14,1:15:28,4528,Christmas Village at the Munich Residenz,Christmas Village at the Munich Residenz,"christmas village at the munich residenz, munich christmas village at the munich residenz, munich christmas market christmas village at the munich residenz",Germany
de-0010-h12,de-0010,Germany,Bavaria,Munich,Munich Christmas Market,"Munich, Germany Christmas Market Evening Walk (2024)",munich-christmas-market-evening-walk-2024,https://youtu.be/g1akZNSsS14,1:32:32,5552,Residenzstraße,Residenzstraße,"residenzstraße, munich residenzstraße, munich christmas market residenzstraße",Germany
de-0010-h13,de-0010,Germany,Bavaria,Munich,Munich Christmas Market,"Munich, Germany Christmas Market Evening Walk (2024)",munich-christmas-market-evening-walk-2024,https://youtu.be/g1akZNSsS14,1:40:19,6019,Marienplatz (return),Marienplatz (return),"marienplatz (return), munich marienplatz (return), munich christmas market marienplatz (return)",Germany
de-0010-h14,de-0010,Germany,Bavaria,Munich,Munich Christmas Market,"Munich, Germany Christmas Market Evening Walk (2024)",munich-christmas-market-evening-walk-2024,https://youtu.be/g1akZNSsS14,1:44:03,6243,Viktualienmarkt,Viktualienmarkt,"viktualienmarkt, munich viktualienmarkt, munich christmas market viktualienmarkt",Germany
de-0010-h15,de-0010,Germany,Bavaria,Munich,Munich Christmas Market,"Munich, Germany Christmas Market Evening Walk (2024)",munich-christmas-market-evening-walk-2024,https://youtu.be/g1akZNSsS14,1:45:00,6300,City Parish of St. Peter,City Parish of St. Peter,"city parish of st. peter, munich city parish of st. peter, munich christmas market city parish of st. peter",Germany
de-0010-h16,de-0010,Germany,Bavaria,Munich,Munich Christmas Market,"Munich, Germany Christmas Market Evening Walk (2024)",munich-christmas-market-evening-walk-2024,https://youtu.be/g1akZNSsS14,1:46:56,6416,Marienplatz (return 2),Marienplatz (return 2),"marienplatz (return 2), munich marienplatz (return 2), munich christmas market marienplatz (return 2)",Germany
de-0011-h01,de-0011,Germany,Bavaria,Nuremberg,Nuremberg Christmas Market,"Nuremberg, Germany Christmas Market Day Walk (2022)",nuremberg-christmas-market-day-walk-2022,https://youtu.be/l6aGKVxo2kw,0:00:00,0,Intro and Map,Intro and Map,"intro and map, nuremberg intro and map, nuremberg christmas market intro and map",Germany
de-0011-h02,de-0011,Germany,Bavaria,Nuremberg,Nuremberg Christmas Market,"Nuremberg, Germany Christmas Market Day Walk (2022)",nuremberg-christmas-market-day-walk-2022,https://youtu.be/l6aGKVxo2kw,0:01:06,66,Fleischbrücke Bridge,Fleischbrücke Bridge,"fleischbrücke bridge, nuremberg fleischbrücke bridge, nuremberg christmas market fleischbrücke bridge",Germany
de-0011-h03,de-0011,Germany,Bavaria,Nuremberg,Nuremberg Christmas Market,"Nuremberg, Germany Christmas Market Day Walk (2022)",nuremberg-christmas-market-day-walk-2022,https://youtu.be/l6aGKVxo2kw,0:03:21,201,Hauptmarkt Christmas Market,Hauptmarkt Christmas Market,"hauptmarkt christmas market, nuremberg hauptmarkt christmas market, nuremberg christmas market hauptmarkt christmas market",Germany
de-0011-h04,de-0011,Germany,Bavaria,Nuremberg,Nuremberg Christmas Market,"Nuremberg, Germany Christmas Market Day Walk (2022)",nuremberg-christmas-market-day-walk-2022,https://youtu.be/l6aGKVxo2kw,0:24:10,1450,Schöner Brunnen,Schöner Brunnen,"schöner brunnen, nuremberg schöner brunnen, nuremberg christmas market schöner brunnen",Germany
de-0011-h05,de-0011,Germany,Bavaria,Nuremberg,Nuremberg Christmas Market,"Nuremberg, Germany Christmas Market Day Walk (2022)",nuremberg-christmas-market-day-walk-2022,https://youtu.be/l6aGKVxo2kw,0:26:36,1596,St. Sebaldus Church,St. Sebaldus Church,"st. sebaldus church, nuremberg st. sebaldus church, nuremberg christmas market st. sebaldus church",Germany
de-0011-h06,de-0011,Germany,Bavaria,Nuremberg,Nuremberg Christmas Market,"Nuremberg, Germany Christmas Market Day Walk (2022)",nuremberg-christmas-market-day-walk-2022,https://youtu.be/l6aGKVxo2kw,0:29:31,1771,Sister Cities Market - Rathausplatz,Sister Cities Market - Rathausplatz,"sister cities market - rathausplatz, nuremberg sister cities market - rathausplatz, nuremberg christmas market sister cities market - rathausplatz",Germany
de-0011-h07,de-0011,Germany,Bavaria,Nuremberg,Nuremberg Christmas Market,"Nuremberg, Germany Christmas Market Day Walk (2022)",nuremberg-christmas-market-day-walk-2022,https://youtu.be/l6aGKVxo2kw,0:34:59,2099,Hauptmarkt Christmas Market (return),Hauptmarkt Christmas Market (return),"hauptmarkt christmas market (return), nuremberg hauptmarkt christmas market (return), nuremberg christmas market hauptmarkt christmas market (return)",Germany
de-0011-h08,de-0011,Germany,Bavaria,Nuremberg,Nuremberg Christmas Market,"Nuremberg, Germany Christmas Market Day Walk (2022)",nuremberg-christmas-market-day-walk-2022,https://youtu.be/l6aGKVxo2kw,0:39:58,2398,Children’s Market - Hans-Sachs-Platz,Children’s Market - Hans-Sachs-Platz,"children’s market - hans-sachs-platz, nuremberg children’s market - hans-sachs-platz, nuremberg christmas market children’s market - hans-sachs-platz",Germany
de-0011-h09,de-0011,Germany,Bavaria,Nuremberg,Nuremberg Christmas Market,"Nuremberg, Germany Christmas Market Day Walk (2022)",nuremberg-christmas-market-day-walk-2022,https://youtu.be/l6aGKVxo2kw,0:46:25,2785,Heubrücke,Heubrücke,"heubrücke, nuremberg heubrücke, nuremberg christmas market heubrücke",Germany
de-0011-h10,de-0011,Germany,Bavaria,Nuremberg,Nuremberg Christmas Market,"Nuremberg, Germany Christmas Market Day Walk (2022)",nuremberg-christmas-market-day-walk-2022,https://youtu.be/l6aGKVxo2kw,0:51:53,3113,Königstraße,Königstraße,"königstraße, nuremberg königstraße, nuremberg christmas market königstraße",Germany
de-0011-h11,de-0011,Germany,Bavaria,Nuremberg,Nuremberg Christmas Market,"Nuremberg, Germany Christmas Market Day Walk (2022)",nuremberg-christmas-market-day-walk-2022,https://youtu.be/l6aGKVxo2kw,0:54:04,3244,Church of St. Lorenz (Lorenzkirche),Church of St. Lorenz (Lorenzkirche),"church of st. lorenz (lorenzkirche), nuremberg church of st. lorenz (lorenzkirche), nuremberg christmas market church of st. lorenz (lorenzkirche)",Germany
de-0011-h12,de-0011,Germany,Bavaria,Nuremberg,Nuremberg Christmas Market,"Nuremberg, Germany Christmas Market Day Walk (2022)",nuremberg-christmas-market-day-walk-2022,https://youtu.be/l6aGKVxo2kw,1:03:16,3796,Handwerkerhof,Handwerkerhof,"handwerkerhof, nuremberg handwerkerhof, nuremberg christmas market handwerkerhof",Germany
de-0011-h13,de-0011,Germany,Bavaria,Nuremberg,Nuremberg Christmas Market,"Nuremberg, Germany Christmas Market Day Walk (2022)",nuremberg-christmas-market-day-walk-2022,https://youtu.be/l6aGKVxo2kw,1:15:22,4522,Karolinenstraße,Karolinenstraße,"karolinenstraße, nuremberg karolinenstraße, nuremberg christmas market karolinenstraße",Germany
de-0011-h14,de-0011,Germany,Bavaria,Nuremberg,Nuremberg Christmas Market,"Nuremberg, Germany Christmas Market Day Walk (2022)",nuremberg-christmas-market-day-walk-2022,https://youtu.be/l6aGKVxo2kw,1:20:44,4844,Hefnersplatz,Hefnersplatz,"hefnersplatz, nuremberg hefnersplatz, nuremberg christmas market hefnersplatz",Germany
de-0011-h15,de-0011,Germany,Bavaria,Nuremberg,Nuremberg Christmas Market,"Nuremberg, Germany Christmas Market Day Walk (2022)",nuremberg-christmas-market-day-walk-2022,https://youtu.be/l6aGKVxo2kw,1:22:25,4945,Ludwigsplatz,Ludwigsplatz,"ludwigsplatz, nuremberg ludwigsplatz, nuremberg christmas market ludwigsplatz",Germany
de-0011-h16,de-0011,Germany,Bavaria,Nuremberg,Nuremberg Christmas Market,"Nuremberg, Germany Christmas Market Day Walk (2022)",nuremberg-christmas-market-day-walk-2022,https://youtu.be/l6aGKVxo2kw,1:23:11,4991,Ehekarussell Fountain,Ehekarussell Fountain,"ehekarussell fountain, nuremberg ehekarussell fountain, nuremberg christmas market ehekarussell fountain",Germany
de-0011-h17,de-0011,Germany,Bavaria,Nuremberg,Nuremberg Christmas Market,"Nuremberg, Germany Christmas Market Day Walk (2022)",nuremberg-christmas-market-day-walk-2022,https://youtu.be/l6aGKVxo2kw,1:25:22,5122,Jakobsplatz,Jakobsplatz,"jakobsplatz, nuremberg jakobsplatz, nuremberg christmas market jakobsplatz",Germany
de-0011-h18,de-0011,Germany,Bavaria,Nuremberg,Nuremberg Christmas Market,"Nuremberg, Germany Christmas Market Day Walk (2022)",nuremberg-christmas-market-day-walk-2022,https://youtu.be/l6aGKVxo2kw,1:31:21,5481,Karlsbücke,Karlsbücke,"karlsbücke, nuremberg karlsbücke, nuremberg christmas market karlsbücke",Germany
de-0011-h19,de-0011,Germany,Bavaria,Nuremberg,Nuremberg Christmas Market,"Nuremberg, Germany Christmas Market Day Walk (2022)",nuremberg-christmas-market-day-walk-2022,https://youtu.be/l6aGKVxo2kw,1:32:36,5556,Trödelmarkt,Trödelmarkt,"trödelmarkt, nuremberg trödelmarkt, nuremberg christmas market trödelmarkt",Germany
de-0011-h20,de-0011,Germany,Bavaria,Nuremberg,Nuremberg Christmas Market,"Nuremberg, Germany Christmas Market Day Walk (2022)",nuremberg-christmas-market-day-walk-2022,https://youtu.be/l6aGKVxo2kw,1:34:42,5682,Hangman's Bridge,Hangman's Bridge,"hangman's bridge, nuremberg hangman's bridge, nuremberg christmas market hangman's bridge",Germany
de-0011-h21,de-0011,Germany,Bavaria,Nuremberg,Nuremberg Christmas Market,"Nuremberg, Germany Christmas Market Day Walk (2022)",nuremberg-christmas-market-day-walk-2022,https://youtu.be/l6aGKVxo2kw,1:35:32,5732,Maxbrücke Bridge,Maxbrücke Bridge,"maxbrücke bridge, nuremberg maxbrücke bridge, nuremberg christmas market maxbrücke bridge",Germany
de-0012-h01,de-0012,Germany,Bavaria,Nuremberg,Nuremberg Christmas Market,"Nuremberg, Germany Christmas Market Evening Walk (2022)",nuremberg-christmas-market-evening-walk-2022,https://youtu.be/RqoFI3HKitY,0:01:06,66,Fleischbrücke Bridge,Fleischbrücke Bridge,"fleischbrücke bridge, nuremberg fleischbrücke bridge, nuremberg christmas market fleischbrücke bridge",Germany
de-0012-h02,de-0012,Germany,Bavaria,Nuremberg,Nuremberg Christmas Market,"Nuremberg, Germany Christmas Market Evening Walk (2022)",nuremberg-christmas-market-evening-walk-2022,https://youtu.be/RqoFI3HKitY,0:03:54,234,Hauptmarkt - Christkindlesmarkt,Hauptmarkt - Christkindlesmarkt,"hauptmarkt - christkindlesmarkt, nuremberg hauptmarkt - christkindlesmarkt, nuremberg christmas market hauptmarkt - christkindlesmarkt",Germany
de-0012-h03,de-0012,Germany,Bavaria,Nuremberg,Nuremberg Christmas Market,"Nuremberg, Germany Christmas Market Evening Walk (2022)",nuremberg-christmas-market-evening-walk-2022,https://youtu.be/RqoFI3HKitY,0:23:49,1429,Schöner Brunnen,Schöner Brunnen,"schöner brunnen, nuremberg schöner brunnen, nuremberg christmas market schöner brunnen",Germany
de-0012-h04,de-0012,Germany,Bavaria,Nuremberg,Nuremberg Christmas Market,"Nuremberg, Germany Christmas Market Evening Walk (2022)",nuremberg-christmas-market-evening-walk-2022,https://youtu.be/RqoFI3HKitY,0:27:12,1632,St. Sebaldus Church,St. Sebaldus Church,"st. sebaldus church, nuremberg st. sebaldus church, nuremberg christmas market st. sebaldus church",Germany
de-0012-h05,de-0012,Germany,Bavaria,Nuremberg,Nuremberg Christmas Market,"Nuremberg, Germany Christmas Market Evening Walk (2022)",nuremberg-christmas-market-evening-walk-2022,https://youtu.be/RqoFI3HKitY,0:28:20,1700,Sister Cities Market - Rathausplatz,Sister Cities Market - Rathausplatz,"sister cities market - rathausplatz, nuremberg sister cities market - rathausplatz, nuremberg christmas market sister cities market - rathausplatz",Germany
de-0012-h06,de-0012,Germany,Bavaria,Nuremberg,Nuremberg Christmas Market,"Nuremberg, Germany Christmas Market Evening Walk (2022)",nuremberg-christmas-market-evening-walk-2022,https://youtu.be/RqoFI3HKitY,0:47:00,2820,Children’s Market - Hans-Sachs-Platz,Children’s Market - Hans-Sachs-Platz,"children’s market - hans-sachs-platz, nuremberg children’s market - hans-sachs-platz, nuremberg christmas market children’s market - hans-sachs-platz",Germany
de-0012-h07,de-0012,Germany,Bavaria,Nuremberg,Nuremberg Christmas Market,"Nuremberg, Germany Christmas Market Evening Walk (2022)",nuremberg-christmas-market-evening-walk-2022,https://youtu.be/RqoFI3HKitY,0:57:09,3429,Museum Bridge,Museum Bridge,"museum bridge, nuremberg museum bridge, nuremberg christmas market museum bridge",Germany
de-0012-h08,de-0012,Germany,Bavaria,Nuremberg,Nuremberg Christmas Market,"Nuremberg, Germany Christmas Market Evening Walk (2022)",nuremberg-christmas-market-evening-walk-2022,https://youtu.be/RqoFI3HKitY,0:59:25,3565,Königstraße,Königstraße,"königstraße, nuremberg königstraße, nuremberg christmas market königstraße",Germany
de-0012-h09,de-0012,Germany,Bavaria,Nuremberg,Nuremberg Christmas Market,"Nuremberg, Germany Christmas Market Evening Walk (2022)",nuremberg-christmas-market-evening-walk-2022,https://youtu.be/RqoFI3HKitY,1:00:17,3617,Church of St. Lorenz (Lorenzkirche),Church of St. Lorenz (Lorenzkirche),"church of st. lorenz (lorenzkirche), nuremberg church of st. lorenz (lorenzkirche), nuremberg christmas market church of st. lorenz (lorenzkirche)",Germany
de-0012-h10,de-0012,Germany,Bavaria,Nuremberg,Nuremberg Christmas Market,"Nuremberg, Germany Christmas Market Evening Walk (2022)",nuremberg-christmas-market-evening-walk-2022,https://youtu.be/RqoFI3HKitY,1:09:42,4182,Craftmen’s Courtyard (Handwerkerhof),Craftmen’s Courtyard (Handwerkerhof),"craftmen’s courtyard (handwerkerhof), nuremberg craftmen’s courtyard (handwerkerhof), nuremberg christmas market craftmen’s courtyard (handwerkerhof)",Germany
de-0012-h11,de-0012,Germany,Bavaria,Nuremberg,Nuremberg Christmas Market,"Nuremberg, Germany Christmas Market Evening Walk (2022)",nuremberg-christmas-market-evening-walk-2022,https://youtu.be/RqoFI3HKitY,1:22:31,4951,Karolinenstraße,Karolinenstraße,"karolinenstraße, nuremberg karolinenstraße, nuremberg christmas market karolinenstraße",Germany
de-0012-h12,de-0012,Germany,Bavaria,Nuremberg,Nuremberg Christmas Market,"Nuremberg, Germany Christmas Market Evening Walk (2022)",nuremberg-christmas-market-evening-walk-2022,https://youtu.be/RqoFI3HKitY,1:27:26,5246,Hefnersplatz,Hefnersplatz,"hefnersplatz, nuremberg hefnersplatz, nuremberg christmas market hefnersplatz",Germany
de-0012-h13,de-0012,Germany,Bavaria,Nuremberg,Nuremberg Christmas Market,"Nuremberg, Germany Christmas Market Evening Walk (2022)",nuremberg-christmas-market-evening-walk-2022,https://youtu.be/RqoFI3HKitY,1:30:07,5407,Karlsbücke,Karlsbücke,"karlsbücke, nuremberg karlsbücke, nuremberg christmas market karlsbücke",Germany
de-0012-h14,de-0012,Germany,Bavaria,Nuremberg,Nuremberg Christmas Market,"Nuremberg, Germany Christmas Market Evening Walk (2022)",nuremberg-christmas-market-evening-walk-2022,https://youtu.be/RqoFI3HKitY,1:31:40,5500,Trödelmarkt,Trödelmarkt,"trödelmarkt, nuremberg trödelmarkt, nuremberg christmas market trödelmarkt",Germany
de-0012-h15,de-0012,Germany,Bavaria,Nuremberg,Nuremberg Christmas Market,"Nuremberg, Germany Christmas Market Evening Walk (2022)",nuremberg-christmas-market-evening-walk-2022,https://youtu.be/RqoFI3HKitY,1:33:47,5627,Hangman's Bridge,Hangman's Bridge,"hangman's bridge, nuremberg hangman's bridge, nuremberg christmas market hangman's bridge",Germany
de-0012-h16,de-0012,Germany,Bavaria,Nuremberg,Nuremberg Christmas Market,"Nuremberg, Germany Christmas Market Evening Walk (2022)",nuremberg-christmas-market-evening-walk-2022,https://youtu.be/RqoFI3HKitY,1:36:12,5772,Maxbrücke Bridge,Maxbrücke Bridge,"maxbrücke bridge, nuremberg maxbrücke bridge, nuremberg christmas market maxbrücke bridge",Germany
de-0013-h01,de-0013,Germany,Bavaria,Nuremberg,Nuremberg Christmas Market,"Nuremberg, Germany Christmas Market Evening Walk (2024)",nuremberg-christmas-market-evening-walk-2024,https://youtu.be/CRAigMYQ4cM,0:00:52,52,Fleischbrücke,Fleischbrücke,"fleischbrücke, nuremberg fleischbrücke, nuremberg christmas market fleischbrücke",Germany
de-0013-h02,de-0013,Germany,Bavaria,Nuremberg,Nuremberg Christmas Market,"Nuremberg, Germany Christmas Market Evening Walk (2024)",nuremberg-christmas-market-evening-walk-2024,https://youtu.be/CRAigMYQ4cM,0:03:09,189,Christmas Market (Christkindlesmarkt),Christmas Market (Christkindlesmarkt),"christmas market (christkindlesmarkt), nuremberg christmas market (christkindlesmarkt), nuremberg christmas market christmas market (christkindlesmarkt)",Germany
de-0013-h03,de-0013,Germany,Bavaria,Nuremberg,Nuremberg Christmas Market,"Nuremberg, Germany Christmas Market Evening Walk (2024)",nuremberg-christmas-market-evening-walk-2024,https://youtu.be/CRAigMYQ4cM,0:41:32,2492,Sister Cities Market,Sister Cities Market,"sister cities market, nuremberg sister cities market, nuremberg christmas market sister cities market",Germany
de-0013-h04,de-0013,Germany,Bavaria,Nuremberg,Nuremberg Christmas Market,"Nuremberg, Germany Christmas Market Evening Walk (2024)",nuremberg-christmas-market-evening-walk-2024,https://youtu.be/CRAigMYQ4cM,0:50:28,3028,Original Regional Market,Original Regional Market,"original regional market, nuremberg original regional market, nuremberg christmas market original regional market",Germany
de-0013-h05,de-0013,Germany,Bavaria,Nuremberg,Nuremberg Christmas Market,"Nuremberg, Germany Christmas Market Evening Walk (2024)",nuremberg-christmas-market-evening-walk-2024,https://youtu.be/CRAigMYQ4cM,0:52:44,3164,St. Sebaldus Church,St. Sebaldus Church,"st. sebaldus church, nuremberg st. sebaldus church, nuremberg christmas market st. sebaldus church",Germany
de-0013-h06,de-0013,Germany,Bavaria,Nuremberg,Nuremberg Christmas Market,"Nuremberg, Germany Christmas Market Evening Walk (2024)",nuremberg-christmas-market-evening-walk-2024,https://youtu.be/CRAigMYQ4cM,1:01:29,3689,Christmas Market,Christmas Market,"christmas market, nuremberg christmas market, nuremberg christmas market christmas market",Germany
de-0013-h07,de-0013,Germany,Bavaria,Nuremberg,Nuremberg Christmas Market,"Nuremberg, Germany Christmas Market Evening Walk (2024)",nuremberg-christmas-market-evening-walk-2024,https://youtu.be/CRAigMYQ4cM,1:09:10,4150,Ship of Fools,Ship of Fools,"ship of fools, nuremberg ship of fools, nuremberg christmas market ship of fools",Germany
de-0013-h08,de-0013,Germany,Bavaria,Nuremberg,Nuremberg Christmas Market,"Nuremberg, Germany Christmas Market Evening Walk (2024)",nuremberg-christmas-market-evening-walk-2024,https://youtu.be/CRAigMYQ4cM,1:12:04,4324,Children’s Christmas Market,Children’s Christmas Market,"children’s christmas market, nuremberg children’s christmas market, nuremberg christmas market children’s christmas market",Germany
de-0013-h09,de-0013,Germany,Bavaria,Nuremberg,Nuremberg Christmas Market,"Nuremberg, Germany Christmas Market Evening Walk (2024)",nuremberg-christmas-market-evening-walk-2024,https://youtu.be/CRAigMYQ4cM,1:20:31,4831,Museum Bridge,Museum Bridge,"museum bridge, nuremberg museum bridge, nuremberg christmas market museum bridge",Germany
de-0013-h10,de-0013,Germany,Bavaria,Nuremberg,Nuremberg Christmas Market,"Nuremberg, Germany Christmas Market Evening Walk (2024)",nuremberg-christmas-market-evening-walk-2024,https://youtu.be/CRAigMYQ4cM,1:22:16,4936,Königstraße,Königstraße,"königstraße, nuremberg königstraße, nuremberg christmas market königstraße",Germany
de-0013-h11,de-0013,Germany,Bavaria,Nuremberg,Nuremberg Christmas Market,"Nuremberg, Germany Christmas Market Evening Walk (2024)",nuremberg-christmas-market-evening-walk-2024,https://youtu.be/CRAigMYQ4cM,1:24:34,5074,Church of St. Lorenz,Church of St. Lorenz,"church of st. lorenz, nuremberg church of st. lorenz, nuremberg christmas market church of st. lorenz",Germany
de-0013-h12,de-0013,Germany,Bavaria,Nuremberg,Nuremberg Christmas Market,"Nuremberg, Germany Christmas Market Evening Walk (2024)",nuremberg-christmas-market-evening-walk-2024,https://youtu.be/CRAigMYQ4cM,1:25:29,5129,Karolinenstraße,Karolinenstraße,"karolinenstraße, nuremberg karolinenstraße, nuremberg christmas market karolinenstraße",Germany
de-0013-h13,de-0013,Germany,Bavaria,Nuremberg,Nuremberg Christmas Market,"Nuremberg, Germany Christmas Market Evening Walk (2024)",nuremberg-christmas-market-evening-walk-2024,https://youtu.be/CRAigMYQ4cM,1:31:11,5471,Ludwigsplatz,Ludwigsplatz,"ludwigsplatz, nuremberg ludwigsplatz, nuremberg christmas market ludwigsplatz",Germany
de-0013-h14,de-0013,Germany,Bavaria,Nuremberg,Nuremberg Christmas Market,"Nuremberg, Germany Christmas Market Evening Walk (2024)",nuremberg-christmas-market-evening-walk-2024,https://youtu.be/CRAigMYQ4cM,1:31:55,5515,Ehekarussell Fountain,Ehekarussell Fountain,"ehekarussell fountain, nuremberg ehekarussell fountain, nuremberg christmas market ehekarussell fountain",Germany
de-0013-h15,de-0013,Germany,Bavaria,Nuremberg,Nuremberg Christmas Market,"Nuremberg, Germany Christmas Market Evening Walk (2024)",nuremberg-christmas-market-evening-walk-2024,https://youtu.be/CRAigMYQ4cM,1:33:22,5602,Winter Village,Winter Village,"winter village, nuremberg winter village, nuremberg christmas market winter village",Germany
de-0013-h16,de-0013,Germany,Bavaria,Nuremberg,Nuremberg Christmas Market,"Nuremberg, Germany Christmas Market Evening Walk (2024)",nuremberg-christmas-market-evening-walk-2024,https://youtu.be/CRAigMYQ4cM,1:43:54,6234,Karlsbücke,Karlsbücke,"karlsbücke, nuremberg karlsbücke, nuremberg christmas market karlsbücke",Germany
de-0013-h17,de-0013,Germany,Bavaria,Nuremberg,Nuremberg Christmas Market,"Nuremberg, Germany Christmas Market Evening Walk (2024)",nuremberg-christmas-market-evening-walk-2024,https://youtu.be/CRAigMYQ4cM,1:45:01,6301,Trödelmarkt,Trödelmarkt,"trödelmarkt, nuremberg trödelmarkt, nuremberg christmas market trödelmarkt",Germany
de-0013-h18,de-0013,Germany,Bavaria,Nuremberg,Nuremberg Christmas Market,"Nuremberg, Germany Christmas Market Evening Walk (2024)",nuremberg-christmas-market-evening-walk-2024,https://youtu.be/CRAigMYQ4cM,1:46:39,6399,Hangman's Bridge,Hangman's Bridge,"hangman's bridge, nuremberg hangman's bridge, nuremberg christmas market hangman's bridge",Germany
de-0013-h19,de-0013,Germany,Bavaria,Nuremberg,Nuremberg Christmas Market,"Nuremberg, Germany Christmas Market Evening Walk (2024)",nuremberg-christmas-market-evening-walk-2024,https://youtu.be/CRAigMYQ4cM,1:49:55,6595,Maxbrücke,Maxbrücke,"maxbrücke, nuremberg maxbrücke, nuremberg christmas market maxbrücke",Germany
de-0013-h20,de-0013,Germany,Bavaria,Nuremberg,Nuremberg Christmas Market,"Nuremberg, Germany Christmas Market Evening Walk (2024)",nuremberg-christmas-market-evening-walk-2024,https://youtu.be/CRAigMYQ4cM,1:56:24,6984,Punch Bowl,Punch Bowl,"punch bowl, nuremberg punch bowl, nuremberg christmas market punch bowl",Germany
de-0013-h21,de-0013,Germany,Bavaria,Nuremberg,Nuremberg Christmas Market,"Nuremberg, Germany Christmas Market Evening Walk (2024)",nuremberg-christmas-market-evening-walk-2024,https://youtu.be/CRAigMYQ4cM,2:03:50,7430,Craftmen’s Courtyard,Craftmen’s Courtyard,"craftmen’s courtyard, nuremberg craftmen’s courtyard, nuremberg christmas market craftmen’s courtyard",Germany
de-0014-h01,de-0014,Germany,Bavaria,Nuremberg,Nuremberg Christmas Market,"Nuremberg, Germany Christmas Market Day Walk (2024)",nuremberg-christmas-market-day-walk-2024,https://youtu.be/9AD44Xk2Jkg,0:00:52,52,Fleischbrücke (Bridge),Fleischbrücke (Bridge),"fleischbrücke (bridge), nuremberg fleischbrücke (bridge), nuremberg christmas market fleischbrücke (bridge)",Germany
de-0014-h02,de-0014,Germany,Bavaria,Nuremberg,Nuremberg Christmas Market,"Nuremberg, Germany Christmas Market Day Walk (2024)",nuremberg-christmas-market-day-walk-2024,https://youtu.be/9AD44Xk2Jkg,0:03:18,198,Hauptmarkt Christmas Market,Hauptmarkt Christmas Market,"hauptmarkt christmas market, nuremberg hauptmarkt christmas market, nuremberg christmas market hauptmarkt christmas market",Germany
de-0014-h03,de-0014,Germany,Bavaria,Nuremberg,Nuremberg Christmas Market,"Nuremberg, Germany Christmas Market Day Walk (2024)",nuremberg-christmas-market-day-walk-2024,https://youtu.be/9AD44Xk2Jkg,0:38:09,2289,Schöner Brunnen,Schöner Brunnen,"schöner brunnen, nuremberg schöner brunnen, nuremberg christmas market schöner brunnen",Germany
de-0014-h04,de-0014,Germany,Bavaria,Nuremberg,Nuremberg Christmas Market,"Nuremberg, Germany Christmas Market Day Walk (2024)",nuremberg-christmas-market-day-walk-2024,https://youtu.be/9AD44Xk2Jkg,0:41:05,2465,Original Regional Market,Original Regional Market,"original regional market, nuremberg original regional market, nuremberg christmas market original regional market",Germany
de-0014-h05,de-0014,Germany,Bavaria,Nuremberg,Nuremberg Christmas Market,"Nuremberg, Germany Christmas Market Day Walk (2024)",nuremberg-christmas-market-day-walk-2024,https://youtu.be/9AD44Xk2Jkg,0:42:04,2524,St. Sebaldus Church,St. Sebaldus Church,"st. sebaldus church, nuremberg st. sebaldus church, nuremberg christmas market st. sebaldus church",Germany
de-0014-h06,de-0014,Germany,Bavaria,Nuremberg,Nuremberg Christmas Market,"Nuremberg, Germany Christmas Market Day Walk (2024)",nuremberg-christmas-market-day-walk-2024,https://youtu.be/9AD44Xk2Jkg,0:48:29,2909,Sister Cities Market,Sister Cities Market,"sister cities market, nuremberg sister cities market, nuremberg christmas market sister cities market",Germany
de-0014-h07,de-0014,Germany,Bavaria,Nuremberg,Nuremberg Christmas Market,"Nuremberg, Germany Christmas Market Day Walk (2024)",nuremberg-christmas-market-day-walk-2024,https://youtu.be/9AD44Xk2Jkg,0:59:45,3585,Children’s Christmas Market,Children’s Christmas Market,"children’s christmas market, nuremberg children’s christmas market, nuremberg christmas market children’s christmas market",Germany
de-0014-h08,de-0014,Germany,Bavaria,Nuremberg,Nuremberg Christmas Market,"Nuremberg, Germany Christmas Market Day Walk (2024)",nuremberg-christmas-market-day-walk-2024,https://youtu.be/9AD44Xk2Jkg,1:04:58,3898,Heubrücke (Bridge),Heubrücke (Bridge),"heubrücke (bridge), nuremberg heubrücke (bridge), nuremberg christmas market heubrücke (bridge)",Germany
de-0014-h09,de-0014,Germany,Bavaria,Nuremberg,Nuremberg Christmas Market,"Nuremberg, Germany Christmas Market Day Walk (2024)",nuremberg-christmas-market-day-walk-2024,https://youtu.be/9AD44Xk2Jkg,1:07:23,4043,Walk along Pegnitz river,Walk along Pegnitz river,"walk along pegnitz river, nuremberg walk along pegnitz river, nuremberg christmas market walk along pegnitz river",Germany
de-0014-h10,de-0014,Germany,Bavaria,Nuremberg,Nuremberg Christmas Market,"Nuremberg, Germany Christmas Market Day Walk (2024)",nuremberg-christmas-market-day-walk-2024,https://youtu.be/9AD44Xk2Jkg,1:10:49,4249,King Street (Königstraße),King Street (Königstraße),"king street (königstraße), nuremberg king street (königstraße), nuremberg christmas market king street (königstraße)",Germany
de-0014-h11,de-0014,Germany,Bavaria,Nuremberg,Nuremberg Christmas Market,"Nuremberg, Germany Christmas Market Day Walk (2024)",nuremberg-christmas-market-day-walk-2024,https://youtu.be/9AD44Xk2Jkg,1:13:51,4431,Church of St. Lorenz (Lorenzkirche),Church of St. Lorenz (Lorenzkirche),"church of st. lorenz (lorenzkirche), nuremberg church of st. lorenz (lorenzkirche), nuremberg christmas market church of st. lorenz (lorenzkirche)",Germany
de-0014-h12,de-0014,Germany,Bavaria,Nuremberg,Nuremberg Christmas Market,"Nuremberg, Germany Christmas Market Day Walk (2024)",nuremberg-christmas-market-day-walk-2024,https://youtu.be/9AD44Xk2Jkg,1:21:19,4879,Craftsmen’s Courtyard (Handwerkerhof),Craftsmen’s Courtyard (Handwerkerhof),"craftsmen’s courtyard (handwerkerhof), nuremberg craftsmen’s courtyard (handwerkerhof), nuremberg christmas market craftsmen’s courtyard (handwerkerhof)",Germany
de-0014-h13,de-0014,Germany,Bavaria,Nuremberg,Nuremberg Christmas Market,"Nuremberg, Germany Christmas Market Day Walk (2024)",nuremberg-christmas-market-day-walk-2024,https://youtu.be/9AD44Xk2Jkg,1:27:08,5228,King Street (Königstraße) (return),King Street (Königstraße) (return),"king street (königstraße) (return), nuremberg king street (königstraße) (return), nuremberg christmas market king street (königstraße) (return)",Germany
de-0014-h14,de-0014,Germany,Bavaria,Nuremberg,Nuremberg Christmas Market,"Nuremberg, Germany Christmas Market Day Walk (2024)",nuremberg-christmas-market-day-walk-2024,https://youtu.be/9AD44Xk2Jkg,1:32:43,5563,Caroline Street (Karolinenstraße),Caroline Street (Karolinenstraße),"caroline street (karolinenstraße), nuremberg caroline street (karolinenstraße), nuremberg christmas market caroline street (karolinenstraße)",Germany
de-0014-h15,de-0014,Germany,Bavaria,Nuremberg,Nuremberg Christmas Market,"Nuremberg, Germany Christmas Market Day Walk (2024)",nuremberg-christmas-market-day-walk-2024,https://youtu.be/9AD44Xk2Jkg,1:37:09,5829,Hefnersplatz,Hefnersplatz,"hefnersplatz, nuremberg hefnersplatz, nuremberg christmas market hefnersplatz",Germany
de-0014-h16,de-0014,Germany,Bavaria,Nuremberg,Nuremberg Christmas Market,"Nuremberg, Germany Christmas Market Day Walk (2024)",nuremberg-christmas-market-day-walk-2024,https://youtu.be/9AD44Xk2Jkg,1:38:38,5918,Ludwigsplatz,Ludwigsplatz,"ludwigsplatz, nuremberg ludwigsplatz, nuremberg christmas market ludwigsplatz",Germany
de-0014-h17,de-0014,Germany,Bavaria,Nuremberg,Nuremberg Christmas Market,"Nuremberg, Germany Christmas Market Day Walk (2024)",nuremberg-christmas-market-day-walk-2024,https://youtu.be/9AD44Xk2Jkg,1:39:48,5988,Marriage-Merry-Go-Round Fountain,Marriage-Merry-Go-Round Fountain,"marriage-merry-go-round fountain, nuremberg marriage-merry-go-round fountain, nuremberg christmas market marriage-merry-go-round fountain",Germany
de-0014-h18,de-0014,Germany,Bavaria,Nuremberg,Nuremberg Christmas Market,"Nuremberg, Germany Christmas Market Day Walk (2024)",nuremberg-christmas-market-day-walk-2024,https://youtu.be/9AD44Xk2Jkg,1:42:17,6137,Jakobsplatz Christmas Market,Jakobsplatz Christmas Market,"jakobsplatz christmas market, nuremberg jakobsplatz christmas market, nuremberg christmas market jakobsplatz christmas market",Germany
de-0014-h19,de-0014,Germany,Bavaria,Nuremberg,Nuremberg Christmas Market,"Nuremberg, Germany Christmas Market Day Walk (2024)",nuremberg-christmas-market-day-walk-2024,https://youtu.be/9AD44Xk2Jkg,1:51:37,6697,Karlsbücke (Bridge),Karlsbücke (Bridge),"karlsbücke (bridge), nuremberg karlsbücke (bridge), nuremberg christmas market karlsbücke (bridge)",Germany
de-0014-h20,de-0014,Germany,Bavaria,Nuremberg,Nuremberg Christmas Market,"Nuremberg, Germany Christmas Market Day Walk (2024)",nuremberg-christmas-market-day-walk-2024,https://youtu.be/9AD44Xk2Jkg,1:52:44,6764,Trödelmarkt,Trödelmarkt,"trödelmarkt, nuremberg trödelmarkt, nuremberg christmas market trödelmarkt",Germany
de-0014-h21,de-0014,Germany,Bavaria,Nuremberg,Nuremberg Christmas Market,"Nuremberg, Germany Christmas Market Day Walk (2024)",nuremberg-christmas-market-day-walk-2024,https://youtu.be/9AD44Xk2Jkg,1:54:54,6894,Hangman's Bridge,Hangman's Bridge,"hangman's bridge, nuremberg hangman's bridge, nuremberg christmas market hangman's bridge",Germany
de-0014-h22,de-0014,Germany,Bavaria,Nuremberg,Nuremberg Christmas Market,"Nuremberg, Germany Christmas Market Day Walk (2024)",nuremberg-christmas-market-day-walk-2024,https://youtu.be/9AD44Xk2Jkg,1:57:51,7071,Maxbrücke (Bridge),Maxbrücke (Bridge),"maxbrücke (bridge), nuremberg maxbrücke (bridge), nuremberg christmas market maxbrücke (bridge)",Germany
de-0014-h23,de-0014,Germany,Bavaria,Nuremberg,Nuremberg Christmas Market,"Nuremberg, Germany Christmas Market Day Walk (2024)",nuremberg-christmas-market-day-walk-2024,https://youtu.be/9AD44Xk2Jkg,2:02:22,7342,Trödelmarkt (return),Trödelmarkt (return),"trödelmarkt (return), nuremberg trödelmarkt (return), nuremberg christmas market trödelmarkt (return)",Germany
de-0014-h24,de-0014,Germany,Bavaria,Nuremberg,Nuremberg Christmas Market,"Nuremberg, Germany Christmas Market Day Walk (2024)",nuremberg-christmas-market-day-walk-2024,https://youtu.be/9AD44Xk2Jkg,2:04:27,7467,Feuerzangenbowle,Feuerzangenbowle,"feuerzangenbowle, nuremberg feuerzangenbowle, nuremberg christmas market feuerzangenbowle",Germany
de-0014-h25,de-0014,Germany,Bavaria,Nuremberg,Nuremberg Christmas Market,"Nuremberg, Germany Christmas Market Day Walk (2024)",nuremberg-christmas-market-day-walk-2024,https://youtu.be/9AD44Xk2Jkg,2:06:14,7574,Hauptmarkt Christmas Market (return),Hauptmarkt Christmas Market (return),"hauptmarkt christmas market (return), nuremberg hauptmarkt christmas market (return), nuremberg christmas market hauptmarkt christmas market (return)",Germany
de-0015-h01,de-0015,Germany,Bavaria,Rothenburg ob der Tauber,Rothenburg ob der Tauber Christmas Market,"Rothenburg ob der Tauber, Germany Christmas Market Evening Walk (2024)",rothenburg-christmas-market-evening-walk-2024,https://youtu.be/rNwRKSRIVgk,0:00:00,0,Intro and Map,Intro and Map,"intro and map, rothenburg ob der tauber intro and map, rothenburg ob der tauber christmas market intro and map",Germany
de-0015-h02,de-0015,Germany,Bavaria,Rothenburg ob der Tauber,Rothenburg ob der Tauber Christmas Market,"Rothenburg ob der Tauber, Germany Christmas Market Evening Walk (2024)",rothenburg-christmas-market-evening-walk-2024,https://youtu.be/rNwRKSRIVgk,0:00:52,52,Marktplatz Christmas Market,Marktplatz Christmas Market,"marktplatz christmas market, rothenburg ob der tauber marktplatz christmas market, rothenburg ob der tauber christmas market marktplatz christmas market",Germany
de-0015-h03,de-0015,Germany,Bavaria,Rothenburg ob der Tauber,Rothenburg ob der Tauber Christmas Market,"Rothenburg ob der Tauber, Germany Christmas Market Evening Walk (2024)",rothenburg-christmas-market-evening-walk-2024,https://youtu.be/rNwRKSRIVgk,0:12:30,750,Anneliese Friese STORE,Anneliese Friese STORE,"anneliese friese store, rothenburg ob der tauber anneliese friese store, rothenburg ob der tauber christmas market anneliese friese store",Germany
de-0015-h04,de-0015,Germany,Bavaria,Rothenburg ob der Tauber,Rothenburg ob der Tauber Christmas Market,"Rothenburg ob der Tauber, Germany Christmas Market Evening Walk (2024)",rothenburg-christmas-market-evening-walk-2024,https://youtu.be/rNwRKSRIVgk,0:27:44,1664,Teddyland STORE,Teddyland STORE,"teddyland store, rothenburg ob der tauber teddyland store, rothenburg ob der tauber christmas market teddyland store",Germany
de-0015-h05,de-0015,Germany,Bavaria,Rothenburg ob der Tauber,Rothenburg ob der Tauber Christmas Market,"Rothenburg ob der Tauber, Germany Christmas Market Evening Walk (2024)",rothenburg-christmas-market-evening-walk-2024,https://youtu.be/rNwRKSRIVgk,0:34:23,2063,Kathe Wohlfahrt- Christmas Market STORE,Kathe Wohlfahrt- Christmas Market STORE,"kathe wohlfahrt- christmas market store, rothenburg ob der tauber kathe wohlfahrt- christmas market store, rothenburg ob der tauber christmas market kathe wohlfahrt- christmas market store",Germany
de-0015-h06,de-0015,Germany,Bavaria,Rothenburg ob der Tauber,Rothenburg ob der Tauber Christmas Market,"Rothenburg ob der Tauber, Germany Christmas Market Evening Walk (2024)",rothenburg-christmas-market-evening-walk-2024,https://youtu.be/rNwRKSRIVgk,0:40:58,2458,Kathe Wohlfahrt - Christmas Village STORE,Kathe Wohlfahrt - Christmas Village STORE,"kathe wohlfahrt - christmas village store, rothenburg ob der tauber kathe wohlfahrt - christmas village store, rothenburg ob der tauber christmas market kathe wohlfahrt - christmas village store",Germany
de-0015-h07,de-0015,Germany,Bavaria,Rothenburg ob der Tauber,Rothenburg ob der Tauber Christmas Market,"Rothenburg ob der Tauber, Germany Christmas Market Evening Walk (2024)",rothenburg-christmas-market-evening-walk-2024,https://youtu.be/rNwRKSRIVgk,0:50:43,3043,Grüner Markt,Grüner Markt,"grüner markt, rothenburg ob der tauber grüner markt, rothenburg ob der tauber christmas market grüner markt",Germany
de-0015-h08,de-0015,Germany,Bavaria,Rothenburg ob der Tauber,Rothenburg ob der Tauber Christmas Market,"Rothenburg ob der Tauber, Germany Christmas Market Evening Walk (2024)",rothenburg-christmas-market-evening-walk-2024,https://youtu.be/rNwRKSRIVgk,0:55:23,3323,Kirchplatz,Kirchplatz,"kirchplatz, rothenburg ob der tauber kirchplatz, rothenburg ob der tauber christmas market kirchplatz",Germany
de-0015-h09,de-0015,Germany,Bavaria,Rothenburg ob der Tauber,Rothenburg ob der Tauber Christmas Market,"Rothenburg ob der Tauber, Germany Christmas Market Evening Walk (2024)",rothenburg-christmas-market-evening-walk-2024,https://youtu.be/rNwRKSRIVgk,0:57:51,3471,St. James’ Church,St. James’ Church,"st. james’ church, rothenburg ob der tauber st. james’ church, rothenburg ob der tauber christmas market st. james’ church",Germany
de-0015-h10,de-0015,Germany,Bavaria,Rothenburg ob der Tauber,Rothenburg ob der Tauber Christmas Market,"Rothenburg ob der Tauber, Germany Christmas Market Evening Walk (2024)",rothenburg-christmas-market-evening-walk-2024,https://youtu.be/rNwRKSRIVgk,1:07:24,4044,White Tower,White Tower,"white tower, rothenburg ob der tauber white tower, rothenburg ob der tauber christmas market white tower",Germany
de-0015-h11,de-0015,Germany,Bavaria,Rothenburg ob der Tauber,Rothenburg ob der Tauber Christmas Market,"Rothenburg ob der Tauber, Germany Christmas Market Evening Walk (2024)",rothenburg-christmas-market-evening-walk-2024,https://youtu.be/rNwRKSRIVgk,1:13:39,4419,Markus Tower,Markus Tower,"markus tower, rothenburg ob der tauber markus tower, rothenburg ob der tauber christmas market markus tower",Germany
de-0015-h12,de-0015,Germany,Bavaria,Rothenburg ob der Tauber,Rothenburg ob der Tauber Christmas Market,"Rothenburg ob der Tauber, Germany Christmas Market Evening Walk (2024)",rothenburg-christmas-market-evening-walk-2024,https://youtu.be/rNwRKSRIVgk,1:14:58,4498,Röderbrunnen,Röderbrunnen,"röderbrunnen, rothenburg ob der tauber röderbrunnen, rothenburg ob der tauber christmas market röderbrunnen",Germany
de-0015-h13,de-0015,Germany,Bavaria,Rothenburg ob der Tauber,Rothenburg ob der Tauber Christmas Market,"Rothenburg ob der Tauber, Germany Christmas Market Evening Walk (2024)",rothenburg-christmas-market-evening-walk-2024,https://youtu.be/rNwRKSRIVgk,1:22:01,4921,Waffenkammer Medieval STORE,Waffenkammer Medieval STORE,"waffenkammer medieval store, rothenburg ob der tauber waffenkammer medieval store, rothenburg ob der tauber christmas market waffenkammer medieval store",Germany
de-0015-h14,de-0015,Germany,Bavaria,Rothenburg ob der Tauber,Rothenburg ob der Tauber Christmas Market,"Rothenburg ob der Tauber, Germany Christmas Market Evening Walk (2024)",rothenburg-christmas-market-evening-walk-2024,https://youtu.be/rNwRKSRIVgk,1:27:40,5260,Friese Manuela House of 1000 Gifts STORE,Friese Manuela House of 1000 Gifts STORE,"friese manuela house of 1000 gifts store, rothenburg ob der tauber friese manuela house of 1000 gifts store, rothenburg ob der tauber christmas market friese manuela house of 1000 gifts store",Germany
de-0015-h15,de-0015,Germany,Bavaria,Rothenburg ob der Tauber,Rothenburg ob der Tauber Christmas Market,"Rothenburg ob der Tauber, Germany Christmas Market Evening Walk (2024)",rothenburg-christmas-market-evening-walk-2024,https://youtu.be/rNwRKSRIVgk,1:31:13,5473,Wood Art STORE,Wood Art STORE,"wood art store, rothenburg ob der tauber wood art store, rothenburg ob der tauber christmas market wood art store",Germany
de-0015-h16,de-0015,Germany,Bavaria,Rothenburg ob der Tauber,Rothenburg ob der Tauber Christmas Market,"Rothenburg ob der Tauber, Germany Christmas Market Evening Walk (2024)",rothenburg-christmas-market-evening-walk-2024,https://youtu.be/rNwRKSRIVgk,1:36:26,5786,Plönlein,Plönlein,"plönlein, rothenburg ob der tauber plönlein, rothenburg ob der tauber christmas market plönlein",Germany
de-0015-h17,de-0015,Germany,Bavaria,Rothenburg ob der Tauber,Rothenburg ob der Tauber Christmas Market,"Rothenburg ob der Tauber, Germany Christmas Market Evening Walk (2024)",rothenburg-christmas-market-evening-walk-2024,https://youtu.be/rNwRKSRIVgk,1:38:47,5927,Siebers Tower,Siebers Tower,"siebers tower, rothenburg ob der tauber siebers tower, rothenburg ob der tauber christmas market siebers tower",Germany
de-0015-h18,de-0015,Germany,Bavaria,Rothenburg ob der Tauber,Rothenburg ob der Tauber Christmas Market,"Rothenburg ob der Tauber, Germany Christmas Market Evening Walk (2024)",rothenburg-christmas-market-evening-walk-2024,https://youtu.be/rNwRKSRIVgk,1:41:18,6078,Kobolzeller Tower,Kobolzeller Tower,"kobolzeller tower, rothenburg ob der tauber kobolzeller tower, rothenburg ob der tauber christmas market kobolzeller tower",Germany
de-0015-h19,de-0015,Germany,Bavaria,Rothenburg ob der Tauber,Rothenburg ob der Tauber Christmas Market,"Rothenburg ob der Tauber, Germany Christmas Market Evening Walk (2024)",rothenburg-christmas-market-evening-walk-2024,https://youtu.be/rNwRKSRIVgk,1:51:35,6695,Kathe Wohlfahrt Little Christmas Shop STORE,Kathe Wohlfahrt Little Christmas Shop STORE,"kathe wohlfahrt little christmas shop store, rothenburg ob der tauber kathe wohlfahrt little christmas shop store, rothenburg ob der tauber christmas market kathe wohlfahrt little christmas shop store",Germany
de-0015-h20,de-0015,Germany,Bavaria,Rothenburg ob der Tauber,Rothenburg ob der Tauber Christmas Market,"Rothenburg ob der Tauber, Germany Christmas Market Evening Walk (2024)",rothenburg-christmas-market-evening-walk-2024,https://youtu.be/rNwRKSRIVgk,1:59:18,7158,Observation Deck,Observation Deck,"observation deck, rothenburg ob der tauber observation deck, rothenburg ob der tauber christmas market observation deck",Germany
de-0015-h21,de-0015,Germany,Bavaria,Rothenburg ob der Tauber,Rothenburg ob der Tauber Christmas Market,"Rothenburg ob der Tauber, Germany Christmas Market Evening Walk (2024)",rothenburg-christmas-market-evening-walk-2024,https://youtu.be/rNwRKSRIVgk,2:02:26,7346,Burggasse Wall Street,Burggasse Wall Street,"burggasse wall street, rothenburg ob der tauber burggasse wall street, rothenburg ob der tauber christmas market burggasse wall street",Germany
de-0015-h22,de-0015,Germany,Bavaria,Rothenburg ob der Tauber,Rothenburg ob der Tauber Christmas Market,"Rothenburg ob der Tauber, Germany Christmas Market Evening Walk (2024)",rothenburg-christmas-market-evening-walk-2024,https://youtu.be/rNwRKSRIVgk,2:06:37,7597,Furbringerscheune Tower,Furbringerscheune Tower,"furbringerscheune tower, rothenburg ob der tauber furbringerscheune tower, rothenburg ob der tauber christmas market furbringerscheune tower",Germany
de-0015-h23,de-0015,Germany,Bavaria,Rothenburg ob der Tauber,Rothenburg ob der Tauber Christmas Market,"Rothenburg ob der Tauber, Germany Christmas Market Evening Walk (2024)",rothenburg-christmas-market-evening-walk-2024,https://youtu.be/rNwRKSRIVgk,2:07:31,7651,Castle Garden,Castle Garden,"castle garden, rothenburg ob der tauber castle garden, rothenburg ob der tauber christmas market castle garden",Germany
de-0015-h24,de-0015,Germany,Bavaria,Rothenburg ob der Tauber,Rothenburg ob der Tauber Christmas Market,"Rothenburg ob der Tauber, Germany Christmas Market Evening Walk (2024)",rothenburg-christmas-market-evening-walk-2024,https://youtu.be/rNwRKSRIVgk,2:12:23,7943,Castle Gate,Castle Gate,"castle gate, rothenburg ob der tauber castle gate, rothenburg ob der tauber christmas market castle gate",Germany
de-0015-h25,de-0015,Germany,Bavaria,Rothenburg ob der Tauber,Rothenburg ob der Tauber Christmas Market,"Rothenburg ob der Tauber, Germany Christmas Market Evening Walk (2024)",rothenburg-christmas-market-evening-walk-2024,https://youtu.be/rNwRKSRIVgk,2:13:55,8035,Herrngasse Main Street,Herrngasse Main Street,"herrngasse main street, rothenburg ob der tauber herrngasse main street, rothenburg ob der tauber christmas market herrngasse main street",Germany
de-0015-h26,de-0015,Germany,Bavaria,Rothenburg ob der Tauber,Rothenburg ob der Tauber Christmas Market,"Rothenburg ob der Tauber, Germany Christmas Market Evening Walk (2024)",rothenburg-christmas-market-evening-walk-2024,https://youtu.be/rNwRKSRIVgk,2:17:44,8264,Marktplatz,Marktplatz,"marktplatz, rothenburg ob der tauber marktplatz, rothenburg ob der tauber christmas market marktplatz",Germany
de-0016-h01,de-0016,Germany,Bavaria,Rothenburg ob der Tauber,Rothenburg ob der Tauber Christmas Market,"Rothenburg ob der Tauber, Germany Christmas Market Day Walk (2023)",rothenburg-christmas-market-day-walk-2023,https://youtu.be/EzZhJgqsdYU,0:00:00,0,Drone intro and Map,Drone intro and Map,"drone intro and map, rothenburg ob der tauber drone intro and map, rothenburg ob der tauber christmas market drone intro and map",Germany
de-0016-h02,de-0016,Germany,Bavaria,Rothenburg ob der Tauber,Rothenburg ob der Tauber Christmas Market,"Rothenburg ob der Tauber, Germany Christmas Market Day Walk (2023)",rothenburg-christmas-market-day-walk-2023,https://youtu.be/EzZhJgqsdYU,0:00:52,52,Castle Gardens,Castle Gardens,"castle gardens, rothenburg ob der tauber castle gardens, rothenburg ob der tauber christmas market castle gardens",Germany
de-0016-h03,de-0016,Germany,Bavaria,Rothenburg ob der Tauber,Rothenburg ob der Tauber Christmas Market,"Rothenburg ob der Tauber, Germany Christmas Market Day Walk (2023)",rothenburg-christmas-market-day-walk-2023,https://youtu.be/EzZhJgqsdYU,0:03:30,210,Castle Gate,Castle Gate,"castle gate, rothenburg ob der tauber castle gate, rothenburg ob der tauber christmas market castle gate",Germany
de-0016-h04,de-0016,Germany,Bavaria,Rothenburg ob der Tauber,Rothenburg ob der Tauber Christmas Market,"Rothenburg ob der Tauber, Germany Christmas Market Day Walk (2023)",rothenburg-christmas-market-day-walk-2023,https://youtu.be/EzZhJgqsdYU,0:04:58,298,Street into town,Street into town,"street into town, rothenburg ob der tauber street into town, rothenburg ob der tauber christmas market street into town",Germany
de-0016-h05,de-0016,Germany,Bavaria,Rothenburg ob der Tauber,Rothenburg ob der Tauber Christmas Market,"Rothenburg ob der Tauber, Germany Christmas Market Day Walk (2023)",rothenburg-christmas-market-day-walk-2023,https://youtu.be/EzZhJgqsdYU,0:07:22,442,Herrnbrunnen Fountain,Herrnbrunnen Fountain,"herrnbrunnen fountain, rothenburg ob der tauber herrnbrunnen fountain, rothenburg ob der tauber christmas market herrnbrunnen fountain",Germany
de-0016-h06,de-0016,Germany,Bavaria,Rothenburg ob der Tauber,Rothenburg ob der Tauber Christmas Market,"Rothenburg ob der Tauber, Germany Christmas Market Day Walk (2023)",rothenburg-christmas-market-day-walk-2023,https://youtu.be/EzZhJgqsdYU,0:12:18,738,Marktplatz Christmas Market,Marktplatz Christmas Market,"marktplatz christmas market, rothenburg ob der tauber marktplatz christmas market, rothenburg ob der tauber christmas market marktplatz christmas market",Germany
de-0016-h07,de-0016,Germany,Bavaria,Rothenburg ob der Tauber,Rothenburg ob der Tauber Christmas Market,"Rothenburg ob der Tauber, Germany Christmas Market Day Walk (2023)",rothenburg-christmas-market-day-walk-2023,https://youtu.be/EzZhJgqsdYU,0:26:08,1568,Alley Market,Alley Market,"alley market, rothenburg ob der tauber alley market, rothenburg ob der tauber christmas market alley market",Germany
de-0016-h08,de-0016,Germany,Bavaria,Rothenburg ob der Tauber,Rothenburg ob der Tauber Christmas Market,"Rothenburg ob der Tauber, Germany Christmas Market Day Walk (2023)",rothenburg-christmas-market-day-walk-2023,https://youtu.be/EzZhJgqsdYU,0:27:21,1641,Grüner Markt,Grüner Markt,"grüner markt, rothenburg ob der tauber grüner markt, rothenburg ob der tauber christmas market grüner markt",Germany
de-0016-h09,de-0016,Germany,Bavaria,Rothenburg ob der Tauber,Rothenburg ob der Tauber Christmas Market,"Rothenburg ob der Tauber, Germany Christmas Market Day Walk (2023)",rothenburg-christmas-market-day-walk-2023,https://youtu.be/EzZhJgqsdYU,0:31:14,1874,Kirchplatz Christmas Market,Kirchplatz Christmas Market,"kirchplatz christmas market, rothenburg ob der tauber kirchplatz christmas market, rothenburg ob der tauber christmas market kirchplatz christmas market",Germany
de-0016-h10,de-0016,Germany,Bavaria,Rothenburg ob der Tauber,Rothenburg ob der Tauber Christmas Market,"Rothenburg ob der Tauber, Germany Christmas Market Day Walk (2023)",rothenburg-christmas-market-day-walk-2023,https://youtu.be/EzZhJgqsdYU,0:35:03,2103,St. James’s Church,St. James’s Church,"st. james’s church, rothenburg ob der tauber st. james’s church, rothenburg ob der tauber christmas market st. james’s church",Germany
de-0016-h11,de-0016,Germany,Bavaria,Rothenburg ob der Tauber,Rothenburg ob der Tauber Christmas Market,"Rothenburg ob der Tauber, Germany Christmas Market Day Walk (2023)",rothenburg-christmas-market-day-walk-2023,https://youtu.be/EzZhJgqsdYU,0:50:31,3031,Plönlein/Siebers Tower,Plönlein/Siebers Tower,"plönlein/siebers tower, rothenburg ob der tauber plönlein/siebers tower, rothenburg ob der tauber christmas market plönlein/siebers tower",Germany
de-0016-h12,de-0016,Germany,Bavaria,Rothenburg ob der Tauber,Rothenburg ob der Tauber Christmas Market,"Rothenburg ob der Tauber, Germany Christmas Market Day Walk (2023)",rothenburg-christmas-market-day-walk-2023,https://youtu.be/EzZhJgqsdYU,0:58:20,3500,Observation Deck,Observation Deck,"observation deck, rothenburg ob der tauber observation deck, rothenburg ob der tauber christmas market observation deck",Germany
de-0016-h13,de-0016,Germany,Bavaria,Rothenburg ob der Tauber,Rothenburg ob der Tauber Christmas Market,"Rothenburg ob der Tauber, Germany Christmas Market Day Walk (2023)",rothenburg-christmas-market-day-walk-2023,https://youtu.be/EzZhJgqsdYU,1:04:07,3847,Hafengasse,Hafengasse,"hafengasse, rothenburg ob der tauber hafengasse, rothenburg ob der tauber christmas market hafengasse",Germany
de-0016-h14,de-0016,Germany,Bavaria,Rothenburg ob der Tauber,Rothenburg ob der Tauber Christmas Market,"Rothenburg ob der Tauber, Germany Christmas Market Day Walk (2023)",rothenburg-christmas-market-day-walk-2023,https://youtu.be/EzZhJgqsdYU,1:05:38,3938,Markus Tower,Markus Tower,"markus tower, rothenburg ob der tauber markus tower, rothenburg ob der tauber christmas market markus tower",Germany
de-0016-h15,de-0016,Germany,Bavaria,Rothenburg ob der Tauber,Rothenburg ob der Tauber Christmas Market,"Rothenburg ob der Tauber, Germany Christmas Market Day Walk (2023)",rothenburg-christmas-market-day-walk-2023,https://youtu.be/EzZhJgqsdYU,1:07:11,4031,Röderbrunnen,Röderbrunnen,"röderbrunnen, rothenburg ob der tauber röderbrunnen, rothenburg ob der tauber christmas market röderbrunnen",Germany
de-0016-h16,de-0016,Germany,Bavaria,Rothenburg ob der Tauber,Rothenburg ob der Tauber Christmas Market,"Rothenburg ob der Tauber, Germany Christmas Market Day Walk (2023)",rothenburg-christmas-market-day-walk-2023,https://youtu.be/EzZhJgqsdYU,1:08:52,4132,Röder Gate,Röder Gate,"röder gate, rothenburg ob der tauber röder gate, rothenburg ob der tauber christmas market röder gate",Germany
de-0016-h17,de-0016,Germany,Bavaria,Rothenburg ob der Tauber,Rothenburg ob der Tauber Christmas Market,"Rothenburg ob der Tauber, Germany Christmas Market Day Walk (2023)",rothenburg-christmas-market-day-walk-2023,https://youtu.be/EzZhJgqsdYU,1:10:04,4204,Röderbastei,Röderbastei,"röderbastei, rothenburg ob der tauber röderbastei, rothenburg ob der tauber christmas market röderbastei",Germany
de-0016-h18,de-0016,Germany,Bavaria,Rothenburg ob der Tauber,Rothenburg ob der Tauber Christmas Market,"Rothenburg ob der Tauber, Germany Christmas Market Day Walk (2023)",rothenburg-christmas-market-day-walk-2023,https://youtu.be/EzZhJgqsdYU,1:12:41,4361,Stadtmauer (City walls),Stadtmauer (City walls),"stadtmauer (city walls), rothenburg ob der tauber stadtmauer (city walls), rothenburg ob der tauber christmas market stadtmauer (city walls)",Germany
de-0016-h19,de-0016,Germany,Bavaria,Rothenburg ob der Tauber,Rothenburg ob der Tauber Christmas Market,"Rothenburg ob der Tauber, Germany Christmas Market Day Walk (2023)",rothenburg-christmas-market-day-walk-2023,https://youtu.be/EzZhJgqsdYU,1:14:25,4465,Blacksmith’s House,Blacksmith’s House,"blacksmith’s house, rothenburg ob der tauber blacksmith’s house, rothenburg ob der tauber christmas market blacksmith’s house",Germany
de-0016-h20,de-0016,Germany,Bavaria,Rothenburg ob der Tauber,Rothenburg ob der Tauber Christmas Market,"Rothenburg ob der Tauber, Germany Christmas Market Day Walk (2023)",rothenburg-christmas-market-day-walk-2023,https://youtu.be/EzZhJgqsdYU,1:21:45,4905,Spital Gate,Spital Gate,"spital gate, rothenburg ob der tauber spital gate, rothenburg ob der tauber christmas market spital gate",Germany
de-0016-h21,de-0016,Germany,Bavaria,Rothenburg ob der Tauber,Rothenburg ob der Tauber Christmas Market,"Rothenburg ob der Tauber, Germany Christmas Market Day Walk (2023)",rothenburg-christmas-market-day-walk-2023,https://youtu.be/EzZhJgqsdYU,1:22:49,4969,Tauberweg Trail,Tauberweg Trail,"tauberweg trail, rothenburg ob der tauber tauberweg trail, rothenburg ob der tauber christmas market tauberweg trail",Germany
de-0016-h22,de-0016,Germany,Bavaria,Rothenburg ob der Tauber,Rothenburg ob der Tauber Christmas Market,"Rothenburg ob der Tauber, Germany Christmas Market Day Walk (2023)",rothenburg-christmas-market-day-walk-2023,https://youtu.be/EzZhJgqsdYU,1:24:15,5055,Sauturm Tower,Sauturm Tower,"sauturm tower, rothenburg ob der tauber sauturm tower, rothenburg ob der tauber christmas market sauturm tower",Germany
de-0016-h23,de-0016,Germany,Bavaria,Rothenburg ob der Tauber,Rothenburg ob der Tauber Christmas Market,"Rothenburg ob der Tauber, Germany Christmas Market Day Walk (2023)",rothenburg-christmas-market-day-walk-2023,https://youtu.be/EzZhJgqsdYU,1:30:02,5402,Kobolzeller Vortor,Kobolzeller Vortor,"kobolzeller vortor, rothenburg ob der tauber kobolzeller vortor, rothenburg ob der tauber christmas market kobolzeller vortor",Germany
de-0016-h24,de-0016,Germany,Bavaria,Rothenburg ob der Tauber,Rothenburg ob der Tauber Christmas Market,"Rothenburg ob der Tauber, Germany Christmas Market Day Walk (2023)",rothenburg-christmas-market-day-walk-2023,https://youtu.be/EzZhJgqsdYU,1:32:04,5524,Plönlein,Plönlein,"plönlein, rothenburg ob der tauber plönlein, rothenburg ob der tauber christmas market plönlein",Germany
de-0016-h25,de-0016,Germany,Bavaria,Rothenburg ob der Tauber,Rothenburg ob der Tauber Christmas Market,"Rothenburg ob der Tauber, Germany Christmas Market Day Walk (2023)",rothenburg-christmas-market-day-walk-2023,https://youtu.be/EzZhJgqsdYU,1:36:28,5788,Marktplatz,Marktplatz,"marktplatz, rothenburg ob der tauber marktplatz, rothenburg ob der tauber christmas market marktplatz",Germany
de-0017-h01,de-0017,Germany,Bavaria,Rothenburg ob der Tauber,Rothenburg ob der Tauber Christmas Market,"Rothenburg ob der Tauber, Germany Christmas Market Evening Walk (2023)",rothenburg-christmas-market-evening-walk-2023,https://youtu.be/jur8EnASUp0,0:00:52,52,Castle Gardens,Castle Gardens,"castle gardens, rothenburg ob der tauber castle gardens, rothenburg ob der tauber christmas market castle gardens",Germany
de-0017-h02,de-0017,Germany,Bavaria,Rothenburg ob der Tauber,Rothenburg ob der Tauber Christmas Market,"Rothenburg ob der Tauber, Germany Christmas Market Evening Walk (2023)",rothenburg-christmas-market-evening-walk-2023,https://youtu.be/jur8EnASUp0,0:03:46,226,Castle Gate,Castle Gate,"castle gate, rothenburg ob der tauber castle gate, rothenburg ob der tauber christmas market castle gate",Germany
de-0017-h03,de-0017,Germany,Bavaria,Rothenburg ob der Tauber,Rothenburg ob der Tauber Christmas Market,"Rothenburg ob der Tauber, Germany Christmas Market Evening Walk (2023)",rothenburg-christmas-market-evening-walk-2023,https://youtu.be/jur8EnASUp0,0:05:51,351,Street into town,Street into town,"street into town, rothenburg ob der tauber street into town, rothenburg ob der tauber christmas market street into town",Germany
de-0017-h04,de-0017,Germany,Bavaria,Rothenburg ob der Tauber,Rothenburg ob der Tauber Christmas Market,"Rothenburg ob der Tauber, Germany Christmas Market Evening Walk (2023)",rothenburg-christmas-market-evening-walk-2023,https://youtu.be/jur8EnASUp0,0:07:41,461,Herrnbrunnen Fountain,Herrnbrunnen Fountain,"herrnbrunnen fountain, rothenburg ob der tauber herrnbrunnen fountain, rothenburg ob der tauber christmas market herrnbrunnen fountain",Germany
de-0017-h05,de-0017,Germany,Bavaria,Rothenburg ob der Tauber,Rothenburg ob der Tauber Christmas Market,"Rothenburg ob der Tauber, Germany Christmas Market Evening Walk (2023)",rothenburg-christmas-market-evening-walk-2023,https://youtu.be/jur8EnASUp0,0:15:09,909,Marktplatz Christmas Market,Marktplatz Christmas Market,"marktplatz christmas market, rothenburg ob der tauber marktplatz christmas market, rothenburg ob der tauber christmas market marktplatz christmas market",Germany
de-0017-h06,de-0017,Germany,Bavaria,Rothenburg ob der Tauber,Rothenburg ob der Tauber Christmas Market,"Rothenburg ob der Tauber, Germany Christmas Market Evening Walk (2023)",rothenburg-christmas-market-evening-walk-2023,https://youtu.be/jur8EnASUp0,0:24:00,1440,Georgsbrunnen Fountain,Georgsbrunnen Fountain,"georgsbrunnen fountain, rothenburg ob der tauber georgsbrunnen fountain, rothenburg ob der tauber christmas market georgsbrunnen fountain",Germany
de-0017-h07,de-0017,Germany,Bavaria,Rothenburg ob der Tauber,Rothenburg ob der Tauber Christmas Market,"Rothenburg ob der Tauber, Germany Christmas Market Evening Walk (2023)",rothenburg-christmas-market-evening-walk-2023,https://youtu.be/jur8EnASUp0,0:28:36,1716,View of Market from above,View of Market from above,"view of market from above, rothenburg ob der tauber view of market from above, rothenburg ob der tauber christmas market view of market from above",Germany
de-0017-h08,de-0017,Germany,Bavaria,Rothenburg ob der Tauber,Rothenburg ob der Tauber Christmas Market,"Rothenburg ob der Tauber, Germany Christmas Market Evening Walk (2023)",rothenburg-christmas-market-evening-walk-2023,https://youtu.be/jur8EnASUp0,0:36:21,2181,Alley Market,Alley Market,"alley market, rothenburg ob der tauber alley market, rothenburg ob der tauber christmas market alley market",Germany
de-0017-h09,de-0017,Germany,Bavaria,Rothenburg ob der Tauber,Rothenburg ob der Tauber Christmas Market,"Rothenburg ob der Tauber, Germany Christmas Market Evening Walk (2023)",rothenburg-christmas-market-evening-walk-2023,https://youtu.be/jur8EnASUp0,0:39:01,2341,Grüner Markt,Grüner Markt,"grüner markt, rothenburg ob der tauber grüner markt, rothenburg ob der tauber christmas market grüner markt",Germany
de-0017-h10,de-0017,Germany,Bavaria,Rothenburg ob der Tauber,Rothenburg ob der Tauber Christmas Market,"Rothenburg ob der Tauber, Germany Christmas Market Evening Walk (2023)",rothenburg-christmas-market-evening-walk-2023,https://youtu.be/jur8EnASUp0,0:43:56,2636,Kirchplatz Christmas Market,Kirchplatz Christmas Market,"kirchplatz christmas market, rothenburg ob der tauber kirchplatz christmas market, rothenburg ob der tauber christmas market kirchplatz christmas market",Germany
de-0017-h11,de-0017,Germany,Bavaria,Rothenburg ob der Tauber,Rothenburg ob der Tauber Christmas Market,"Rothenburg ob der Tauber, Germany Christmas Market Evening Walk (2023)",rothenburg-christmas-market-evening-walk-2023,https://youtu.be/jur8EnASUp0,0:55:12,3312,White Tower,White Tower,"white tower, rothenburg ob der tauber white tower, rothenburg ob der tauber christmas market white tower",Germany
de-0017-h12,de-0017,Germany,Bavaria,Rothenburg ob der Tauber,Rothenburg ob der Tauber Christmas Market,"Rothenburg ob der Tauber, Germany Christmas Market Evening Walk (2023)",rothenburg-christmas-market-evening-walk-2023,https://youtu.be/jur8EnASUp0,1:00:31,3631,Markus Tower,Markus Tower,"markus tower, rothenburg ob der tauber markus tower, rothenburg ob der tauber christmas market markus tower",Germany
de-0017-h13,de-0017,Germany,Bavaria,Rothenburg ob der Tauber,Rothenburg ob der Tauber Christmas Market,"Rothenburg ob der Tauber, Germany Christmas Market Evening Walk (2023)",rothenburg-christmas-market-evening-walk-2023,https://youtu.be/jur8EnASUp0,1:01:06,3666,Röderbrunnen,Röderbrunnen,"röderbrunnen, rothenburg ob der tauber röderbrunnen, rothenburg ob der tauber christmas market röderbrunnen",Germany
de-0017-h14,de-0017,Germany,Bavaria,Rothenburg ob der Tauber,Rothenburg ob der Tauber Christmas Market,"Rothenburg ob der Tauber, Germany Christmas Market Evening Walk (2023)",rothenburg-christmas-market-evening-walk-2023,https://youtu.be/jur8EnASUp0,1:03:43,3823,Röder Gate,Röder Gate,"röder gate, rothenburg ob der tauber röder gate, rothenburg ob der tauber christmas market röder gate",Germany
de-0017-h15,de-0017,Germany,Bavaria,Rothenburg ob der Tauber,Rothenburg ob der Tauber Christmas Market,"Rothenburg ob der Tauber, Germany Christmas Market Evening Walk (2023)",rothenburg-christmas-market-evening-walk-2023,https://youtu.be/jur8EnASUp0,1:10:07,4207,Blacksmith’s House,Blacksmith’s House,"blacksmith’s house, rothenburg ob der tauber blacksmith’s house, rothenburg ob der tauber christmas market blacksmith’s house",Germany
de-0017-h16,de-0017,Germany,Bavaria,Rothenburg ob der Tauber,Rothenburg ob der Tauber Christmas Market,"Rothenburg ob der Tauber, Germany Christmas Market Evening Walk (2023)",rothenburg-christmas-market-evening-walk-2023,https://youtu.be/jur8EnASUp0,1:17:30,4650,Obere Schmiedgasse,Obere Schmiedgasse,"obere schmiedgasse, rothenburg ob der tauber obere schmiedgasse, rothenburg ob der tauber christmas market obere schmiedgasse",Germany
de-0017-h17,de-0017,Germany,Bavaria,Rothenburg ob der Tauber,Rothenburg ob der Tauber Christmas Market,"Rothenburg ob der Tauber, Germany Christmas Market Evening Walk (2023)",rothenburg-christmas-market-evening-walk-2023,https://youtu.be/jur8EnASUp0,1:21:36,4896,Plönlein/Siebers Tower,Plönlein/Siebers Tower,"plönlein/siebers tower, rothenburg ob der tauber plönlein/siebers tower, rothenburg ob der tauber christmas market plönlein/siebers tower",Germany
de-0017-h18,de-0017,Germany,Bavaria,Rothenburg ob der Tauber,Rothenburg ob der Tauber Christmas Market,"Rothenburg ob der Tauber, Germany Christmas Market Evening Walk (2023)",rothenburg-christmas-market-evening-walk-2023,https://youtu.be/jur8EnASUp0,1:27:51,5271,Marktplatz,Marktplatz,"marktplatz, rothenburg ob der tauber marktplatz, rothenburg ob der tauber christmas market marktplatz",Germany
de-0018-h01,de-0018,Germany,Bavaria,Rothenburg ob der Tauber,Rothenburg ob der Tauber Christmas Market,"Rothenburg ob der Tauber, Germany Christmas Market Morning Walk (2024)",rothenburg-christmas-market-morning-walk-2024,https://youtu.be/611ytxlZjv0,0:04:03,243,Marktplatz,Marktplatz,"marktplatz, rothenburg ob der tauber marktplatz, rothenburg ob der tauber christmas market marktplatz",Germany
de-0018-h02,de-0018,Germany,Bavaria,Rothenburg ob der Tauber,Rothenburg ob der Tauber Christmas Market,"Rothenburg ob der Tauber, Germany Christmas Market Morning Walk (2024)",rothenburg-christmas-market-morning-walk-2024,https://youtu.be/611ytxlZjv0,0:07:32,452,Kathe Wohlfahrt Car,Kathe Wohlfahrt Car,"kathe wohlfahrt car, rothenburg ob der tauber kathe wohlfahrt car, rothenburg ob der tauber christmas market kathe wohlfahrt car",Germany
de-0018-h03,de-0018,Germany,Bavaria,Rothenburg ob der Tauber,Rothenburg ob der Tauber Christmas Market,"Rothenburg ob der Tauber, Germany Christmas Market Morning Walk (2024)",rothenburg-christmas-market-morning-walk-2024,https://youtu.be/611ytxlZjv0,0:10:13,613,Obere Schmiedgasse Street,Obere Schmiedgasse Street,"obere schmiedgasse street, rothenburg ob der tauber obere schmiedgasse street, rothenburg ob der tauber christmas market obere schmiedgasse street",Germany
de-0018-h04,de-0018,Germany,Bavaria,Rothenburg ob der Tauber,Rothenburg ob der Tauber Christmas Market,"Rothenburg ob der Tauber, Germany Christmas Market Morning Walk (2024)",rothenburg-christmas-market-morning-walk-2024,https://youtu.be/611ytxlZjv0,0:14:26,866,Plönlein,Plönlein,"plönlein, rothenburg ob der tauber plönlein, rothenburg ob der tauber christmas market plönlein",Germany
de-0018-h05,de-0018,Germany,Bavaria,Rothenburg ob der Tauber,Rothenburg ob der Tauber Christmas Market,"Rothenburg ob der Tauber, Germany Christmas Market Morning Walk (2024)",rothenburg-christmas-market-morning-walk-2024,https://youtu.be/611ytxlZjv0,0:16:52,1012,Siebersturm,Siebersturm,"siebersturm, rothenburg ob der tauber siebersturm, rothenburg ob der tauber christmas market siebersturm",Germany
de-0018-h06,de-0018,Germany,Bavaria,Rothenburg ob der Tauber,Rothenburg ob der Tauber Christmas Market,"Rothenburg ob der Tauber, Germany Christmas Market Morning Walk (2024)",rothenburg-christmas-market-morning-walk-2024,https://youtu.be/611ytxlZjv0,0:18:23,1103,Kobolzeller Turm,Kobolzeller Turm,"kobolzeller turm, rothenburg ob der tauber kobolzeller turm, rothenburg ob der tauber christmas market kobolzeller turm",Germany
de-0018-h07,de-0018,Germany,Bavaria,Rothenburg ob der Tauber,Rothenburg ob der Tauber Christmas Market,"Rothenburg ob der Tauber, Germany Christmas Market Morning Walk (2024)",rothenburg-christmas-market-morning-walk-2024,https://youtu.be/611ytxlZjv0,0:25:32,1532,Plönlein (return),Plönlein (return),"plönlein (return), rothenburg ob der tauber plönlein (return), rothenburg ob der tauber christmas market plönlein (return)",Germany
de-0018-h08,de-0018,Germany,Bavaria,Rothenburg ob der Tauber,Rothenburg ob der Tauber Christmas Market,"Rothenburg ob der Tauber, Germany Christmas Market Morning Walk (2024)",rothenburg-christmas-market-morning-walk-2024,https://youtu.be/611ytxlZjv0,0:32:01,1921,Marktplatz (return),Marktplatz (return),"marktplatz (return), rothenburg ob der tauber marktplatz (return), rothenburg ob der tauber christmas market marktplatz (return)",Germany
de-0018-h09,de-0018,Germany,Bavaria,Rothenburg ob der Tauber,Rothenburg ob der Tauber Christmas Market,"Rothenburg ob der Tauber, Germany Christmas Market Morning Walk (2024)",rothenburg-christmas-market-morning-walk-2024,https://youtu.be/611ytxlZjv0,0:32:48,1968,Herrngasse Street,Herrngasse Street,"herrngasse street, rothenburg ob der tauber herrngasse street, rothenburg ob der tauber christmas market herrngasse street",Germany
de-0018-h10,de-0018,Germany,Bavaria,Rothenburg ob der Tauber,Rothenburg ob der Tauber Christmas Market,"Rothenburg ob der Tauber, Germany Christmas Market Morning Walk (2024)",rothenburg-christmas-market-morning-walk-2024,https://youtu.be/611ytxlZjv0,0:37:03,2223,Castle Garden,Castle Garden,"castle garden, rothenburg ob der tauber castle garden, rothenburg ob der tauber christmas market castle garden",Germany
de-0018-h11,de-0018,Germany,Bavaria,Rothenburg ob der Tauber,Rothenburg ob der Tauber Christmas Market,"Rothenburg ob der Tauber, Germany Christmas Market Morning Walk (2024)",rothenburg-christmas-market-morning-walk-2024,https://youtu.be/611ytxlZjv0,0:37:26,2246,Tower Trail,Tower Trail,"tower trail, rothenburg ob der tauber tower trail, rothenburg ob der tauber christmas market tower trail",Germany
de-0018-h12,de-0018,Germany,Bavaria,Rothenburg ob der Tauber,Rothenburg ob der Tauber Christmas Market,"Rothenburg ob der Tauber, Germany Christmas Market Morning Walk (2024)",rothenburg-christmas-market-morning-walk-2024,https://youtu.be/611ytxlZjv0,0:44:53,2693,St. Wolfgang,St. Wolfgang,"st. wolfgang, rothenburg ob der tauber st. wolfgang, rothenburg ob der tauber christmas market st. wolfgang",Germany
de-0018-h13,de-0018,Germany,Bavaria,Rothenburg ob der Tauber,Rothenburg ob der Tauber Christmas Market,"Rothenburg ob der Tauber, Germany Christmas Market Morning Walk (2024)",rothenburg-christmas-market-morning-walk-2024,https://youtu.be/611ytxlZjv0,0:47:33,2853,Blade Gate and Wall Walk,Blade Gate and Wall Walk,"blade gate and wall walk, rothenburg ob der tauber blade gate and wall walk, rothenburg ob der tauber christmas market blade gate and wall walk",Germany
de-0018-h14,de-0018,Germany,Bavaria,Rothenburg ob der Tauber,Rothenburg ob der Tauber Christmas Market,"Rothenburg ob der Tauber, Germany Christmas Market Morning Walk (2024)",rothenburg-christmas-market-morning-walk-2024,https://youtu.be/611ytxlZjv0,0:52:34,3154,Morning Market,Morning Market,"morning market, rothenburg ob der tauber morning market, rothenburg ob der tauber christmas market morning market",Germany
de-0018-h15,de-0018,Germany,Bavaria,Rothenburg ob der Tauber,Rothenburg ob der Tauber Christmas Market,"Rothenburg ob der Tauber, Germany Christmas Market Morning Walk (2024)",rothenburg-christmas-market-morning-walk-2024,https://youtu.be/611ytxlZjv0,0:54:30,3270,Jewish Quarter,Jewish Quarter,"jewish quarter, rothenburg ob der tauber jewish quarter, rothenburg ob der tauber christmas market jewish quarter",Germany
de-0019-h01,de-0019,Germany,Baden-Württemberg,Stuttgart,Stuttgart Christmas Market,"Stuttgart, Germany Christmas Market Evening Walk (2022)",stuttgart-christmas-market-evening-walk-2022,https://youtu.be/DssVino8XPo,0:00:00,0,Intro and Map,Intro and Map,"intro and map, stuttgart intro and map, stuttgart christmas market intro and map",Germany
de-0019-h02,de-0019,Germany,Baden-Württemberg,Stuttgart,Stuttgart Christmas Market,"Stuttgart, Germany Christmas Market Evening Walk (2022)",stuttgart-christmas-market-evening-walk-2022,https://youtu.be/DssVino8XPo,0:00:52,52,Schlossplatz,Schlossplatz,"schlossplatz, stuttgart schlossplatz, stuttgart christmas market schlossplatz",Germany
de-0019-h03,de-0019,Germany,Baden-Württemberg,Stuttgart,Stuttgart Christmas Market,"Stuttgart, Germany Christmas Market Evening Walk (2022)",stuttgart-christmas-market-evening-walk-2022,https://youtu.be/DssVino8XPo,0:14:44,884,Christmas Market Entrance,Christmas Market Entrance,"christmas market entrance, stuttgart christmas market entrance, stuttgart christmas market christmas market entrance",Germany
de-0019-h04,de-0019,Germany,Baden-Württemberg,Stuttgart,Stuttgart Christmas Market,"Stuttgart, Germany Christmas Market Evening Walk (2022)",stuttgart-christmas-market-evening-walk-2022,https://youtu.be/DssVino8XPo,0:16:19,979,Schillerplatz,Schillerplatz,"schillerplatz, stuttgart schillerplatz, stuttgart christmas market schillerplatz",Germany
de-0019-h05,de-0019,Germany,Baden-Württemberg,Stuttgart,Stuttgart Christmas Market,"Stuttgart, Germany Christmas Market Evening Walk (2022)",stuttgart-christmas-market-evening-walk-2022,https://youtu.be/DssVino8XPo,0:24:14,1454,Old Castle,Old Castle,"old castle, stuttgart old castle, stuttgart christmas market old castle",Germany
de-0019-h06,de-0019,Germany,Baden-Württemberg,Stuttgart,Stuttgart Christmas Market,"Stuttgart, Germany Christmas Market Evening Walk (2022)",stuttgart-christmas-market-evening-walk-2022,https://youtu.be/DssVino8XPo,0:26:57,1617,Karlsplatz,Karlsplatz,"karlsplatz, stuttgart karlsplatz, stuttgart christmas market karlsplatz",Germany
de-0019-h07,de-0019,Germany,Baden-Württemberg,Stuttgart,Stuttgart Christmas Market,"Stuttgart, Germany Christmas Market Evening Walk (2022)",stuttgart-christmas-market-evening-walk-2022,https://youtu.be/DssVino8XPo,0:33:15,1995,Schillerplatz (return),Schillerplatz (return),"schillerplatz (return), stuttgart schillerplatz (return), stuttgart christmas market schillerplatz (return)",Germany
de-0019-h08,de-0019,Germany,Baden-Württemberg,Stuttgart,Stuttgart Christmas Market,"Stuttgart, Germany Christmas Market Evening Walk (2022)",stuttgart-christmas-market-evening-walk-2022,https://youtu.be/DssVino8XPo,0:45:49,2749,Marktplatz,Marktplatz,"marktplatz, stuttgart marktplatz, stuttgart christmas market marktplatz",Germany
de-0019-h09,de-0019,Germany,Baden-Württemberg,Stuttgart,Stuttgart Christmas Market,"Stuttgart, Germany Christmas Market Evening Walk (2022)",stuttgart-christmas-market-evening-walk-2022,https://youtu.be/DssVino8XPo,0:48:27,2907,Sporerplatz,Sporerplatz,"sporerplatz, stuttgart sporerplatz, stuttgart christmas market sporerplatz",Germany
de-0019-h10,de-0019,Germany,Baden-Württemberg,Stuttgart,Stuttgart Christmas Market,"Stuttgart, Germany Christmas Market Evening Walk (2022)",stuttgart-christmas-market-evening-walk-2022,https://youtu.be/DssVino8XPo,0:51:38,3098,Marktplatz (return),Marktplatz (return),"marktplatz (return), stuttgart marktplatz (return), stuttgart christmas market marktplatz (return)",Germany
de-0020-h01,de-0020,Germany,Baden-Württemberg,Stuttgart,Stuttgart Christmas Market,"Stuttgart, Germany Christmas Market Evening Walk (2024)",stuttgart-christmas-market-evening-walk-2024,https://youtu.be/1umZtnFfm60,0:00:52,52,Schlossplatz,Schlossplatz,"schlossplatz, stuttgart schlossplatz, stuttgart christmas market schlossplatz",Germany
de-0020-h02,de-0020,Germany,Baden-Württemberg,Stuttgart,Stuttgart Christmas Market,"Stuttgart, Germany Christmas Market Evening Walk (2024)",stuttgart-christmas-market-evening-walk-2024,https://youtu.be/1umZtnFfm60,0:05:28,328,King Street Market (Königstraße),King Street Market (Königstraße),"king street market (königstraße), stuttgart king street market (königstraße), stuttgart christmas market king street market (königstraße)",Germany
de-0020-h03,de-0020,Germany,Baden-Württemberg,Stuttgart,Stuttgart Christmas Market,"Stuttgart, Germany Christmas Market Evening Walk (2024)",stuttgart-christmas-market-evening-walk-2024,https://youtu.be/1umZtnFfm60,0:14:15,855,Kids Train,Kids Train,"kids train, stuttgart kids train, stuttgart christmas market kids train",Germany
de-0020-h04,de-0020,Germany,Baden-Württemberg,Stuttgart,Stuttgart Christmas Market,"Stuttgart, Germany Christmas Market Evening Walk (2024)",stuttgart-christmas-market-evening-walk-2024,https://youtu.be/1umZtnFfm60,0:17:56,1076,Tower View,Tower View,"tower view, stuttgart tower view, stuttgart christmas market tower view",Germany
de-0020-h05,de-0020,Germany,Baden-Württemberg,Stuttgart,Stuttgart Christmas Market,"Stuttgart, Germany Christmas Market Evening Walk (2024)",stuttgart-christmas-market-evening-walk-2024,https://youtu.be/1umZtnFfm60,0:24:52,1492,Christmas Market at Schillerplatz,Christmas Market at Schillerplatz,"christmas market at schillerplatz, stuttgart christmas market at schillerplatz, stuttgart christmas market christmas market at schillerplatz",Germany
de-0020-h06,de-0020,Germany,Baden-Württemberg,Stuttgart,Stuttgart Christmas Market,"Stuttgart, Germany Christmas Market Evening Walk (2024)",stuttgart-christmas-market-evening-walk-2024,https://youtu.be/1umZtnFfm60,0:39:40,2380,Old Castle and Tree,Old Castle and Tree,"old castle and tree, stuttgart old castle and tree, stuttgart christmas market old castle and tree",Germany
de-0020-h07,de-0020,Germany,Baden-Württemberg,Stuttgart,Stuttgart Christmas Market,"Stuttgart, Germany Christmas Market Evening Walk (2024)",stuttgart-christmas-market-evening-walk-2024,https://youtu.be/1umZtnFfm60,0:42:27,2547,Christmas Market at Karlsplatz,Christmas Market at Karlsplatz,"christmas market at karlsplatz, stuttgart christmas market at karlsplatz, stuttgart christmas market christmas market at karlsplatz",Germany
de-0020-h08,de-0020,Germany,Baden-Württemberg,Stuttgart,Stuttgart Christmas Market,"Stuttgart, Germany Christmas Market Evening Walk (2024)",stuttgart-christmas-market-evening-walk-2024,https://youtu.be/1umZtnFfm60,0:50:01,3001,Christmas Market at Schillerplatz (return),Christmas Market at Schillerplatz (return),"christmas market at schillerplatz (return), stuttgart christmas market at schillerplatz (return), stuttgart christmas market christmas market at schillerplatz (return)",Germany
de-0020-h09,de-0020,Germany,Baden-Württemberg,Stuttgart,Stuttgart Christmas Market,"Stuttgart, Germany Christmas Market Evening Walk (2024)",stuttgart-christmas-market-evening-walk-2024,https://youtu.be/1umZtnFfm60,0:59:41,3581,Best View of Christmas Pyramid,Best View of Christmas Pyramid,"best view of christmas pyramid, stuttgart best view of christmas pyramid, stuttgart christmas market best view of christmas pyramid",Germany
de-0020-h10,de-0020,Germany,Baden-Württemberg,Stuttgart,Stuttgart Christmas Market,"Stuttgart, Germany Christmas Market Evening Walk (2024)",stuttgart-christmas-market-evening-walk-2024,https://youtu.be/1umZtnFfm60,1:04:52,3892,Christmas Market at Marktplatz,Christmas Market at Marktplatz,"christmas market at marktplatz, stuttgart christmas market at marktplatz, stuttgart christmas market christmas market at marktplatz",Germany
de-0020-h11,de-0020,Germany,Baden-Württemberg,Stuttgart,Stuttgart Christmas Market,"Stuttgart, Germany Christmas Market Evening Walk (2024)",stuttgart-christmas-market-evening-walk-2024,https://youtu.be/1umZtnFfm60,1:16:44,4604,Animal Stable at Sporerplatz,Animal Stable at Sporerplatz,"animal stable at sporerplatz, stuttgart animal stable at sporerplatz, stuttgart christmas market animal stable at sporerplatz",Germany
de-0020-h12,de-0020,Germany,Baden-Württemberg,Stuttgart,Stuttgart Christmas Market,"Stuttgart, Germany Christmas Market Evening Walk (2024)",stuttgart-christmas-market-evening-walk-2024,https://youtu.be/1umZtnFfm60,1:20:13,4813,Christmas Market at Marktplatz (return),Christmas Market at Marktplatz (return),"christmas market at marktplatz (return), stuttgart christmas market at marktplatz (return), stuttgart christmas market christmas market at marktplatz (return)",Germany