tour_id,country,region,city,location,title,slug,slug_override,video_type,themes,filmed_date_iso,filmed_year,weather_summary,temp_f,temp_c,youtube_url,map_url,latitude,longitude,distance_label,distance_miles,distance_km,duration_label,source_sheet
it-0001,Italy,Campania,Agropoli,Agropoli,"Agropoli, Italy 4K Walking Tour (2020)",agropoli-day-walk-2020,,day-walk,"coastal, historic-center, old-town",2020-07-11,2020,,,,https://youtu.be/NJFZtpqdtE0,https://www.google.com/maps/d/edit?mid=1H0Q7D_w0SnuW4tTCW7I-VYx1aNjmWyLg&usp=sharing ,40.350518,14.9896278,,,,1:35:20,Italy
it-0002,Italy,Campania,Amalfi,Amalfi Coast,"Amalfi Coast, Italy 4K Bike Tour (2022)",amalfi-coast-bike-tour-2022,amalfi-coast-bike-tour-2022,bike-tour,"coastal, historic-center, world-heritage-site",2022-05-04,2022,,,,https://youtu.be/1UxoHtG2qas,https://www.google.com/maps/d/u/0/edit?mid=1UVBg5L-fE24x06xurWbR0HGcxP1sSu4&usp=sharing,40.6194714,14.4656484,,,,4:44:26,Italy
it-0003,Italy,Campania,Amalfi,Amalfi Coast,"Amalfi Coast, Italy 4K Scooter Tour (2019)",amalfi-scooter-tour-2019,,scooter-tour,"coastal, world-heritage-site",2019-09-07,2019,,,,https://youtu.be/vL3tziOxNC8,,40.6174457,14.4280522,,,,1:54:07,Italy
it-0004,Italy,Campania,Amalfi,Amalfi Coast,"Amalfi Coast, Italy 4K Drone Tour",amalfi-coast-drone-tour,amalfi-coast-drone-tour,drone-tour,"coastal, world-heritage-site",,2019,,,,https://youtu.be/O2UnQoKJkC8,,40.6043786,14.5287869,,,,0:08:56,Italy
it-0005,Italy,Campania,Positano,Amalfi Coast,"Amalfi Coast, Italy 4K Boat Tour (2021)",positano-boat-tour-2021,,boat-tour,"coastal, waterfront, world-heritage-site",2021-07-22,2021,,,,https://youtu.be/j4WmTagG3Ss,https://www.google.com/maps/d/u/0/edit?mid=1GZ-B-SwqGAufF5kpJtGxtvTA2wD-o5pw&usp=sharing,40.6271813,14.4862013,,,,2:27:53,Italy
it-0006,Italy,Campania,Positano,Amalfi Coast,"Amalfi Coast, Italy 4K 360 Tour (2019)",amalfi-coast-360-tour,amalfi-coast-360-tour,360-tour,"coastal, historic-center, world-heritage-site",,,,,,https://youtu.be/dDuBgKFyQEA,,40.6175414,14.4278,,,,1:54:10,Italy
it-0007,Italy,Campania,Maiori,Amalfi Coast,"Amalfi Coast, Italy 4K Path of the Lemons Walking Tour (2025)",maiori-hike-2025,,hike,"coastal, historic-center, world-heritage-site",2025-06-15,2025,,,,https://youtu.be/shgLRsSw7q0,https://www.google.com/maps/d/edit?mid=1Jxty6JTr69jjUkqo1F4Skl7DSQzNSx8&usp=sharing,40.6460622,14.6458396,,,,2:18:05,Italy
it-0008,Italy,Campania,Amalfi,Amalfi,"Amalfi, Italy 4K Walking Tour (2018) - No Captions",amalfi-day-walk-2018,,day-walk,"coastal, historic-center, world-heritage-site",2018-06-09,2018,,,,https://youtu.be/Wu_Vg86LMYw,,40.6310414,14.5992698,,,,1:30:52,Italy
it-0009,Italy,Campania,Amalfi,Amalfi,"Amalfi, Italy 4K Walking Tour (2018)",amalfi-day-walk-with-captions-2018,amalfi-day-walk-with-captions-2018,day-walk,"coastal, historic-center, world-heritage-site",2018-06-09,2018,,,,https://youtu.be/ougQYMEic3k,,40.6311324,14.5985918,,,,1:38:39,Italy
it-0010,Italy,Campania,Amalfi,Amalfi,"Amalfi, Italy 4K 360 Tour (2019)",amalfi-360-tour-2019,,360-tour,"coastal, historic-center, world-heritage-site",2019-09-07,2019,,,,https://youtu.be/G4BrczBZAXY,,40.6323402,14.6030455,,,,0:33:36,Italy
it-0011,Italy,Campania,Amalfi,Amalfi,"Amalfi, Italy 4K Walking Tour (2020)",amalfi-day-walk-2020,,day-walk,"coastal, historic-center, world-heritage-site",2020-06-27,2020,,,,https://youtu.be/EJ5Ju8-t3jk,https://www.google.com/maps/d/u/0/edit?mid=1mckBXjUaq7pZl8PqYi2Xulr7ytBzbBVx&usp=sharing,40.6309783,14.599758,,,,1:43:56,Italy
it-0012,Italy,Campania,Amalfi,Amalfi,"Amalfi, Italy 4K Valle dell Ferreire Hike (2022)",amalfi-hike-2022,,hike,"coastal, world-heritage-site",2022-01-16,2022,,,,https://youtu.be/BzI4brnBuM8,https://www.google.com/maps/d/u/0/edit?mid=1tO7pVq76nzDVF6hD41j5TqctEgPoiBzp&usp=sharing ,40.6431542,14.6033529,,,,2:54:31,Italy
it-0013,Italy,Campania,Amalfi,Amalfi,"Amalfi, Italy 4K Evening Tour (2022)",amalfi-evening-walk-2022,,evening-walk,"coastal, historic-center, world-heritage-site",2022-06-16,2022,,,,https://youtu.be/JoRjptaKCIA,https://www.google.com/maps/d/edit?mid=1XqTyO-Ho7iztl1jFFVkxYOkLEpalfCM&usp=sharing,40.6336782,14.604804,,,,0:55:46,Italy
it-0014,Italy,Campania,Amalfi,Amalfi,"Amalfi, Italy 4K Walking Tour (2022)",amalfi-day-walk-2022,,day-walk,"coastal, historic-center, world-heritage-site",2022-07-30,2022,,,,https://youtu.be/U-Q27n2zzKY,https://www.google.com/maps/d/edit?mid=1Eakqjm7yV1yH5N2Ii2x2crX082MyIFc&usp=sharing,40.6335149,14.6048977,,,,2:40:10,Italy
it-0015,Italy,Campania,Amalfi,Amalfi,"Amalfi, Italy 4K Walking Tour (2025)",amalfi-day-walk-2025,,day-walk,"coastal, historic-center, world-heritage-site",2025-06-13,2025,,,,https://youtu.be/oQWeQbw8taw,https://www.google.com/maps/d/u/0/edit?mid=1VEt4jVhv3RxerWqWghQU-D4OILKN_9s&usp=sharing,40.6334239,14.6050108,,,,1:58:45,Italy
it-0016,Italy,Campania,Amalfi,Amalfi,"Amalfi, Italy 4K Driving to Amalfi Timelapse",amalfi-drive-tour-timelapse-2022,amalfi-drive-tour-timelapse-2022,drive-tour,"coastal, world-heritage-site",2022-01-16,2022,,,,https://youtu.be/mQMJc3evtZ8,https://www.google.com/maps/d/u/0/edit?mid=1TB-sJSFG5a4BtqSPOrA6BTlBxn3E0EY&usp=sharing ,40.9860574,14.2369923,,,,0:06:24,Italy
it-0017,Italy,Campania,Amalfi,Amalfi,"Amalfi, Italy 4K Bike Tour",amalfi-bike-tour-2022,,bike-tour,"coastal, historic-center, world-heritage-site",2022-01-16,2022,,,,https://youtu.be/UCxXQkTDbTc,https://www.google.com/maps/d/u/0/edit?mid=1G3Iwqyvteqs6Rp2dQivyb0XS7K3DlGc&usp=sharing  ,40.6335186,14.6016158,,,,0:49:43,Italy
it-0018,Italy,Campania,Amalfi,Amalfi,"Amalfi, Italy 4K Valle delle Ferriere HIke",amalfi-hike-2021,,hike,"coastal, world-heritage-site",2021-11-20,2021,,,,https://youtu.be/ujv7m11ooMY,https://www.google.com/maps/d/u/0/edit?mid=1I1ZSdIUD-XeRSLjsrcSI0SvbsrNTiUU&usp=sharing,40.6332911,14.6031496,,,,2:28:36,Italy
it-0019,Italy,Campania,Amalfi,Amalfi,"Amalfi, Italy 4K Driving to Amalfi",amalfi-drive-tour-2022,,drive-tour,"coastal, world-heritage-site",2022-03-13,2022,,,,https://youtu.be/HS1nT5OHLls,https://www.google.com/maps/d/u/0/edit?mid=1J7Af5daMo2IG8QZXjZFaWzwK86CMAnY&usp=sharing,40.9870407,14.2413248,,,,1:22:16,Italy
it-0020,Italy,Campania,Valle di Maddaloni,Aqueduct of Vanvitelli,"Aqueduct of Vanvitelli, Italy Drone Tour",aqueduct-of-vanvitelli-drone-tour,aqueduct-of-vanvitelli-drone-tour,drone-tour,,2019-10-08,2019,,,,https://youtu.be/CyiMlcRKE9w,,41.0593405,14.4021993,,,,0:02:33,Italy
it-0021,Italy,Campania,Atrani,Atrani,"Atrani, Italy 4K Walking Tour (2025)",atrani-day-walk-2025,,day-walk,"coastal, world-heritage-site",2025-06-13,2025,,,,https://youtu.be/zuS2SjuxlDI,https://www.google.com/maps/d/edit?mid=1W1kcgU4KgrUQDO9WINUmHHsS9BEZ_EQ&usp=sharin,40.6337882,14.6065518,,,,0:54:38,Italy
it-0022,Italy,Campania,Aversa,Aversa,"Aversa, Italy 4K Walking Tour (2018)",aversa-day-walk-2018,,day-walk,historic-center,2018-01-28,2018,,,,https://youtu.be/C99feskJLS8,,40.9686741,14.2079231,,,,0:11:59,Italy
it-0023,Italy,Campania,Aversa,Aversa,"Aversa, Italy 4K Night Tour (2018)",aversa-evening-walk-2018,,evening-walk,historic-center,2018-01-27,2018,,,,https://youtu.be/DXVgSjUVIwE,,40.9689374,14.2079231,,,,0:13:23,Italy
it-0024,Italy,Campania,Aversa,Aversa,"Aversa, Italy 4K Night Walk (2022)",aversa-evening-walk-2022,,evening-walk,historic-center,2022-04-23,2022,,,,https://youtu.be/pCTfjxZaPk0,https://www.google.com/maps/d/u/0/edit?mid=1aM3nS0SAUQ8R-5zE50VMqb3pz9W-UbhN&usp=sharing,40.9691789,14.2079342,,,,0:47:00,Italy
it-0025,Italy,Campania,Aversa,Aversa,"Aversa, Italy 4K Bike Tour with Osmo Pocket",aversa-bike-tour-osmo-pocket-2020,aversa-bike-tour-osmo-pocket-2020,bike-tour,historic-center,2020-05-09,2020,,,,https://youtu.be/87SemGdN7jA,https://drive.google.com/open?id=1_Ts0SgBpVUtBaOTOjdjl6RA02BQollRS,40.968394,14.2079349,,,,0:21:06,Italy
it-0026,Italy,Campania,Aversa,Aversa,"Aversa, Italy 4K Bike Tour with Gopro",aversa-bike-tour-gopro-2020,aversa-bike-tour-gopro-2020,bike-tour,historic-center,2020-05-09,2020,,,,https://youtu.be/JrQ4npcERM4,https://drive.google.com/open?id=1_Ts0SgBpVUtBaOTOjdjl6RA02BQollRS,40.9680972,14.2079186,,,,0:22:50,Italy
it-0027,Italy,Campania,Baia,Baia,"Baia, Italy 4K Roman Baths Walking Tour (2018)",baia-day-walk-2018,,day-walk,"coastal, ancient-site, roman-ruins, archaeological-site",2018-09-01,2018,,,,https://youtu.be/DsXUObRRMKg,https://www.google.com/maps/d/edit?mid=1WoFm_d5s5uICVeAVyvZAMZRkWaboOIQ&usp=sharing,40.8182405,14.0693977,,,,1:45:14,Italy
it-0028,Italy,Campania,Baia,Baia,"Baia, Italy 4K Roman Baths Walking Tour (2022) with Sony",baia-day-walk-sony-2022,baia-day-walk-sony-2022,day-walk,"coastal, ancient-site, roman-ruins, archaeological-site",2022-04-28,2022,,,,https://youtu.be/qYU5-1nz6O0,https://docs.google.com/presentation/d/e/2PACX-1vQIyOuqU1SXMZvsOq6IGjxX1F79XOlsC_lE3SeAyvKAWS5z0804Ts8X-Faf5Asc8nXLqdNZGDbwPr9X/pub?start=false&loop=false&delayms=3000,40.8181608,14.0694502,,,,1:26:28,Italy
it-0029,Italy,Campania,Baia,Baia,"Baia, Italy 4K Roman Baths Walking Tour (2022) with Gopro",baia-day-walk-gopro-2022,baia-day-walk-gopro-2022,day-walk,"coastal, ancient-site, roman-ruins, archaeological-site",2022-04-28,2022,,,,https://youtu.be/IOKgsM83RPQ,,40.8182446,14.0695118,,,,1:13:59,Italy
it-0030,Italy,Campania,Baia,Baia,"Baia, Italy 4K Family Video Walking Tour",baia-day-walk-2017,,day-walk,"coastal, ancient-site, roman-ruins, archaeological-site",2017-01-01,2017,,,,https://youtu.be/ZRGB7Udliz4,,40.8178051,14.0694836,,,,0:05:01,Italy
it-0031,Italy,Campania,Bocca della Selva,Bocca della Selva,"Bocca della Selva, Italy 4K Drone Tour",bocca-della-selva-drone-tour,bocca-della-selva-drone-tour,drone-tour,,,,,,,https://youtu.be/ZzXvCixymFQ,,41.3777757,14.4983758,,,,0:03:02,Italy
it-0032,Italy,Campania,Capri,Capri,"Capri, Italy 4K Bike Tour (2020)",capri-bike-tour-2020,,bike-tour,"coastal, island",2020-06-11,2020,,,,https://youtu.be/qzYx6vcs-2o,https://www.google.com/maps/d/edit?mid=1D4kznv5dJgqzjPkeU5CgCxh3GIg4YbiW&usp=sharing ,40.5573653,14.2395467,,,,1:59:34,Italy
it-0033,Italy,Campania,Capri,Capri,"Capri, Italy 4K Night Tour (2021)",capri-evening-walk-2021,,evening-walk,"coastal, island",2021-06-26,2021,,,,https://youtu.be/Mtdo0QGj_N0,https://www.google.com/maps/d/u/0/edit?mid=1jX2yw-UmgBC-XuRzqqbwnN0D1IBVx6S8&usp=sharing,40.5508466,14.2425774,,,,1:09:48,Italy
it-0034,Italy,Campania,Capri,Capri,"Capri, Italy 4K Walking Tour (2021)",capri-day-walk-2021,,day-walk,"coastal, island",2021-06-26,2021,,,,https://youtu.be/32yElDRWJPQ,https://www.google.com/maps/d/u/0/edit?mid=1-ZB9VR00ee6dJAt5H3-mwNQqqYi6ptQJ&usp=sharing,40.5569914,14.2392666,,,,4:04:21,Italy
it-0035,Italy,Campania,Capri,Capri,"Capri, Italy 4K Walking Tour (2022)",capri-day-walk-2022,,day-walk,"coastal, island",2022-06-18,2022,,,,https://youtu.be/fk8qFVgslAM,https://www.google.com/maps/d/u/0/edit?mid=1aNBh6QPmjsiOmJSUeU6bTw0IXuszxsY&usp=sharing,40.5563066,14.2388482,,,,4:38:59,Italy
it-0036,Italy,campania,Capri,Capri,"Capri, Italy 4K Monte Solaro Hike",capri-hike-2018,,hike,"coastal, island",2018-10-14,2018,,,,https://youtu.be/u1DXzDTkysg,,40.5452768,14.22393,,,,0:34:57,Italy
it-0037,Italy,Campania,Capri,Capri,"Capri, Italy 4K Certosa di San Giacomo Drone Tour",capri-certosa-di-san-giacomo-drone-tour,capri-certosa-di-san-giacomo-drone-tour,drone-tour,"coastal, waterfront, island",,,,,,https://youtu.be/UjOn44iHhQc,,40.547756,14.2452097,,,,0:02:39,Italy
it-0038,Italy,Campania,Capri,Capri,"Capri, Italy 4K Drone Tour",capri-drone-tour,capri-drone-tour,drone-tour,"coastal, island",,,,,,https://youtu.be/_yq9REtm9TQ,,40.5444773,14.2435144,,,,0:02:15,Italy
it-0039,Italy,Campania,Capri,Capri,"Capri, Italy 4K Pizzolungo Trail & Natural Arch Walking Tour (2018)",capri-pizzolungo-trail-natural-arch-walk-2018,capri-pizzolungo-trail-natural-arch-walk-2018,day-walk,"coastal, island",2018-10-12,2018,,,,https://youtu.be/kv0CwdSGb_A,,40.5452375,14.2500932,,,,0:42:11,Italy
it-0040,Italy,Campania,Capri,Capri,"Capri, Italy 4K Marina Grande Walking Tour (2018)",capri-marina-grande-walk-captions-2018,capri-marina-grande-walk-captions-2018,day-walk,"coastal, waterfront, island",2018-10-13,2018,,,,https://youtu.be/T0XVmsd7Z7A,,40.5571679,14.2393992,,,,0:38:52,Italy
it-0041,Italy,Campania,Capri,Capri,"Capri, Italy 4K Marina Grande (No Captions) Walking Tour",capri-marina-grande-walk-no-captions-2018,capri-marina-grande-walk-no-captions-2018,day-walk,"coastal, waterfront, island",2018-10-13,2018,,,,https://youtu.be/4iw1noVQMsE,,40.5571093,14.2395695,,,,0:38:38,Italy
it-0042,Italy,Campania,Capri,Capri,"Capri, Italy 4K La Piazzetta & Capri Town Walking Tour (2018)",capri-la-piazzetta-town-walk-2018,capri-la-piazzetta-town-walk-2018,day-walk,"coastal, island, historic-center",2018-10-13,2018,,,,https://youtu.be/0HQTXioQkfU,,40.5509822,14.2426879,,,,0:37:48,Italy
it-0043,Italy,Campania,Capri,Capri,"Capri, Italy 4K La Piazzetta & Capri Town (No Captions) Walking Tour",capri-la-piazzetta-town-no-captions-walk-2018,capri-la-piazzetta-town-no-captions-walk-2018,day-walk,"coastal, island, historic-center",2018-10-13,2018,,,,https://youtu.be/QDmID2VT9ZA,,40.5508344,14.2427823,,,,0:37:10,Italy
it-0044,Italy,Campania,Capri,Capri,"Capri, Italy 4K Faraglioni Rocks & Pizzolungo Trail Walking Tour",capri-faraglioni-rocks-pizzolungo-trail-walk-2018,capri-faraglioni-rocks-pizzolungo-trail-walk-2018,day-walk,"coastal, island",,,,,,https://youtu.be/c6O0DAE3NMo,,40.5451992,14.2500121,,,,0:16:19,Italy
it-0045,Italy,Campania,Capri,Capri,"Capri, Italy 4K Belvedere Tragara Walking Tour",capri-belvedere-tragara-walk-2018,capri-belvedere-tragara-walk-2018,day-walk,"coastal, island",,,,,,https://youtu.be/tS1_DsVeGxU,,40.5508905,14.2429829,,,,0:50:12,Italy
it-0046,Italy,Campania,Capri,Capri,"Capri, Italy 4K Gardens of Augustus Drone Tour",capri-gardens-of-augustus-drone-tour,capri-gardens-of-augustus-drone-tour,drone-tour,"coastal, island",,,,,,https://youtu.be/PWV7smXgqK0,,40.5472995,14.2431444,,,,0:02:20,Italy
it-0047,Italy,Campania,Capri,Capri,"Capri, Italy 4K Gardens of Augustus & Via Krupp Views Walking Tour (2018)",capri-gardens-of-augustus-walk-2018,capri-gardens-of-augustus-walk-2018,day-walk,"coastal, island",2018-10-14,2018,,,,https://youtu.be/hJG9aZuAkNU,,40.5507275,14.2426919,,,,1:01:39,Italy
it-0048,Italy,Campania,Capri,Capri,"Capri, Italy 4K Villa Jovis Tour Walking Tour (2018)",capri-villa-jovis-walk-2018,capri-villa-jovis-walk-2018,day-walk,"coastal, island, ancient-site, roman-ruins, archaeological-site",2018-10-12,2018,,,,https://youtu.be/JMGL5yRDXp4,,40.5571132,14.2623749,,,,0:26:22,Italy
it-0049,Italy,Campania,Capri,Capri,"Capri, Italy 4K Villa Jovis Drone Tour",capri-villa-jovis-drone-tour,capri-villa-jovis-drone-tour,drone-tour,"coastal, island, ancient-site, roman-ruins, archaeological-site",,,,,,https://youtu.be/HYye0qukHHE,,40.558055,14.262645,,,,0:02:24,Italy
it-0050,Italy,Campania,Capri,Capri,"Capri, Italy 4K Via Tiberio Walking Tour (2018)",capri-via-tiberio-walk-2018,capri-via-tiberio-walk-2018,day-walk,"coastal, island, historic-center",2018-10-13,2018,,,,https://youtu.be/t9STwl3BuZk,,40.5507576,14.2429189,,,,0:31:46,Italy
it-0051,Italy,Campania,Capri,Capri,"Capri, Italy 4K Anacapri's Historic Center Walking Tour (2019)",capri-anacapri-historic-center-walk-2019,capri-anacapri-historic-center-walk-2019,day-walk,"coastal, island, historic-center",2019-06-08,2019,,,,https://youtu.be/zaEpFAcjkxo,,40.5558793,14.2212514,,,,0:24:50,Italy
it-0052,Italy,Campania,Capri,Capri,"Capri, Italy 4K Phoenician Steps Walking Tour (2018)",capri-phoenician-steps-walk-2018,capri-phoenician-steps-walk-2018,day-walk,"coastal, island",2018-06-08,2018,,,,https://youtu.be/Qc-5lXbeEqs,,40.5574109,14.2258781,,,,0:31:36,Italy
it-0053,Italy,Campania,Capri,Capri,"Capri, Italy 4K Phoenician Steps Drone Tour",capri-phoenician-steps-drone-tour,capri-phoenician-steps-drone-tour,drone-tour,"coastal, island",,,,,,https://youtu.be/iebbkMSJVe4,,40.5579304,14.2265573,,,,0:01:03,Italy
it-0054,Italy,Campania,Capri,Capri,"Capri, Italy 4K Villa San Michele Walking Tour (2019)",capri-villa-san-michele-walk-2019,capri-villa-san-michele-walk-2019,day-walk,"coastal, island",2019-06-08,2019,,,,https://youtu.be/pmgDn7s6oDQ,,40.5573279,14.2248967,,,,0:30:59,Italy
it-0055,Italy,Campania,Capri,Capri,"Capri, Italy 4K Monte Solaro Chairlift Ride & Summit Walking Tour (2018)",capri-monte-solaro-chairlift-walk-2018,capri-monte-solaro-chairlift-walk-2018,day-walk,"coastal, island",2018-10-14,2018,,,,https://youtu.be/o4W6s9XJlDQ,,40.5555602,14.2215759,,,,0:26:09,Italy
it-0056,Italy,Campania,Capri,Capri,"Capri, Italy 4K Monte Solaro Hike to Capri Town (2018)",capri-monte-solaro-hike-2018,capri-monte-solaro-hike-2018,hike,"coastal, island, historic-center",,,,,,https://youtu.be/iLBzilHVNxo,,40.5506084,14.2300345,,,,0:44:42,Italy
it-0057,Italy,Campania,Capri,Capri,"Capri, Italy 4K Midnight Walking Tour (2022)",capri-evening-walk-2022,,evening-walk,"coastal, island",2022-06-19,2022,,,,https://youtu.be/PFPX2p4CmyY,https://www.google.com/maps/d/u/0/edit?mid=1vhATZLdRwACQFQHb2aIkF8g3qOXjsRs&usp=sharing,40.5508297,14.243093,,,,1:07:11,Italy
it-0058,Italy,Campania,Capri,Capri,"Capri, Italy 4K Evening Walk (2023)",capri-evening-walk-2023,,evening-walk,"coastal, island",2023-07-19,2023,,,,https://youtu.be/wCbICbPupj8,https://www.google.com/maps/d/edit?mid=1p0pLlqZfBOBYtFQefnRSvu_-Kv2-jLw&usp=sharing,40.5500769,14.241655,,,,1:29:25,Italy
it-0059,Italy,Campania,Capri,Capri,"Capri, Italy 4K Via Krupp Walking Tour (2023)",capri-via-krupp-walk-2023,capri-via-krupp-walk-2023,day-walk,"coastal, island",2023-07-20,2023,,,,https://youtu.be/cpLi3T62zfs,https://www.google.com/maps/d/edit?mid=15SbqL_HdAO9otbaLQq4cu5433ss72wM&usp=sharing,40.5472476,14.2430449,,,,0:39:14,Italy
it-0060,Italy,Campania,Capri,Capri,"Capri, Italy 4K City Walking Tour (2023)",capri-day-walk-2023,,day-walk,"coastal, island, historic-center",2023-07-20,2023,,,,https://youtu.be/hb_AiaCL1a8,https://www.google.com/maps/d/edit?mid=1FEhAAaeukFBeZcYfcfVqR4XjMffJ73g&usp=sharing,40.5561595,14.2386266,,,,5:42:25,Italy
it-0061,Italy,Campania,Capri,Capri,"Capri, Italy 4K Anacapri Walking Tour (2024)",capri-anacapri-day-walk-2024,capri-anacapri-day-walk-2024,day-walk,"coastal, island, historic-center",2024-09-20,2024,,,,https://youtu.be/Qr75PFnVOak,https://www.google.com/maps/d/u/0/edit?mid=1HDRnhqTKJa1_mv-B5Ici6D49prha0wQ&usp=sharing,40.5575774,14.2257096,,,,2:25:34,Italy
it-0062,Italy,Campania,Capri,Capri,"Capri, Italy 4K Evening Walk (2024)",capri-evening-walk-2024,,evening-walk,"coastal, island",2024-09-21,2024,,,,https://youtu.be/ACtxlA0az8A,https://www.google.com/maps/d/u/0/edit?mid=1qNdCMUkvAhXdYrUehrX4Fcs_Shk5r8k&usp=sharing,40.556196,14.2390842,,,,2:27:06,Italy
it-0063,Italy,Campania,Capri,Capri,"Capri, Italy 4K 360 Tour",capri-360-tour-2024,,360-tour,"coastal, island",2024-09-22,2024,,,,https://youtu.be/yl_TLAXgT9c,https://www.google.com/maps/d/u/0/edit?mid=110L1Vv4dlH7tFVP8XKxMQEmSEKMiuw8&usp=sharing,40.5511173,14.242732,,,,3:13:36,Italy
it-0064,Italy,Campania,Capua,Capua,"Capua, Italy 4K Roman Amphitheater Walking Tour (2017)",capua-amphitheater-day-walk-2017,capua-amphitheater-day-walk-2017,day-walk,"ancient-site, roman-ruins, archaeological-site, amphitheater",2017-09-26,2017,,,,https://youtu.be/5HvLJmV-Dw4,,41.0835163,14.2505788,,,,0:39:05,Italy
it-0065,Italy,Campania,Capua,Capua,"Capua, Italy 4K Roman Amphitheater Walking Tour (2025)",capua-amphitheater-day-walk-2025,capua-amphitheater-day-walk-2025,day-walk,"ancient-site, roman-ruins, archaeological-site, amphitheater",2025-06-06,2025,,,,https://youtu.be/TS8QJG2TqNE,https://www.google.com/maps/d/edit?mid=1PithwBJ-7mA4g6claq1rSwjptrVUp0g&usp=sharing ,41.0841139,14.2506934,,,,0:47:14,Italy
it-0066,Italy,Campania,Capua,Capua,"Capua, Italy 4K Driving Tour",capri-drive-tour,capri-drive-tour,drive-tour,,,,,,,https://youtu.be/I6k7XVLzwA8,,41.081432,14.2355735,,,,0:25:03,Italy
it-0067,Italy,Campania,Caserta,Caserta,"Caserta, Italy 4K Royal Palace Tour Walking Tour (2017)",caserta-royal-palace-day-walk-2017,caserta-royal-palace-day-walk-2017,day-walk,world-heritage-site,,,,,,https://youtu.be/IyVkAcwZ8fE,,41.0702955,14.3269071,,,,1:24:22,Italy
it-0068,Italy,Campania,Caserta Vecchia,Caserta Vecchia,"Caserta Vecchia, Italy 4K Walking Tour (2021)",caserta-vecchia-day-walk-2021,,day-walk,"historic-center, old-town",2021-05-16,2021,,,,https://youtu.be/4UutcBV7TK4,https://www.google.com/maps/d/u/0/edit?mid=1S-Ucdj2HJJF3rWH_IiAxnHirjO2BrfH5&usp=sharing,41.0957272,14.3703869,,,,0:52:56,Italy
it-0069,Italy,Campania,Comola Grande,Comola Grande,"Comola Grande, Drone Tour (2019)",comola-grande-drone-tour,comola-grande-drone-tour,drone-tour,waterfront,,,,,,https://youtu.be/YWRIV5dqx-Q,,41.1172727,14.3401802,,,,0:02:13,Italy
it-0070,Italy,Campania,Ercolano,Ercolano,"Ercolano, Italy 4K Outdoor Market Walking Tour (2019)",ercolano-day-walk-2019,,day-walk,,2019-11-23,2019,,,,https://youtu.be/AiCtaSNuzxw,,40.8119285,14.3518956,,,,0:27:22,Italy
it-0071,Italy,Campania,Herculaneum,Herculaneum,"Herculaneum, Italy 4K 360 Tour (2020)",herculaneum-360-tour-2020,,360-tour,"ancient-site, archaeological-site, world-heritage-site",2020-02-22,2020,,,,https://youtu.be/_Y277FddmD4,,40.8059233,14.3491487,,,,1:38:55,Italy
it-0072,Italy,Campania,Herculaneum,Herculaneum,"Herculaneum, Italy 4K Roman Ruins Walking Tour (2018)",herculaneum-day-walk-2018,,day-walk,"ancient-site, roman-ruins, archaeological-site, world-heritage-site",2018-01-06,2018,,,,https://youtu.be/eXkpFnF7ovY,,40.8047761,14.3470002,,,,1:21:29,Italy
it-0073,Italy,Campania,Herculaneum,Herculaneum,"Herculaneum, Italy 4K Roman Ruins Walking Tour (2025)",herculaneum-day-walk-2025,,day-walk,"ancient-site, roman-ruins, archaeological-site, world-heritage-site",2025-06-06,2025,,,,https://youtu.be/Y__fRvziRko,https://www.google.com/maps/d/u/0/edit?mid=1xT2cc820lFPM0sZ9eb_XZ3wwXVy3aGo&usp=sharing ,40.8060154,14.3492331,,,,2:12:07,Italy
it-0074,Italy,Campania,Ischia,Ischia,"Ischia, Italy 4K Ischia Porto Walking Tour (2018)",ischia-porto-day-walk-2018,ischia-porto-day-walk-2018,day-walk,"coastal, waterfront, island",2018-09-15,2018,,,,https://youtu.be/6Cym0DxM2xM,,40.7453742,13.9380408,,,,0:32:35,Italy
it-0075,Italy,Campania,Ischia,Ischia,"Ischia, Italy 4K Beaches and Historic Center Walking Tour (2018)",ischia-beaches-historic-center-day-walk-2018,ischia-beaches-historic-center-day-walk-2018,day-walk,"coastal, island, beach, historic-center",,,,,,https://youtu.be/WGnrP5QctkI,,40.7443127,13.9460268,,,,0:36:32,Italy
it-0076,Italy,Campania,Ischia,Ischia,"Ischia, Italy 4K Aragonese Castle Walking Tour",ischia-aragonese-castle-day-walk-2018,ischia-aragonese-castle-day-walk-2018,day-walk,"coastal, island",2018-09-15,2018,,,,https://youtu.be/16T6Do7XXsQ,,40.7322028,13.9603411,,,,1:12:00,Italy
it-0077,Italy,Campania,Ischia,Ischia,"Ischia, Italy 4K Bike Tour",ischia-bike-tour-2025,,bike-tour,"coastal, island",2025-06-11,2025,,,,https://youtu.be/oxKTL_SOP_w,https://www.google.com/maps/d/u/0/edit?mid=195sEcNpJPBav0TViTgTmK8HmZN2wUkw&usp=sharing,40.7326114,13.9604216,,,,2:43:32,Italy
it-0078,Italy,Campania,Ischia,Ischia,"Ischia, Italy 4K Ischia Ponte Walking Tour",ischia-ponte-day-walk-2018,ischia-ponte-day-walk-2018,day-walk,"coastal, waterfront, island",2018-09-15,2018,,,,https://youtu.be/haUtQc2yPdk,,40.7313601,13.9635052,,,,0:32:51,Italy
it-0079,Italy,Campania,Ischia,Ischia,"Ischia, Italy 4K Ischia Ponte & Aragonese Castle Walking Tour (2025)",ischia-ponte-aragonese-castle-day-walk-2018,ischia-ponte-aragonese-castle-day-walk-2018,day-walk,"coastal, waterfront, island",2025-06-10,2025,,,,https://youtu.be/wysqLhRlxK4,https://www.google.com/maps/d/u/0/edit?mid=1RUKDjWV8ZXC8CRJy6kGgHnNIgJvcmrc&usp=sharing,40.7387708,13.9553787,,,,2:23:38,Italy
it-0080,Italy,Campania,Ischia,Ischia,"Ischia, Italy 4K Corso Vittoria Colonna Walking Tour",ischia-corso-vittoria-colonna-day-walk-2018,ischia-corso-vittoria-colonna-day-walk-2018,day-walk,"coastal, island",2018-09-15,2018,,,,https://youtu.be/t4Ootyavh0A,,40.7348199,13.9562,,,,0:48:15,Italy
it-0081,Italy,Campania,Ischia,Ischia,"Ischia, Italy 4K Sant'Angelo Walking Tour (2018)",ischia-sant-angelo-day-walk-2018,ischia-sant-angelo-day-walk-2018,day-walk,"coastal, island",2018-09-29,2018,,,,https://youtu.be/J4ZGR3FfH2c,,40.6994508,13.890815,,,,0:47:25,Italy
it-0082,Italy,Campania,Ischia,Ischia,"Ischia, Italy 4K Lacco Ameno Walking Tour (2025)",ischia-lacco-ameno-day-walk-2025,ischia-lacco-ameno-day-walk-2025,day-walk,"coastal, island",2025-06-14,2025,,,,https://youtu.be/0JfcqwOHtIY,https://www.google.com/maps/d/edit?mid=1aJY-dOJUCBZXMl4THNX4KLczw4pP8Vg&usp=sharing,40.7527222,13.8910025,,,,1:02:40,Italy
it-0083,Italy,Campania,Ischia,Ischia,"Ischia, Italy 4K Evening Walk (2025)",ischia-evening-walk-2025,,evening-walk,"coastal, island",2025-06-10,2025,,,,https://youtu.be/B33mdu8CFB4,https://www.google.com/maps/d/edit?mid=1Dle5ELDgJGVqhbDgy_4RhhEIKi9VfYI&usp=sharing,40.733071,13.9584295,,,,1:10:09,Italy
it-0084,Italy,Campania,Limatola Castle,Limatola Castle,"Limatola Castle, Italy 4K Christmas Walking Tour (2019)",limatola-castle-day-walk-2019,,day-walk,christmas-market,2019-12-08,2019,,,,https://youtu.be/3bL2f6NRbYA,,41.1386761,14.3897435,,,,0:47:16,Italy
it-0085,Italy,Campania,Maiori,Maiori,"Maiori, Italy 4K Walking Tour (2018)",maiori-day-walk-2018,,day-walk,coastal,2018-06-09,2018,,,,https://youtu.be/riHh_OKdekU,,40.6479317,14.6408003,,,,0:47:02,Italy
it-0086,Italy,Campania,Mt. Vesuvius,Mt. Vesuvius,"Mt. Vesuvius, Italy 4K Summit Hike (2017)",mt-vesuvius-hike-2017,,hike,,2017-08-14,2017,,,,https://youtu.be/SQO2ATOPDZc,,40.828233,14.4260479,,,,0:45:53,Italy
it-0087,Italy,Campania,Mt. Vesuvius,Mt. Vesuvius,"Mt. Vesuvius, Italy 4K Summit Hike (2022)",mt-vesuvius-hike-2022,,hike,,2022-08-01,2022,,,,https://youtu.be/AvIYmRzwujw,https://www.google.com/maps/d/edit?mid=1wwpXb9hOMjuujXATiGXfwM3N4iQSq1o&usp=sharing ,40.828094,14.4257529,,,,0:59:55,Italy
it-0088,Italy,Campania,Naples,Naples,"Naples, Italy 4K Patron Walking Tour (2019)",naples-patron-via-chiaia-day-walk-2019,naples-patron-via-chiaia-day-walk-2019,day-walk,"historic-center, world-heritage-site",2019-11-09,2019,,,,https://youtu.be/20OZX0owxjU,,40.8369682,14.2486438,,,,0:15:03,Italy
it-0089,Italy,Campania,Naples,Naples,"Naples, Italy 4K Walking Tour (2017)",naples-day-walk-2017,,day-walk,"historic-center, world-heritage-site",2017-02-11,2017,,,,https://youtu.be/ljudH28fomA,,40.839883,14.252297,,,,2:00:08,Italy
it-0090,Italy,Campania,Naples,Naples,"Naples, Italy 4K Spanish Quarter Walking Tour (2017)",naples-quartieri-spagnoli-day-walk-2017,naples-quartieri-spagnoli-day-walk-2017,day-walk,"historic-center, world-heritage-site",2017-07-02,2017,,,,https://youtu.be/iY4xoXlrTc8,,40.8412133,14.2486162,,,,0:48:02,Italy
it-0091,Italy,Campania,Naples,Naples,"Naples, Italy 4K Evening Walk (2025)",naples-evening-walk-2025,,evening-walk,"historic-center, world-heritage-site",2025-06-07,2025,,,,https://youtu.be/Cv1zIRhxvHU,https://www.google.com/maps/d/edit?mid=19X3zTqHGmypTqQe4pFLMrD4g3L_4iJw&usp=sharing ,40.8425277,14.2488725,,,,2:15:13,Italy
it-0092,Italy,Campania,Naples,Naples,"Naples, Italy 4K City Walking Tour (2023)",naples-day-walk-2023,,day-walk,"historic-center, world-heritage-site",2023-07-30,2023,,,,https://youtu.be/990AqbKb18c,https://www.google.com/maps/d/edit?mid=1E_nqyiPSRDss1zSiWuRzH2bBrAm3tBU&usp=sharing,40.8472626,14.2457828,,,,5:45:54,Italy
it-0093,Italy,Campania,Naples,Naples,"Naples, Italy 4K Christmas Alley & Historic Center Walking Tour (2020)",naples-historic-center-day-walk-2017,naples-historic-center-day-walk-2017,day-walk,"historic-center, world-heritage-site, christmas-market",2020-12-22,2020,,,,https://youtu.be/5nuZ-0s21Ho,https://www.google.com/maps/d/u/0/edit?mid=1wnfic1AKCA0DqQ9iHv0a8MKjslGNu3I9&usp=sharing,40.8494342,14.2582019,,,,1:45:00,Italy
it-0094,Italy,Campania,Naples,Naples,"Naples, Italy 4K Christmas Markets Walking Tour (2018)",naples-christmas-market-day-walk-2018,naples-christmas-market-day-walk-2018,day-walk,"historic-center, world-heritage-site, christmas-market",2018-12-08,2018,,,,https://youtu.be/DFV7o07zsGQ,,40.8467561,14.251468,,,,1:12:56,Italy
it-0095,Italy,Campania,Naples,Naples,"Naples, Italy 4K Evening Walk (2020)",naples-evening-walk-2020,,evening-walk,"historic-center, world-heritage-site",2020-12-20,2020,,,,https://youtu.be/iQ-8iiJaM0Y,https://www.google.com/maps/d/u/0/edit?mid=1bkgdgraYKeR9g_byrMkWElwW74PsWPCE&usp=sharing,40.8494651,14.2508578,,,,0:52:54,Italy
it-0096,Italy,Campania,Naples,Naples,"Naples, Italy 4K Christmas Markets Walking Tour (2021)",naples-christmas-market-day-walk-2021,naples-christmas-market-day-walk-2021,day-walk,"historic-center, world-heritage-site, christmas-market",2021-12-19,2021,,,,https://youtu.be/QjjBNU88jtk,https://www.google.com/maps/d/u/0/edit?mid=1a0yYV-kJNUEmYWaMf2CjhzGT_PV9sSKz&usp=sharing ,40.848384,14.2548628,,,,2:35:23,Italy
it-0097,Italy,Campania,Naples,Naples,"Naples, Italy 4K Evening Walk (2019)",naples-evening-walk-2019,,evening-walk,"historic-center, world-heritage-site",2019-12-14,2019,,,,https://youtu.be/ekvwB-pMzV4,,40.8427864,14.2489011,,,,0:31:55,Italy
it-0098,Italy,Campania,Naples,Naples,"Naples, Italy 4K Still Scenes Tour (2021)",naples-still-scenes-2021,naples-still-scenes-2021,day-walk,world-heritage-site,2021-02-06,2021,,,,https://youtu.be/SQGnqAysGpk,,40.8298368,14.2473394,,,,0:41:16,Italy
it-0099,Italy,Campania,Naples,Naples,"Naples, Italy 4K Castel dell'Ovo Tour Walking Tour (2019)",naples-castel-dell-ovo-day-walk-2019,naples-castel-dell-ovo-day-walk-2019,day-walk,"waterfront, historic-center, world-heritage-site",2019-07-01,2019,,,,https://youtu.be/Af8lGDOR7FU,https://drive.google.com/open?id=1CJeBD1ceBEVXi1Fx3duEYXVC4CwneZku,40.8317038,14.2511984,,,,0:39:31,Italy
it-0100,Italy,Campania,Naples,Naples,"Naples, Italy 4K Night Tour (2022)",naples-evening-walk-2022,,evening-walk,"historic-center, world-heritage-site",2022-06-03,2022,,,,https://youtu.be/UYO3nLa2zU8,https://www.google.com/maps/d/u/0/edit?mid=19x-62QrHLaOycCH6oDTguXLusB0dgr8&usp=sharing,40.8510553,14.2574063,,,,1:19:02,Italy
it-0101,Italy,Campania,Naples,Naples,"Naples, Italy 4K Pignasecca Market Walking Tour (2019)",naples-pignasecca-market-day-walk-2019,naples-pignasecca-market-day-walk-2019,day-walk,"historic-center, world-heritage-site",2019-10-12,2019,,,,https://youtu.be/J2U9qbk1l8M,,40.8474812,14.2457388,,,,0:59:33,Italy
it-0102,Italy,Campania,Naples,Naples,"Naples, Italy 4K Waterfront Walking Tour (2020)",naples-day-walk-2020,,day-walk,"waterfront, historic-center, world-heritage-site",2020-02-16,2020,,,,https://youtu.be/GK8VQPRnA1s,https://www.google.com/maps/d/u/0/edit?mid=1p1fTMipKxT-yFvOErWccFxfXFsm-Xxei&usp=sharing,40.8262406,14.2215709,,,,1:23:32,Italy
it-0103,Italy,Campania,Naples,Naples,"Naples, Italy 4K Fontanelle Cemetery Walking Tour (2019)",naples-fontanelle-cemetery-day-walk-2019,naples-fontanelle-cemetery-day-walk-2019,day-walk,"historic-center, world-heritage-site",2019-10-29,2019,,,,https://youtu.be/xYmaWdxi_Zs,,40.8588983,14.2386235,,,,0:24:36,Italy
it-0104,Italy,Campania,Naples,Naples,"Naples, Italy 4K Historic Center Walking Tour (2019)",naples-historic-center-day-walk-2019,naples-historic-center-day-walk-2019,day-walk,"historic-center, world-heritage-site",2019-09-21,2019,,,,https://youtu.be/c5Ha5LUiNZY,,40.8501273,14.2603839,,,,1:43:52,Italy
it-0105,Italy,Campania,Naples,Naples,"Naples, Italy 4K 360 VR Tour (2019)",naples-360-tour-2019,,360-tour,world-heritage-site,2019-09-21,2019,,,,https://youtu.be/jJk5e2Gsyy4,,40.8490996,14.2501147,,,,1:00:51,Italy
it-0106,Italy,Campania,Naples,Naples,"Naples, Italy 4K Fish Market 360 VR Tour (2019)",naples-fish-market-360-tour-2019,naples-fish-market-360-tour-2019,360-tour,"waterfront, world-heritage-site",2019-09-07,2019,,,,https://youtu.be/RRPY-2AXHlI,,40.8505914,14.266608,,,,0:23:01,Italy
it-0107,Italy,Campania,Naples,Naples,"Naples, Italy 4K Fish Market Tour Walking Tour (2019)",naples-fish-market-day-walk-2019,naples-fish-market-day-walk-2019,day-walk,"waterfront, historic-center, world-heritage-site",2019-09-21,2019,,,,https://youtu.be/eaet6G10FDo,,40.8503275,14.2670447,,,,0:32:20,Italy
it-0108,Italy,Campania,Naples,Naples,"Naples, Italy 4K Bike Tour (2020)",naples-bike-tour-2020,,bike-tour,"historic-center, world-heritage-site",2020-05-23,2020,,,,https://youtu.be/IHXZnU2bmc8,https://www.google.com/maps/d/u/0/edit?mid=14gZm2Mt6vNX-gweGtClbwnvxEM3OWijN&usp=sharing,40.8153362,14.2075929,,,,1:54:05,Italy
it-0109,Italy,Campania,Naples,Naples,"Naples, Italy 4K Evening Walk (2023)",naples-evening-walk-2023,,evening-walk,"historic-center, world-heritage-site",2023-07-21,2023,,,,https://youtu.be/n3WsdCCjiNo,https://www.google.com/maps/d/edit?mid=1pre8AK2xy__JEbPEFAhJHlmdFzRDuLg&usp=sharing,40.8520473,14.2602001,,,,3:06:06,Italy
it-0110,Italy,Campania,Naples,Naples,"Naples, Italy 4K Waterfront Walking Tour (2019)",naples-waterfront-day-walk-2019,naples-waterfront-day-walk-2019,day-walk,"waterfront, historic-center, world-heritage-site",2019-12-12,2019,,,,https://youtu.be/qPZ2zFErzdE,,40.8231017,14.2193453,,,,2:06:17,Italy
it-0111,Italy,Campania,Naples,Naples,"Naples, Italy 4K Castel Nuovo Walking Tour (2019)",naples-castel-nuovo-day-walk-2019,naples-castel-nuovo-day-walk-2019,day-walk,"waterfront, historic-center, world-heritage-site",2019-10-27,2019,,,,https://youtu.be/o-LJamTt1kQ,,40.8386285,14.2518536,,,,0:17:02,Italy
it-0112,Italy,Campania,Naples,Naples,"Naples, Italy 4K My Favorite Spot Walking Tour",naples-favorite-spot-day-walk-2019,naples-favorite-spot-day-walk-2019,day-walk,"historic-center, world-heritage-site",2019-07-01,2019,,,,https://youtu.be/a7xQwwG0Tnk,,40.8317616,14.2515279,,,,0:03:32,Italy
it-0113,Italy,Campania,Naples,Naples,"Naples, Italy 4K Via Vergini Walking Tour",naples-via-vergini-day-walk-2022,naples-via-vergini-day-walk-2022,day-walk,"historic-center, world-heritage-site",2022-04-16,2022,,,,https://youtu.be/mF1NTzDIfAI,,40.8564718,14.255345,,,,0:18:31,Italy
it-0114,Italy,Campania,Naples,Naples,"Naples, Italy 4K Via dei Tribunali Walking Tour",naples-via-dei-tribunali-day-walk-2022,naples-via-dei-tribunali-day-walk-2022,day-walk,"historic-center, world-heritage-site",2022-04-16,2022,,,,https://youtu.be/FmdDmwEoG50,,40.8516855,14.2592442,,,,1:06:26,Italy
it-0115,Italy,Campania,Paestum,Paestum,"Paestum, Italy 4K Greek Ruins Walking Tour (2019)",paestum-day-walk-2019,,day-walk,"ancient-site, archaeological-site, world-heritage-site",2019-03-23,2019,,,,https://youtu.be/D9Fod_S9Ruo,https://drive.google.com/open?id=1GVxv2J6yeTWVSYIuzn06Tt0WO6OtOe_T,40.4237105,15.0063824,,,,1:08:13,Italy
it-0116,Italy,Campania,Paestum,Paestum,"Paestum, Italy 4K Greek Ruins Walking Tour (2017)",paestum-day-walk-2017,,day-walk,"ancient-site, archaeological-site, world-heritage-site",2017-08-29,2017,,,,https://youtu.be/-jfLIQa2IYI,,40.4239432,15.0060375,,,,0:58:45,Italy
it-0117,Italy,Campania,Bomerano,Path of the Gods,"Path of the Gods, Italy 4K East to West Hike (2017)",path-of-the-gods-hike-east-to-west-hike-2017,path-of-the-gods-hike-east-to-west-hike-2017,hike,coastal,2017-07-01,2017,,,,https://youtu.be/Ka0sobyX2nA,,40.625117,14.5348597,,,,1:06:59,Italy
it-0118,Italy,Campania,Bomerano,Path of the Gods,"Path of the Gods, Italy 4K West to East Hike (2017)",path-of-the-gods-hike-west-to-east-hike-2017,path-of-the-gods-hike-west-to-east-hike-2017,hike,coastal,2017-07-01,2017,,,,https://youtu.be/ZkLXPYrgGtg,,40.6284616,14.5031697,,,,1:07:13,Italy
it-0119,Italy,Campania,Bomerano,Path of the Gods,"Path of the Gods, Italy 4K Hike (2019)",path-of-the-gods-hike-2019,path-of-the-gods-hike-2019,hike,coastal,2019-06-27,2019,,,,https://youtu.be/b0zbifs2gRM,https://drive.google.com/open?id=1p2zCNeYajfDiJL7YnUKjV9310wxFe3Q6,40.625086,14.5351017,,,,1:22:30,Italy
it-0120,Italy,Campania,Pompeii,Pompeii,"Pompeii, Italy 4K Walking Tour (2017)",pompeii-day-walk-2017,pompeii-day-walk-2017,day-walk,"ancient-site, archaeological-site, world-heritage-site",,,,,,https://youtu.be/WibCDj_H2xY,,40.7483049,14.4820754,,,,2:04:13,Italy
it-0121,Italy,Campania,Pompeii,Pompeii,"Pompeii, Italy 4K 360 VR Tour (2020)",pompeii-360-tour-2020,,360-tour,"ancient-site, archaeological-site, world-heritage-site",2020-02-08,2020,,,,https://youtu.be/d4flx14q5OE,,40.7490132,14.4847643,,,,1:57:16,Italy
it-0122,Italy,Campania,Pompeii,Pompeii,"Pompeii, Italy 4K Bread Oven 360 (2020)",pompeii-bread-oven-360-tour-2020,pompeii-bread-oven-360-tour-2020,360-tour,"ancient-site, archaeological-site, world-heritage-site",,,,,,https://youtu.be/8xpRFpdznvk,,40.7499224,14.4883383,,,,0:01:00,Italy
it-0123,Italy,Campania,Pompeii,Pompeii,"Pompeii, Italy 4K Walking Tour (Part 1) (2017)",pompeii-part-1-day-walk-2017,pompeii-part-1-day-walk-2017,day-walk,"ancient-site, archaeological-site, world-heritage-site",2017-11-04,2017,,,,https://youtu.be/gaJPcKLyXLQ,,40.7481261,14.4819833,,,,0:18:13,Italy
it-0124,Italy,Campania,Pompeii,Pompeii,"Pompeii, Italy 4K Walking Tour (Part 2)",pompeii-part-2-day-walk-2017,pompeii-part-2-day-walk-2017,day-walk,"ancient-site, archaeological-site, world-heritage-site",,,,,,https://youtu.be/SoXIbF4etSw,,40.7500958,14.4843993,,,,0:22:25,Italy
it-0125,Italy,Campania,Pompeii,Pompeii,"Pompeii, Italy 4K Walking Tour (Part 3) (2017)",pompeii-part-3-day-walk-2017,pompeii-part-3-day-walk-2017,day-walk,"ancient-site, archaeological-site, world-heritage-site",2017-11-04,2017,,,,https://youtu.be/tMvnWHvHLrs,,40.7514358,14.4837111,,,,0:23:40,Italy
it-0126,Italy,Campania,Pompeii,Pompeii,"Pompeii, Italy 4K Walking Tour (Part 4)",pompeii-part-4-day-walk-2017,pompeii-part-4-day-walk-2017,day-walk,"ancient-site, archaeological-site, world-heritage-site",,,,,,https://youtu.be/9gfhCXa7E30,,40.7506937,14.4836988,,,,0:21:36,Italy
it-0127,Italy,Campania,Pompeii,Pompeii,"Pompeii, Italy 4K Walking Tour (Part 5) (2017)",pompeii-part-5-day-walk-2017,pompeii-part-5-day-walk-2017,day-walk,"ancient-site, archaeological-site, world-heritage-site",2017-11-04,2017,,,,https://youtu.be/KJF_0-ihALs,,40.7531974,14.4842577,,,,0:20:09,Italy
it-0128,Italy,Campania,Pompeii,Pompeii,"Pompeii, Italy 4K Walking Tour (Part 6) (2017)",pompeii-part-6-day-walk-2017,pompeii-part-6-day-walk-2017,day-walk,"ancient-site, archaeological-site, world-heritage-site",2017-11-04,2017,,,,https://youtu.be/91kdMglbv78,,40.7504087,14.4855545,,,,0:23:12,Italy
it-0129,Italy,Campania,Pompeii,Pompeii,"Pompeii, Italy 4K Walking Tour (2020)",pompeii-day-walk-2020,,day-walk,"ancient-site, archaeological-site, world-heritage-site",2020-02-08,2020,,,,https://youtu.be/sUYJ8LbF1Ys,https://www.google.com/maps/d/edit?mid=1isB1PVq4ZVf4Q6lao7jKCghonCqbaJm3&usp=sharing ,40.7482286,14.4818762,,,,5:13:51,Italy
it-0130,Italy,Campania,Pompeii,Pompeii,"Pompeii, Italy 4K Walking Tour (2021)",pompeii-day-walk-2021,,day-walk,"ancient-site, archaeological-site, world-heritage-site",2021-02-19,2021,,,,https://youtu.be/9L1jrC2-BTE,https://www.google.com/maps/d/edit?mid=1QYF_qw3YKr-srPhaxL-4d1nAVt9hX7g&usp=sharing,40.7491875,14.495506,,,,3:11:50,Italy
it-0131,Italy,Campania,Positano,Positano,"Positano, Italy 4K Walking Tour (2018)",positano-day-walk-may-2018,positano-day-walk-may-2018,day-walk,"coastal, world-heritage-site",2018-05-12,2018,,,,https://youtu.be/uj2OCe-4XC0,https://www.google.com/maps/d/u/0/edit?mid=1JVkdJW1TNPNAWtL1NAa-bf3rSQQWUQCs&usp=sharing,40.6277214,14.4903763,,,,0:34:16,Italy
it-0132,Italy,Campania,Positano,Positano,"Positano, Italy 4K Walking Tour (2018)",positano-day-walk-september-2018,positano-day-walk-september-2018,day-walk,"coastal, world-heritage-site",2018-09-22,2018,,,,https://youtu.be/lpo62RjldVA,https://www.google.com/maps/d/u/0/edit?mid=1hPFve1VSzvmowHWltlOGh2tX6ZcmXEyu&usp=sharing ,40.6298433,14.4814477,,,,2:25:25,Italy
it-0133,Italy,Campania,Positano,Positano,"Positano, Italy 4K Walking Tour (2019)",positano-day-walk-2019,,day-walk,"coastal, world-heritage-site",2019-09-14,2019,,,,https://youtu.be/lPtzAPFsdls,,40.6276226,14.4909771,,,,0:38:25,Italy
it-0134,Italy,Campania,Positano,Positano,"Positano, Italy 4K 360 Tour (2019)",positano-360-tour-2019,,360-tour,"coastal, world-heritage-site",2019-09-14,2019,,,,https://youtu.be/FZL0ynym3DI,,40.6274608,14.4891344,,,,0:51:25,Italy
it-0135,Italy,Campania,Positano,Positano,"Positano, Italy 4K Walking Tour (2020)",positano-day-walk-2020,,day-walk,"coastal, world-heritage-site",2020-09-12,2020,,,,https://youtu.be/5WICzbKzc-8,https://www.google.com/maps/d/u/0/edit?mid=1CVvDwXCLAeZreaJseOIUgDbWQu6SwFkI&usp=sharing,40.6276389,14.4906284,,,,0:47:18,Italy
it-0136,Italy,Campania,Positano,Positano,"Positano, Italy 4K Night Tour (2021)",positano-evening-walk-2021,,evening-walk,"coastal, world-heritage-site",2021-06-13,2021,,,,https://youtu.be/gao2K_RfK8E,https://www.google.com/maps/d/u/0/edit?mid=1vEGk_lZOt17WG6u8A2gu_hKKKMv2COhs&usp=sharing ,40.6282018,14.4803813,,,,1:11:16,Italy
it-0137,Italy,Campania,Positano,Positano,"Positano, Italy 4K Walking Tour (2022)",positano-day-walk-2022,,day-walk,"coastal, world-heritage-site",2022-06-17,2022,,,,https://youtu.be/7EqByO1NDBE,https://www.google.com/maps/d/edit?mid=1OV9RYFZhRAnPPkWQdDKVWkQ5XHIn9Io&usp=sharing,40.6298783,14.4815202,,,,2:44:46,Italy
it-0138,Italy,Campania,Positano,Positano,"Positano, Italy 4K Evening Walk (2022)",positano-evening-walk-2022,,evening-walk,"coastal, world-heritage-site",2022-06-25,2022,,,,https://youtu.be/KcYDl5mB9rs,https://www.google.com/maps/d/edit?mid=1_Zq59N76V-x0Ika8AZsvKDgBzOI5LTc&usp=sharing,40.6282435,14.4802807,,,,1:27:29,Italy
it-0139,Italy,Campania,Positano,Positano,"Positano, Italy 4K Morning Walk Walking Tour (2023)",positano-day-walk-2023,,day-walk,"coastal, world-heritage-site",2023-07-03,2023,,,,https://youtu.be/TZVDBq_UAr0,https://www.google.com/maps/d/edit?mid=18HnJWAud0dIxlVfGZzvwQnjM5y9Q-FU&usp=sharing,40.6280577,14.4894142,,,,2:22:19,Italy
it-0140,Italy,Campania,Positano,Positano,"Positano, Italy 4K Evening Walk (2023)",positano-evening-walk-july-1-2023,positano-evening-walk-july-1-2023,evening-walk,"coastal, world-heritage-site",2023-07-01,2023,,,,https://youtu.be/aQN3cwxhtpg,https://www.google.com/maps/d/edit?mid=13bV-Jq3ajdbY4A4CZzzkCHRmt4iCBQk&usp=sharing,40.6281204,14.4892303,,,,1:05:22,Italy
it-0141,Italy,Campania,Positano,Positano,"Positano, Italy 4K Evening Walk (2023)",positano-evening-walk-july-2-2023,positano-evening-walk-july-2-2023,evening-walk,"coastal, world-heritage-site",2023-07-02,2023,,,,https://youtu.be/flDVOPfrVjE,https://www.google.com/maps/d/edit?mid=1PBpXGiZ4LILO9nuc5Y-cx2B6PHNzVt8&usp=sharing,40.6282739,14.4803788,,,,1:36:02,Italy
it-0142,Italy,Campania,Positano,Positano,"Positano, Italy 4K Drone Tour",positano-drone-tour,positano-drone-tour,drone-tour,"coastal, world-heritage-site",,,,,,https://youtu.be/-9WtKS_FRUg,,40.6268852,14.4880032,,,,0:02:39,Italy
it-0143,Italy,Campania,Pozzuoli,Pozzuoli,"Pozzuoli, Italy 4K Walking Tour (2017)",pozzuoli-day-walk-2017,,day-walk,coastal,2017-09-30,2017,,,,https://youtu.be/yb1a5bXSlTo,,40.8261015,14.1212494,,,,1:05:15,Italy
it-0144,Italy,Campania,Pozzuoli,Pozzuoli,"Pozzuoli, Italy 4K Roman Amphitheater Walking Tour (2017)",pozzuoli-anfiteatro-flavio-neroniano-day-walk-2017,pozzuoli-anfiteatro-flavio-neroniano-day-walk-2017,day-walk,"coastal, ancient-site, roman-ruins, archaeological-site, amphitheater",2017-09-09,2017,,,,https://youtu.be/JUjvzHBUoGc,,40.8265368,14.1243187,,,,0:22:53,Italy
it-0145,Italy,Campania,Pozzuoli,Pozzuoli,"Pozzuoli, Italy 4K Lago d'Averno (Lake Avernus) Walking Tour (2020)",pozzuoli-day-walk-2020,,day-walk,coastal,2020-05-22,2020,,,,https://youtu.be/_58yvUyiYxc,https://www.google.com/maps/d/u/0/edit?mid=1ejwumu6q5dowlrXq8kFIig7TEAFzJYuT&usp=sharing,40.8361507,14.0790719,,,,0:33:59,Italy
it-0146,Italy,Campania,Pozzuoli,Pozzuoli,"Pozzuoli, Italy 4K Driving Tour",pozzuoli-drive-tour-2021,,drive-tour,coastal,2021-03-30,2021,,,,https://youtu.be/yiexGt3P-XM,,40.8256982,14.1197309,,,,0:44:05,Italy
it-0147,Italy,Campania,Pozzuoli,Pozzuoli,"Pozzuoli, Italy 4K Drone Tour",pozzuoli-drone-tour,pozzuoli-drone-tour,drone-tour,coastal,,,,,,https://youtu.be/vxkaEEUV1xI,,40.8230816,14.1200965,,,,0:02:16,Italy
it-0148,Italy,Campania,Procida,Procida,"Procida, Italy 4K Bike Tour (2020)",procida-bike-tour-2020,,bike-tour,"coastal, island",2020-05-31,2020,,,,https://youtu.be/_gcrpo8qBx8,https://www.google.com/maps/d/u/0/edit?mid=1XOF2L559gvhomB_3YxKomGwE6QhEIo5n&usp=sharing,40.7679249,14.0321814,,,,1:32:35,Italy
it-0149,Italy,Campania,Procida,Procida,"Procida, Italy 4K Island Walking Tour (2017)",procida-day-walk-2017,,day-walk,"coastal, island",2017-08-17,2017,,,,https://youtu.be/YklUi-ux6IA,,40.7690271,14.0269197,,,,1:58:15,Italy
it-0150,Italy,Campania,Procida,Procida,"Procida, Italy 4K Island Walking Tour (2019)",procida-day-walk-2019,,day-walk,"coastal, island",2019-06-23,2019,,,,https://youtu.be/3ewiolpn-JQ,https://www.google.com/maps/d/u/0/edit?mid=1wBvM-tWqSh7zAZjdVwUyWejHl_1FXIVH&usp=sharing,40.7656359,14.0280606,,,,1:40:22,Italy
it-0151,Italy,Campania,Procida,Procida,"Procida, Italy 4K Walking Tour (2023)",procida-day-walk-2023,,day-walk,"coastal, island",2023-07-18,2023,,,,https://youtu.be/6_QA7lBJhiE,https://www.google.com/maps/d/edit?mid=1BMjU_Nd4Ddo5ZJXKrJ4bQrLOGY9szLs&usp=sharing ,40.7656643,14.0274664,,,,2:09:11,Italy
it-0152,Italy,Campania,Ravello,Ravello,"Ravello, Italy 4K Walking Tour (2019)",ravello-day-walk-2019,,day-walk,"coastal, historic-center, old-town, world-heritage-site",2019-10-19,2019,,,,https://youtu.be/EGugufam8p4,https://www.google.com/maps/d/u/0/edit?mid=1fSfXThZaERDIt7a4tnlipcKO-sYMYsA&usp=sharing,40.6502302,14.6110363,,,,1:17:49,Italy
it-0153,Italy,Campania,Ravello,Ravello,"Ravello, Italy 4K Walking Tour (2025)",ravello-day-walk-2025,,day-walk,"coastal, historic-center, old-town, world-heritage-site",2025-06-09,2025,,,,https://youtu.be/c4LaDLiPb6c,https://www.google.com/maps/d/u/0/edit?mid=1rZmjJMIv1HNKKYU7fMXyNl6lDOIlsvw&usp=sharing,40.6503191,14.610982,,,,2:38:56,Italy
it-0154,Italy,Campania,Sant'Agata de Goti,Sant'Agata de Goti,"Sant'Agata de Goti, Italy 4K Walking Tour (2017)",sant-agata-de-goti-day-walk-2017,,day-walk,"historic-center, old-town",2017-06-10,2017,,,,https://youtu.be/ba7riTFW8d8,,41.0891372,14.5023562,,,,0:27:29,Italy
it-0155,Italy,Campania,Sorrento,Sorrento,"Sorrento, Italy 4K Walking Tour (2018) ",sorrento-day-walk-2018,,day-walk,"coastal, historic-center",2018-05-19,2018,,,,https://youtu.be/7iwc-T0ZR0k,,40.6264286,14.3759368,,,,1:39:34,Italy
it-0156,Italy,Campania,Sorrento,Sorrento,"Sorrento, Italy 4K Walking Tour (2018) with Captions",sorrento-day-walk-with-captions-2018,sorrento-day-walk-with-captions-2018,day-walk,"coastal, historic-center",2018-05-19,2018,,,,https://youtu.be/TzjxFCqT-40,,40.6264091,14.3757826,,,,1:39:34,Italy
it-0157,Italy,Campania,Sorrento,Sorrento,"Sorrento, Italy 4K Walking Tour (2020)",sorrento-day-walk-2020,,day-walk,"coastal, historic-center",2020-07-12,2020,,,,https://youtu.be/WPIuF0-evxo,https://www.google.com/maps/d/edit?mid=1ZukvmkAHUGZl5iQqy8oqmpp1Ah2o2VKZ&usp=sharing,40.6262882,14.3757789,,,,2:15:44,Italy
it-0158,Italy,Campania,Sorrento,Sorrento,"Sorrento, Italy 4K Evening Walk (July 2020)",sorrento-evening-walk-july-2020,sorrento-evening-walk-july-2020,evening-walk,"coastal, historic-center",2020-07-12,2020,,,,https://youtu.be/jd5xjDJHsI8,https://www.google.com/maps/d/u/0/edit?mid=1wWafRHjXN4oqZ_TLDngd7gEO_YWKf6CQ&usp=sharing ,40.6263961,14.3763422,,,,0:37:10,Italy
it-0159,Italy,Campania,Sorrento,Sorrento,"Sorrento, Italy 4K Evening Walk (September 2020)",sorrento-evening-walk-september-2020,sorrento-evening-walk-september-2020,evening-walk,"coastal, historic-center",2020-09-19,2020,,,,https://youtu.be/DbEtuqqgWLA,https://www.google.com/maps/d/u/0/edit?mid=1sNv5dQEFFGDEqX7FWpPjy3aNFmqADgIz&usp=sharing,40.6260928,14.3760042,,,,1:11:47,Italy
it-0160,Italy,Campania,Sorrento,Sorrento,"Sorrento, Italy 4K Christmas Walking Tour (2021)",sorrento-day-walk-2021,,day-walk,"coastal, historic-center, christmas-market",2021-12-11,2021,,,,https://youtu.be/rbULD4pmlQs,https://www.google.com/maps/d/u/0/edit?mid=1KW9OAbA8Eo_Ua4sMxUovtkIv8MpQN0tN&usp=sharing,40.6263462,14.3761085,,,,0:51:17,Italy
it-0161,Italy,Campania,Sorrento,Sorrento,"Sorrento, Italy 4K Evening Walk (2022)",sorrento-evening-walk-2022,,evening-walk,"coastal, historic-center",2022-06-15,2022,,,,https://youtu.be/IuvFL_ycAvM,https://www.google.com/maps/d/edit?mid=1tW0oTzNROM6ooDGkQXvcgT_rFbdhiXc&usp=sharing ,40.6261605,14.3757585,,,,1:37:43,Italy
it-0162,Italy,Campania,Sorrento,Sorrento,"Sorrento, Italy 4K Walking Tour (2022)",sorrento-day-walk-2022,,day-walk,"coastal, historic-center",2022-07-31,2022,,,,https://youtu.be/H3g_m2yNL4k,https://www.google.com/maps/d/edit?mid=1DFEkvlORi6msFCv5EdMs12vg_Wjni-M&usp=sharing,40.6263027,14.3759529,,,,3:23:28,Italy
it-0163,Italy,Campania,Sorrento,Sorrento,"Sorrento, Italy 4K Evening Walk (2025)",sorrento-evening-walk-2025,,evening-walk,"coastal, historic-center",2025-06-09,2025,,,,https://youtu.be/NNQ-Iecknjw,https://www.google.com/maps/d/u/0/edit?mid=1jvj3bFrkV7lgFWUpYk_li8iCCUWvCOY&usp=sharing,40.6280297,14.3671544,,,,1:53:11,Italy
it-0164,Italy,Campania,Sorrento,Sorrento,"Sorrento, Italy 4K Driving to Sorrento",sorrento-drive-tour,sorrento-drive-tour,drive-tour,coastal,,,,,,https://youtu.be/mYf6HC1HOOc,,40.8418493,14.3279998,,,,0:05:00,Italy
it-0165,Italy,Campania,Teatro Romano Antica Cales,Teatro Romano Antica Cales,"Teatro Romano Antica Cales, Italy 4K Drone tour",teatro-romano-antica-cales-drone-tour,teatro-romano-antica-cales-drone-tour,drone-tour,"ancient-site, roman-ruins, archaeological-site",,,,,,https://youtu.be/mGvtNC0UK3Y,,41.2001063,14.131929,,,,0:01:51,Italy
it-0166,Italy,Umbria,Assisi,Assisi,"Assisi, Italy 4K Walking Tour (2019)",assisi-day-walk-2019,,day-walk,"historic-center, old-town, world-heritage-site",2019-07-02,2019,,,,https://youtu.be/KvtrEO3mKow,,43.0722707,12.6072622,,,,1:59:15,Italy
it-0167,Italy,Umbria,Assisi,Assisi,"Assisi, Italy 4K Morning Walk Walking Tour (2019)",assisi-morning-walk-2019,assisi-morning-walk-2019,day-walk,"historic-center, old-town, world-heritage-site",2019-07-04,2019,,,,https://youtu.be/hSJ-6ZvHA6M,https://drive.google.com/open?id=1qtwQS5Bs4GG14L1V2UYMGQtAZcPnbsDA,43.0717317,12.6187295,,,,0:59:22,Italy
it-0168,Italy,Umbria,Orvieto,Orvieto,"Orvieto, Italy 4K Bike Tour",orvieto-bike-tour-2020,,bike-tour,"historic-center, old-town",2020-07-25,2020,,,,https://youtu.be/fxPNhInN1Lk,,42.7209304,12.1198867,,,,0:05:36,Italy
it-0169,Italy,Umbria,Orvieto,Orvieto,"Orvieto, Italy 4K Walking Tour (2020)",orvieto-day-walk-2020,,day-walk,"historic-center, old-town",2020-07-25,2020,,,,https://youtu.be/is7fJVLo9Js,https://www.google.com/maps/d/edit?mid=1O87hcbC2KxEvMvGe-fufig4etWDwsbOf&usp=sharing,42.7180054,12.1039487,,,,1:51:16,Italy
it-0170,Italy,Umbria,Perugia,Perugia,"Perugia, Italy 4K Corso Pietro Vannucci Walking Tour",perugia-corso-pietro-vannucci-day-walk-2020,perugia-corso-pietro-vannucci-day-walk-2020,day-walk,historic-center,2020-07-26,2020,,,,https://youtu.be/RcJxiA2lONE,https://www.google.com/maps/d/edit?mid=1AJpmTqtDftiu_jflQR5uz6a5uOBMeLfz&usp=sharing,43.1119942,12.3888722,,,,0:08:24,Italy
it-0171,Italy,Umbria,Perugia,Perugia,"Perugia, Italy 4K 360 Tour (2020)",perugia-360-tour-2020,,360-tour,historic-center,2020-07-26,2020,,,,https://youtu.be/IQnWwTrGzX0,https://www.google.com/maps/d/u/0/edit?mid=1aYKemHAPOp35xeZUJTpRyxkGTTgxguY&usp=sharing,43.1085145,12.3886768,,,,0:08:03,Italy
it-0172,Italy,Umbria,Perugia,Perugia,"Perugia, Italy 4K Walking Tour (2020)",perugia-day-walk-2020,,day-walk,historic-center,2020-07-26,2020,,,,https://youtu.be/oKTQDkNG8NM,https://www.google.com/maps/d/u/0/edit?mid=1PXXbABcgOVuKLa7GSDIJWORSKHKQsOBW&usp=sharing,43.115175,12.3882136,,,,1:32:10,Italy
it-0173,Italy,Tuscany,Florence,Florence,"Florence, Italy 4K Walking Tour (long) (2019)",florence-day-walk-long-2019,florence-day-walk-long-2019,day-walk,"historic-center, world-heritage-site",2019-07-03,2019,,,,https://youtu.be/AqFLqzHAgzA,https://www.google.com/maps/d/u/0/edit?mid=1ZremrX0ngxRX4qNLpxfsXdQrIgvKRDA4&usp=sharing,43.7752995,11.2483496,,,,3:04:51,Italy
it-0174,Italy,Tuscany,Florence,Florence,"Florence, Italy 4K Walking Tour (short) (2019)",florence-day-walk-short-2019,florence-day-walk-short-2019,day-walk,"historic-center, world-heritage-site",2019-07-03,2019,,,,https://youtu.be/0vwcddEiRQs,,43.7735032,11.2545394,,,,0:34:45,Italy
it-0175,Italy,Tuscany,Florence,Florence,"Florence, Italy 4K Walking Tour (2023)",florence-day-walk-2023,,day-walk,"historic-center, world-heritage-site",2023-05-19,2023,,,,https://youtu.be/2aZlTVnq2eQ,https://www.google.com/maps/d/edit?mid=1OTdLZvIkYiSiUbjL_4BkVb2yCjjWneI3&usp=sharing,43.775203,11.2496758,,,,4:48:09,Italy
it-0176,Italy,Tuscany,Florence,Florence,"Florence, Italy 4K Evening Walk (2022)",florence-evening-walk-2022,,evening-walk,"historic-center, world-heritage-site",2022-05-14,2022,,,,https://youtu.be/ed1Z7pPSep0,https://www.google.com/maps/d/u/0/edit?mid=1ueRzphikmbqSHwhV8CCkiSqX71NkNQTS&usp=sharing,43.7733725,11.2548264,,,,1:42:48,Italy
it-0177,Italy,Tuscany,Florence,Florence,"Florence, Italy 4K Evening Walk (2018)",florence-evening-walk-2018,,evening-walk,"historic-center, world-heritage-site",2018-12-29,2018,,,,https://youtu.be/5fAr9Oc9xh8,,43.7734926,11.2554595,,,,0:47:03,Italy
it-0178,Italy,Tuscany,Lucca,Lucca,"Lucca, Italy 4K Walking Tour (2020)",lucca-day-walk-2020,,day-walk,"historic-center, old-town",2020-08-01,2020,,,,https://youtu.be/4tS18rOsyMM,https://www.google.com/maps/d/u/0/edit?mid=18OlKQRsSpOOx8VclCh0tk6Zh7t1cXVAF&usp=sharing,43.8386163,10.505971,,,,1:22:36,Italy
it-0179,Italy,Tuscany,Lucca,Lucca,"Lucca, Italy 4K Bike Tour (Evening) (2020)",lucca-evening-bike-tour-2020,lucca-evening-bike-tour-2020,bike-tour,"historic-center, old-town",2020-08-01,2020,,,,https://youtu.be/OMgbNxCB5dU,https://www.google.com/maps/d/edit?mid=1GZpclME9NtEXJAiBiH3a8PueQHICTonQ&usp=sharing,43.838924,10.5016794,,,,0:30:30,Italy
it-0180,Italy,Tuscany,Lucca,Lucca,"Lucca, Italy 4K Bike Tour (Walls) (2020)",lucca-le-murra-di-lucca-bike-tour-2020,lucca-le-murra-di-lucca-bike-tour-2020,bike-tour,"historic-center, old-town",2020-08-01,2020,,,,https://youtu.be/jIKNueYoUh0,https://www.google.com/maps/d/edit?mid=1Sfw2CXsAUk2-GPTodXDn_fbnQCivM6cG&usp=sharing,43.8387026,10.5016855,,,,0:28:48,Italy
it-0181,Italy,Tuscany,Lucca,Lucca,"Lucca, Italy 4K Bike Tour (City) (2020)",lucca-bike-tour-2020,,bike-tour,"historic-center, old-town",2020-08-01,2020,,,,https://youtu.be/nSTpNsBFRPM,https://www.google.com/maps/d/u/0/edit?mid=1S-7yCG7J-DfQy74xGi8U2-xgYnf-YMuC&usp=sharing,43.8387684,10.502989,,,,0:35:54,Italy
it-0182,Italy,Tuscany,Lucca,Lucca,"Lucca, Italy 4K Drone Tour (2020)",lucca-drone-tour-2020,,drone-tour,"historic-center, old-town",2020-08-01,2020,,,,https://youtu.be/amROuiz7xCQ,,43.8427857,10.5039955,,,,0:01:58,Italy
it-0183,Italy,Tuscany,Montepulciano,Montepulciano,"Montepulciano, Italy 4K Walking Tour (2020)",montepulciano-day-walk-2020,,day-walk,"historic-center, old-town",2020-07-31,2020,,,,https://youtu.be/gvcKh443vVk,https://www.google.com/maps/d/edit?mid=1TXLWM1yyI1rd1_9LFEGZjf355rQh-_4-&usp=sharing ,43.0971713,11.7850664,,,,1:39:12,Italy
it-0184,Italy,Tuscany,Montepulciano,Montepulciano,"Montepulciano, Italy 4K Evening Walk (2021)",montepulciano-evening-walk-2021,,evening-walk,"historic-center, old-town",2021-12-29,2021,,,,https://youtu.be/ZIzKFNETsX0,https://www.google.com/maps/d/u/0/edit?mid=1a5K7_STpd6e2aIgeS8LHJfv6ycvEreip&usp=sharing,43.0921967,11.7803694,,,,0:36:41,Italy
it-0185,Italy,Tuscany,Montepulciano,Montepulciano,"Montepulciano, Italy 4K Re'Ricci Wine Tour",montepulciano-de-ricci-wine-tour-2020,montepulciano-de-ricci-wine-tour-2020,day-walk,"historic-center, old-town",2020-07-30,2020,,,,https://youtu.be/bPGipGVMkrk,,43.093489,11.7808263,,,,0:12:13,Italy
it-0186,Italy,Tuscany,Monteriggioni,Monteriggioni,"Monteriggioni, Italy 4K Walking Tour (2021)",monteriggioni-day-walk-2021,,day-walk,"historic-center, old-town",2021-08-03,2021,,,,https://youtu.be/50Y2SDBqi0c,https://www.google.com/maps/d/u/0/edit?mid=1RAoex_n7OmJ3_eouzyMS0JRF2Q0BvS2L&usp=sharing,43.389806,11.224426,,,,0:37:46,Italy
it-0187,Italy,Tuscany,Pisa,Pisa,"Pisa, Italy 4K Walking Tour (2018)",pisa-day-walk-2018,,day-walk,"historic-center, world-heritage-site",2018-12-28,2018,,,,https://youtu.be/9Hqzz84U0-M,https://www.google.com/maps/d/u/0/edit?mid=1tWYebf1HD-2faxW55KA73ORA0rctXkpi&usp=sharing,43.7228364,10.3925463,,,,1:04:59,Italy
it-0188,Italy,Tuscany,Pitigliano,Pitigliano,"Pitigliano, Italy 4K Walking Tour (2019)",pitigliano-day-walk-2019,,day-walk,"historic-center, old-town",2019-07-04,2019,,,,https://youtu.be/lV-Wu4hBqEg,https://www.google.com/maps/d/u/0/edit?mid=11u-wBxWT_l956OWRVIbbM0VK_5CW34w&usp=sharing,42.6336342,11.6708129,,,,1:02:25,Italy
it-0189,Italy,Tuscany,Pitigliano,Pitigliano,"Pitigliano, Italy 4K Drone Tour",pitigliano-drone-tour,pitigliano-drone-tour,drone-tour,old-town,,,,,,https://youtu.be/i75q5pGA8uE,,42.6339304,11.6662809,,,,0:05:02,Italy
it-0190,Italy,Tuscany,San Gimignano,San Gimignano,"San Gimignano, Italy 4K Walking Tour (2021)",san-gimignano-day-walk-2021,,day-walk,"historic-center, old-town, world-heritage-site",2021-08-03,2021,,,,https://youtu.be/cRR35KGuWJI,https://www.google.com/maps/d/edit?mid=1Gpu_F81mOewtnjFop7xXqaHKcBLZXCY6&usp=sharing ,43.464059,11.0420224,,,,1:31:58,Italy
it-0191,Italy,Tuscany,Saturnia,Saturnia,"Saturnia, Italy 4K Hot Springs Walking Tour (2020)",saturnia-hot-springs-day-walk-2020,saturnia-hot-springs-day-walk-2020,day-walk,,2020-07-29,2020,,,,https://youtu.be/cT1HekU2vho,https://www.google.com/maps/d/u/0/edit?mid=1PMib5kpCh9U5juc77GIqNLczQohHT8wb&usp=sharing,42.6481881,11.5118687,,,,0:18:33,Italy
it-0192,Italy,Tuscany,Siena,Siena,"Siena, Italy 4K Walking Tour (2023)",siena-day-walk-2023,,day-walk,"historic-center, old-town, world-heritage-site",2023-07-15,2023,,,,https://youtu.be/SDTIreuH0-A,https://www.google.com/maps/d/edit?mid=1Qa3l9b1hE5hmMq2SpPmSMUGH9mCkCjI&usp=sharing,43.3201478,11.3269903,,,,4:06:21,Italy
it-0193,Italy,Tuscany,Siena,Siena,"Siena, Italy 4K Evening Walk (2023)",siena-evening-walk-2023,,evening-walk,"historic-center, old-town, world-heritage-site",2023-07-15,2023,,,,https://youtu.be/7bppV1K87zs,https://www.google.com/maps/d/edit?mid=1HlPeA8G220-lTARYM-ol5tg0wxOxOf4&usp=sharing,43.3195692,11.3271976,,,,1:39:15,Italy
it-0194,Italy,Tuscany,Sorano,Sorano,"Sorano, Italy 4K Walking Tour (2020)",sorano-day-walk-2020,,day-walk,"historic-center, old-town",2020-07-27,2020,,,,https://youtu.be/R6t5GiWPaMk,https://www.google.com/maps/d/u/0/edit?mid=1Po6_VTe-zpAM6sgRe1lbqP4WtSq0Wu-v&usp=sharing,42.6817161,11.716298,,,,0:57:25,Italy
it-0195,Italy,Tuscany,Sovana,Sovana,"Sovana, Italy 4K Walking Tour (2020)",sovana-day-walk-2020,,day-walk,"historic-center, old-town",2020-07-29,2020,,,,https://youtu.be/S9_piQ_k0YE,https://www.google.com/maps/d/u/0/edit?mid=1JUfJBO2o5QCFFSaZwwSLVNb5dQE--2Dz&usp=sharing,42.6574446,11.6483409,,,,0:48:33,Italy
it-0196,Italy,Tuscany,Tuscany,Tuscany,"Tuscany, Italy 4K Bike Tour",tuscany-bike-tour,tuscany-bike-tour,bike-tour,,,,,,,https://youtu.be/Ml4oznHgjlA,,43.3822241,11.2414867,,,,0:24:44,Italy
it-0197,Italy,Tuscany,Volterra,Volterra,"Volterra, Italy 4K Walking Tour (2021)",volterra-day-walk-2021,,day-walk,"historic-center, old-town",2021-08-04,2021,,,,https://youtu.be/l4nG1eZBtV4,https://www.google.com/maps/d/u/0/edit?mid=15Hmf6HCFGDmtxjHnIHKwK6ZIv8u3v_gB&usp=sharing ,43.4008427,10.8589723,,,,2:13:22,Italy
it-0198,Italy,Veneto,Burano,Burano,"Burano, Italy 4K Walking Tour (2018)",burano-day-walk-2018,,day-walk,"waterfront, island, world-heritage-site",2018-12-17,2018,,,,https://youtu.be/E6_JLRwoTqw,,45.4875071,12.4162048,,,,0:40:12,Italy
it-0199,Italy,Veneto,Burano,Burano,"Burano, Italy 4K Walking Tour (2020)",burano-day-walk-2020,,day-walk,"waterfront, island, world-heritage-site",2020-08-09,2020,,,,https://youtu.be/0U3Aea9awAQ,https://www.google.com/maps/d/edit?mid=1nrfA2cvMQ4gLAHQ-H06lN-kuTEhv05aL&usp=sharing,45.4873223,12.4164963,,,,0:47:48,Italy
it-0200,Italy,Veneto,Burano,Burano,"Burano, Italy 4K Walking Tour (Members) (2020)",burano-members-day-walk-2020,burano-members-day-walk-2020,day-walk,"waterfront, island, world-heritage-site",2020-08-09,2020,,,,https://youtu.be/ujOrTmi-lCY,https://www.google.com/maps/d/u/0/edit?mid=1JCFrCWvVrierXO8M2wla0_HeHFlSdDrL&usp=sharing,45.487854,12.4142272,,,,1:05:08,Italy
it-0201,Italy,Veneto,Burano,Burano,"Burano, Italy 4K 360 Tour (2020)",burano-360-tour-2020,,360-tour,"waterfront, island, world-heritage-site",2020-08-09,2020,,,,https://youtu.be/Zp3zczCgqaE,,45.4861054,12.4166607,,,,0:25:46,Italy
it-0202,Italy,Veneto,Burano,Burano,"Burano, Italy 4K Walking Tour (2025)",burano-day-walk-2025,,day-walk,"waterfront, island, world-heritage-site",2025-03-06,2025,,,,https://youtu.be/wCJA5S7KO34,https://www.google.com/maps/d/u/0/edit?mid=1VYai1rMQ0kYVME07n8dEJEfyWmY1Vp0&usp=sharing,45.4873706,12.416279,,,,1:27:35,Italy
it-0203,Italy,Veneto,Venice,Venice,"Venice, Italy 4K Ca’ Del Sol Mask Shop Tour",venice-ca-del-sol-mask-shop-day-walk-2025,venice-ca-del-sol-mask-shop-day-walk-2025,day-walk,"waterfront, island, world-heritage-site",2025-02-22,2025,,,,https://youtu.be/y6s_aoNeNBo,,45.4355095,12.3430956,,,,0:10:22,Italy
it-0204,Italy,Veneto,Venice,Venice,"Venice, Italy 4K Casa di Carlo Goldoni Venetian Theatre Museum Tour",venice-casa-di-carlo-goldoni-museum-tour-2025,venice-casa-di-carlo-goldoni-museum-tour-2025,day-walk,"waterfront, island, world-heritage-site",2025-02-24,2025,,,,https://youtu.be/Uq-4WndVxLs,,45.43619,12.3282975,,,,0:10:05,Italy
it-0205,Italy,Veneto,Venice,Venice,"Venice, Italy 4K Contrada San Giovanni Medieval Drum Performance Tour",venice-contrada-san-giovanni-drum-2025,venice-contrada-san-giovanni-drum-2025,day-walk,"waterfront, island, world-heritage-site",2025-02-22,2025,,,,https://youtu.be/p4cIiXQ0gl4,,45.434003,12.3380173,,,,0:20:28,Italy
it-0206,Italy,Veneto,Murano,Murano,"Murano, Italy 4K Walking Tour (2018)",murano-day-walk-2018,,day-walk,"waterfront, island, world-heritage-site",2018-12-17,2018,,,,https://youtu.be/h9ovlrJ6ba8,,45.4527263,12.354487,,,,0:48:25,Italy
it-0207,Italy,Veneto,Venice,Venice,"Venice, Italy 4K Museo di Palazzo Mocenigo Venetian Fashion, Costumes & Perfume Museum Tour",venice-museo-di-palazzo-mocenigo-day-tour-2025,venice-museo-di-palazzo-mocenigo-day-tour-2025,day-walk,"waterfront, island, world-heritage-site",2025-02-22,2025,,,,https://youtu.be/7-TysrfJUfY,,45.4406679,12.3298194,,,,0:16:28,Italy
it-0208,Italy,Veneto,Verona,Verona,"Verona, Italy 4K Walking Tour (2022)",verona-day-walk-2022,,day-walk,"historic-center, world-heritage-site",2022-07-07,2022,,,,https://youtu.be/kGiZ9HsCh9Q,https://www.google.com/maps/d/u/0/edit?mid=1MAGB7COckBUfAJYrFChDaD-wfbhEWC0&usp=sharing ,45.4409473,10.9869873,,,,3:56:44,Italy
it-0209,Italy,Veneto,Verona,Verona,"Verona, Italy 4K Evening Walk (2022)",verona-evening-walk-2022,,evening-walk,"historic-center, world-heritage-site",2022-07-07,2022,,,,https://youtu.be/fW1v-SIpnkU,https://www.google.com/maps/d/edit?mid=18r38hkLrlkLotQdjetFIOH8g983gbAk&usp=sharing,45.4378907,10.9914272,,,,0:39:28,Italy
it-0210,Italy,Veneto,Venice,Venice,"Venice, Italy 4K Canal Tour Tour (2020)",venice-grand-canal-boat-tour-2020,venice-grand-canal-boat-tour-2020,boat-tour,"waterfront, island, world-heritage-site",2020-08-08,2020,,,,https://youtu.be/riZWEoGKyuU,https://www.google.com/maps/d/u/0/edit?mid=1ISLi2UFmtPLSN1SpVfPIgk9zbMvKvhTK&usp=sharing,45.4398255,12.3184717,,,,2:57:16,Italy
it-0211,Italy,Veneto,Venice,Venice,"Venice, Italy 4K Walking Tour (Part 1) (2022)",venice-day-walk-part-1-2022,venice-day-walk-part-1-2022,day-walk,"waterfront, island, historic-center, world-heritage-site",2022-07-02,2022,,,,https://youtu.be/2BfHMnDOteA,https://www.google.com/maps/d/edit?mid=14X7n1movkk-1Sko5mBbcqGDKb5T46zI&usp=sharing,45.437098,12.3335984,,,,3:56:27,Italy
it-0212,Italy,Veneto,Venice,Venice,"Venice, Italy 4K Walking Tour (Part 2) (2022)",venice-day-walk-part-2-2022,venice-day-walk-part-2-2022,day-walk,"waterfront, island, historic-center, world-heritage-site",2022-07-02,2022,,,,https://youtu.be/cLOuH5El-NU,https://www.google.com/maps/d/edit?mid=14X7n1movkk-1Sko5mBbcqGDKb5T46zI&usp=sharing,45.4425497,12.3287944,,,,3:10:51,Italy
it-0213,Italy,Veneto,Venice,Venice,"Venice, Italy 4K Evening Walk (2024)",venice-evening-walk-canal-tour-2024,venice-evening-walk-canal-tour-2024,evening-walk,"waterfront, island, historic-center, world-heritage-site",2024-09-19,2024,,,,https://youtu.be/-eD-JIsKJ50,https://www.google.com/maps/d/u/1/edit?mid=13GWonAJJBoa4d8pG6m5DiMpYLhDH4U8&usp=sharing,45.432815,12.3387143,,,,1:38:24,Italy
it-0214,Italy,Veneto,Venice,Venice,"Venice, Italy 4K Canal Tour Italy (2022)",venice-boat-tour-2022,,boat-tour,"waterfront, island, world-heritage-site",2022-07-03,2022,,,,https://youtu.be/WXloPY8ZelY,https://www.google.com/maps/d/u/0/edit?mid=1Svpg1zFNI2gizUQmGHH4s0A7Pl0zxSk&usp=sharing,45.4392326,12.3189615,,,,3:25:43,Italy
it-0215,Italy,Veneto,Venice,Venice,"Venice, Italy 4K Walking Tour (2020)",venice-day-walk-2020,,day-walk,"waterfront, island, historic-center, world-heritage-site",2020-08-07,2020,,,,https://youtu.be/sW0EENhO07g,https://www.google.com/maps/d/u/0/edit?mid=1fOM6Y6Z7kAE-QKW4bJsKLmEuTxW5TitU&usp=sharing  ,45.4371545,12.3337589,,,,3:20:53,Italy
it-0216,Italy,Veneto,Venice,Venice,"Venice, Italy 4K Canal Tour (Evening) (2022)",venice-evening-canal-tour-2022,venice-evening-canal-tour-2022,boat-tour,"waterfront, island, world-heritage-site",2022-07-03,2022,,,,https://youtu.be/TJLjnp39GBg,https://www.google.com/maps/d/edit?mid=1P2MZird_xUj51S1CSAe9lCHd5asekVg&usp=sharing,45.4400938,12.3213681,,,,0:58:58,Italy
it-0217,Italy,Veneto,Venice,Venice,"Venice, Italy 4K Walking Tour (Part 1) (2018)",venice-day-walk-part-1-2018,venice-day-walk-part-1-2018,day-walk,"waterfront, island, historic-center, world-heritage-site",2018-12-16,2018,,,,https://youtu.be/hjVl6yutTPk,,45.4408222,12.3213078,,,,1:07:16,Italy
it-0218,Italy,Veneto,Venice,Venice,"Venice, Italy 4K Walking Tour (Part 2) (2018)",venice-day-walk-part-2-2018,venice-day-walk-part-2-2018,day-walk,"waterfront, island, historic-center, world-heritage-site",2018-12-16,2018,,,,https://youtu.be/84NASdlG7JY,,45.4337512,12.337297,,,,0:56:48,Italy
it-0219,Italy,Veneto,Venice,Venice,"Venice, Italy 4K Walking Tour (Part 3) (2019)",venice-day-walk-part-3-2018,venice-day-walk-part-3-2018,day-walk,"waterfront, island, historic-center, world-heritage-site",2019-02-09,2019,,,,https://youtu.be/n0_SXJ4eQ_o,,45.4368555,12.3406006,,,,1:07:09,Italy
it-0220,Italy,Veneto,Venice,Venice,"Venice, Italy 4K Walking Tour (Part 4) (2018)",venice-day-walk-part-4-2018,venice-day-walk-part-4-2018,day-walk,"waterfront, island, historic-center, world-heritage-site",2018-12-16,2018,,,,https://youtu.be/ihICikqCJ7Q,,45.4383091,12.3189813,,,,1:14:35,Italy
it-0221,Italy,Veneto,Venice,Venice,"Venice, Italy 4K Walking Tour (Part 5) (2018)",venice-day-walk-part-5-2018,venice-day-walk-part-5-2018,day-walk,"waterfront, island, historic-center, world-heritage-site",2018-12-15,2018,,,,https://youtu.be/PGvkZOfp-Cw,,45.4378899,12.3353523,,,,0:58:36,Italy
it-0222,Italy,Veneto,Venice,Venice,"Venice, Italy 4K Walking Tour (Part 6) (2019)",venice-day-walk-part-6-2018,venice-day-walk-part-6-2018,day-walk,"waterfront, island, historic-center, world-heritage-site",2019-02-09,2019,,,,https://youtu.be/7QMD4A9vaUQ,,45.4309697,12.337015,,,,1:06:42,Italy
it-0223,Italy,Veneto,Venice,Venice,"Venice, Italy 4K Grand Canal & Rialto Bridge Walking Tour (2018)",venice-day-walk-2019,,day-walk,"waterfront, island, historic-center, world-heritage-site",2019-02-09,2019,,,,https://youtu.be/SamL3P-3eWE,,45.4371942,12.3339099,,,,0:37:57,Italy
it-0224,Italy,Veneto,Venice,Venice,"Venice, Italy 4K Christmas Lights Walking Tour (2018)",venice-christmas-lights-evening-walk-2018,venice-christmas-lights-evening-walk-2018,day-walk,"waterfront, island, historic-center, world-heritage-site",2018-12-16,2018,,,,https://youtu.be/EwIigsXdjfs,,45.4377245,12.3359513,,,,0:50:48,Italy
it-0225,Italy,Veneto,Venice,Venice,"Venice, Italy 4K Evening Tour (2022)",venice-evening-walk-2022,,evening-walk,"waterfront, island, historic-center, world-heritage-site",2022-07-02,2022,,,,https://youtu.be/kccv6YJZ0P4,https://www.google.com/maps/d/edit?mid=1R8rTfumqD2i-8U_I_7aEX3A_aM9dLLI&usp=sharing,45.4411466,12.3227268,,,,2:46:23,Italy
it-0226,Italy,Veneto,Venice,Venice,"Venice, Italy 4K Evening Walk (2024)",venice-evening-walk-2024,,evening-walk,"waterfront, island, historic-center, world-heritage-site",2024-09-17,2024,,,,https://youtu.be/AK6dYrJpa-s,https://www.google.com/maps/d/u/0/edit?mid=16FC2tQ_gzqHg518jUEoTvKhaEiq3jSM&usp=sharing,45.4410751,12.3227858,,,,1:48:42,Italy
it-0227,Italy,Veneto,Venice,Venice,"Venice, Italy 4K Carnival (Morning) Walking Tour (2025)",venice-carnival-morning-walk-2025,venice-carnival-morning-walk-2025,day-walk,"waterfront, island, historic-center, world-heritage-site",2025-02-27,2025,,,,https://youtu.be/wb2LPV6k1zE,https://www.google.com/maps/d/u/0/edit?mid=1t8nmjLbKHMd7ld5zDP5czc0bTqsO2ms&usp=sharing,45.4371585,12.3335433,,,,1:32:26,Italy
it-0228,Italy,Veneto,Venice,Venice,"Venice, Italy 4K Carnival Short Walking Tour (2025)",venice-carnival-short-day-walk-2025,venice-carnival-short-day-walk-2025,day-walk,"waterfront, island, historic-center, world-heritage-site",2025-02-24,2025,,,,https://youtu.be/K9IdcDzZnao,,45.4372346,12.3340153,,,,1:36:50,Italy
it-0229,Italy,Veneto,Venice,Venice,"Venice, Italy 4K Gondola Tour Walking Tour (2025)",venice-gondola-boat-tour-2025,venice-gondola-boat-tour-2025,boat-tour,"waterfront, island, historic-center, world-heritage-site",2025-02-24,2025,,,,https://youtu.be/y9C0FpPkOtg,https://www.google.com/maps/d/edit?mid=11bIR-r9S0TcrlDKxPMlkP7lLnToNwAo&usp=sharing,45.4369532,12.3354329,,,,1:53:02,Italy
it-0230,Italy,Veneto,Venice,Venice,"Venice, Italy 4K Carnival Evening Tour (2025)",venice-evening-walk-2025,,evening-walk,"waterfront, island, historic-center, world-heritage-site",2025-02-22,2025,,,,https://youtu.be/0OnjDaJR1z8,https://www.google.com/maps/d/edit?mid=1m6qTrY_Q3vUCKiSPajJ-PuaQP-YozYo&usp=sharing,45.4334061,12.3394829,,,,1:58:54,Italy
it-0231,Italy,Veneto,Venice,Venice,"Venice, Italy 4K Early Morning Walking Tour (2025)",venice-early-morning-walk-2025,venice-early-morning-walk-2025,day-walk,"waterfront, island, historic-center, world-heritage-site",2025-02-25,2025,,,,https://youtu.be/GDaa84xtdmc,https://www.google.com/maps/d/edit?mid=1SFxpi9N50yIYF1KIgdekR3RC3lfZCKs&usp=sharing ,45.4372415,12.3338949,,,,0:29:57,Italy
it-0232,Italy,Veneto,Venice,Venice,"Venice, Italy 4K Carnival Long Walking Tour (2025)",venice-carnival-long-day-walk-2025,venice-carnival-long-day-walk-2025,day-walk,"waterfront, island, historic-center, world-heritage-site",2025-02-22,2025,,,,https://youtu.be/tljYEocVcvM,https://www.google.com/maps/d/edit?mid=19Eoi-6nkOWvCQ5tidvKDs0t-9l0DbpQ&usp=sharing,45.4370843,12.3337796,,,,7:57:06,Italy
it-0233,Italy,Veneto,Venice,Venice,"Venice, Italy 4K Live Walking Tour (2018)",venice-live-day-walk-2018,venice-live-day-walk-2018,day-walk,"waterfront, island, historic-center, world-heritage-site",2018-12-01,2018,,,,https://youtube.com/live/8oTB_6nGqWg,,45.4332086,12.3398751,,,,0:12:56,Italy
it-0234,Italy,Veneto,Venice,Venice,"Venice, Italy 4K Live Walking Tour (2019)",venice-live-day-walk-2019,venice-live-day-walk-2019,day-walk,"waterfront, island, historic-center, world-heritage-site",2019-02-09,2019,,,,https://youtube.com/live/UHJ0SEIdA2o,,45.4399362,12.3337878,,,,0:10:16,Italy
it-0235,Italy,Veneto,Venice,Venice,"Venice, Italy 4K 360 VR Tour",venice-360-tour-2024,,360-tour,"waterfront, island, world-heritage-site",2024-09-17,2024,,,,https://youtu.be/RXx8n9IZDl4,https://www.google.com/maps/d/edit?mid=1gpJJOadM_19AbzcgTOb9UtiWOSndr98&usp=sharing,45.4386177,12.3190095,,,,3:22:22,Italy
it-0236,Italy,Molise,Saepinum,Saepinum,"Saepinum, Italy 4K Roman Ruins Walking Tour (2022)",saepinum-day-walk-2022,,day-walk,"ancient-site, roman-ruins, archaeological-site",2022-07-21,2022,,,,https://youtu.be/Ac7Ykww2uSo,https://www.google.com/maps/d/edit?mid=1VXQa9Jpj32HiLMpSf6f5YRNKzIAHB9I&usp=sharing,41.4321306,14.6166839,,,,1:01:42,Italy
it-0237,Italy,Sardinia,Alghero,Alghero,"Alghero, Italy 4K Evening Walk (2021)",alghero-evening-walk-2021,,evening-walk,coastal,2021-08-06,2021,,,,https://youtu.be/bn7pzk7J5vA,https://www.google.com/maps/d/edit?mid=1c6gKnZXQfvvRrE6AHbr_onNmdFJMn6xw&usp=sharing,40.5606927,8.3148206,,,,1:14:19,Italy
it-0238,Italy,Sardinia,Alghero,Alghero,"Alghero, Italy 4K Bike Tour (2021)",alghero-bike-tour-2021,,bike-tour,coastal,2021-08-06,2021,,,,https://youtu.be/UUZhT6o6l68,https://www.google.com/maps/d/u/0/edit?mid=1-rvq66UcCfvojeEHHqUQozvtscBqEac&usp=sharing,40.5765779,8.3143655,,,,1:27:39,Italy
it-0239,Italy,Sardinia,Alghero,Alghero,"Alghero, Italy 4K Walking Tour (2021)",alghero-day-walk-2021,,day-walk,coastal,2021-08-06,2021,,,,https://youtu.be/k79zvrEYm_g,https://www.google.com/maps/d/u/0/edit?mid=1nyoFG0SmusMdQ7YNrTRA6GAMdVeLxiM&usp=sharing,40.5604444,8.3146143,,,,1:23:03,Italy
it-0240,Italy,Sardinia,Cagliari,Cagliari,"Cagliari, Italy 4K Evening Walk (2021)",cagliari-evening-walk-2021,,evening-walk,coastal,2021-08-08,2021,,,,https://youtu.be/j_RkDWhWeds,https://www.google.com/maps/d/u/0/edit?mid=1tZgnk16VjK9qdWt7C81ohaQ86PQKr7h2&usp=sharing ,39.2194516,9.1090921,,,,1:04:41,Italy
it-0241,Italy,Sardinia,Cagliari,Cagliari,"Cagliari, Italy 4K Walking Tour (2021)",cagliari-day-walk-2021,,day-walk,coastal,2021-08-09,2021,,,,https://youtu.be/lMbCJA-svYM,https://www.google.com/maps/d/u/0/edit?mid=1jJ3XBEZByOV_tXectYLZXCO9lQSIb9JP&usp=sharing,39.2155302,9.1168379,,,,2:12:07,Italy
it-0242,Italy,Lazio,Civita di Bagnoregio,Civita di Bagnoregio,"Civita di Bagnoregio, Italy 4K Walking Tour (2018)",civita-di-bagnoregio-day-walk-2018,,day-walk,"historic-center, old-town",2018-11-10,2018,,,,https://youtu.be/oEB3BBiIe3c,https://www.google.com/maps/d/u/0/edit?mid=1upu7pmtTixYt-mKDMzkP0nBUg40rdDt8&usp=sharing,42.6257148,12.1077845,,,,0:58:26,Italy
it-0243,Italy,Lazio,Civita di Bagnoregio,Civita di Bagnoregio,"Civita di Bagnoregio, Italy 4K Walking Tour (2021)",civita-di-bagnoregio-day-walk-2021,,day-walk,"historic-center, old-town",2021-08-02,2021,,,,https://youtu.be/vQBaN2kBrbk,https://www.google.com/maps/d/u/0/edit?mid=1XZbhYEHx-Hl-45ACUZW0VqGMuYVK-f38&usp=sharingg,42.6257582,12.1054552,,,,1:29:07,Italy
it-0244,Italy,Lazio,Civita di Bagnoregio,Civita di Bagnoregio,"Civita di Bagnoregio, Italy 4K Drone Tour",civita-di-bagnoregio-drone-tour,civita-di-bagnoregio-drone-tour,drone-tour,old-town,,,,,,https://youtu.be/Jy1_kcaZ2OY,,42.6278521,12.1139308,,,,0:02:15,Italy
it-0245,Italy,Lazio,Garden of Ninfa,Garden of Ninfa,"Garden of Ninfa, Italy 4K Walking Tour (2019)",garden-of-ninfa-day-walk-2019,,day-walk,,2019-04-07,2019,,,,https://youtu.be/gr6NflJhcJo,https://www.google.com/maps/d/u/0/edit?mid=1RuRDoZJMEhRiiASNl4zVTOugV-oNMaW1&usp=sharing,41.5817991,12.9527506,,,,0:37:56,Italy
it-0246,Italy,Lazio,Garden of Ninfa,Garden of Ninfa,"Garden of Ninfa, Italy 4K Drone Tour",garden-of-ninfa-drone-tour-2019,,drone-tour,,2019-04-07,2019,,,,https://youtu.be/7nzu9k78jWU,,41.5814282,12.9543214,,,,0:02:37,Italy
it-0247,Italy,Lazio,Hadrian's Villa,Hadrian's Villa,"Hadrian's Villa, Italy 4K Roman Ruins Walking Tour (2021)",hadrian-s-villa-day-walk-2021,,day-walk,"ancient-site, roman-ruins, archaeological-site",2021-05-22,2021,,,,https://youtu.be/8IzED5n3uZs,https://www.google.com/maps/d/u/0/edit?mid=1yT_ZFnZWcVcESX7ZUgeOhEavrxRpIKT2&usp=sharing,41.9433265,12.7736595,,,,1:49:50,Italy
it-0248,Italy,Lazio,Ostia Antica,Ostia Antica,"Ostia Antica, Italy 4K Roman Ruins Walking Tour (2021)",ostia-antica-day-walk-2021,,day-walk,"ancient-site, roman-ruins, archaeological-site",2021-07-02,2021,,,,https://youtu.be/l7vuIzECnak,https://www.google.com/maps/d/edit?mid=1uaQucdphDzFwOY0i3eJtKwyevooC8qea&usp=sharing,41.758173,12.2975406,,,,2:41:30,Italy
it-0249,Italy,Lazio,Ponza,Ponza,"Ponza, Italy 4K 7am Island Tour Walking Tour (2018)",ponza-morning-day-walk-2018,ponza-morning-day-walk-2018,day-walk,"coastal, island",2018-06-23,2018,,,,https://youtu.be/UMVJxk98lzI,,40.8963219,12.9589168,,,,0:35:52,Italy
it-0250,Italy,Lazio,Ponza,Ponza,"Ponza, Italy 4K 10am Island Tour Walking Tour (2018)",ponza-day-walk-2018,ponza-day-walk-2018,day-walk,"coastal, island",2018-06-23,2018,,,,https://youtu.be/TGgTcCfNHww,,40.8961575,12.9589919,,,,0:52:59,Italy
it-0251,Italy,Lazio,Ponza,Ponza,"Ponza, Italy 4K 7pm Island Tour Walking Tour (2018)",ponza-evening-walk-2018,ponza-evening-walk-2018,day-walk,"coastal, island",2018-06-22,2018,,,,https://youtu.be/3FrvtihiLJk,,40.8959953,12.9590703,,,,0:43:51,Italy
it-0252,Italy,Lazio,Ponza,Ponza,"Ponza, Italy 4K 10pm Island Tour Walking Tour (2018)",ponza-night-walk-2018,ponza-night-walk-2018,day-walk,"coastal, waterfront, island",2018-06-22,2018,,,,https://youtu.be/8wYWSz_azdM,,40.8958275,12.9591446,,,,0:27:21,Italy
it-0253,Italy,Lazio,Ponza,Ponza,"Ponza, Italy 4K Boat Tour",ponza-boat-tour,ponza-boat-tour,boat-tour,"coastal, waterfront, island",,,,,,https://youtu.be/Mh-MCn-keZE,,40.8949412,12.9614996,,,,0:02:11,Italy
it-0254,Italy,Lazio,Rome,Rome,"Rome, Italy 4K Walking Tour (No Captions) (2017)",rome-day-walk-2017,,day-walk,"historic-center, world-heritage-site",2017-10-21,2017,,,,https://youtu.be/b-1GGWLJMNM,https://www.google.com/maps/d/u/0/edit?mid=1I9lRn35kUgjYEWKL4RwVAAV59xJygUyB&usp=sharing,41.9117029,12.4761122,,,,5:51:01,Italy
it-0255,Italy,Lazio,Rome,Rome,"Rome, Italy 4K Walking Tour (2017)",rome-day-walk-with-captions-2017,rome-day-walk-with-captions-2017,day-walk,"historic-center, world-heritage-site",2017-10-21,2017,,,,https://youtu.be/vK928kqYUPI,https://www.google.com/maps/d/u/0/edit?mid=1I9lRn35kUgjYEWKL4RwVAAV59xJygUyB&usp=sharing,41.9116265,12.4757739,,,,5:53:00,Italy
it-0256,Italy,lazio,Rome,Rome,"Rome, Italy 4K Castel Sant'Angelo Tour Walking Tour (2021)",rome-castel-sant-angelo-day-walk-2021,rome-castel-sant-angelo-day-walk-2021,day-walk,"historic-center, world-heritage-site",2021-07-03,2021,,,,https://youtu.be/idVpTd_QWpQ,https://www.google.com/maps/d/u/0/edit?mid=1-wbUMcY_C8zh6jBctkN3HuYWpISGGS4&usp=sharing,41.9006306,12.4665596,,,,0:12:15,Italy
it-0257,Italy,Lazio,Rome,Rome,"Rome, Italy 4K Circus Maximus Bike Tour (2020)",rome-circus-maximus-bike-tour-2020,rome-circus-maximus-bike-tour-2020,bike-tour,"ancient-site, roman-ruins, amphitheater, historic-center, world-heritage-site",2020-06-03,2020,,,,https://youtu.be/0yoFn9d_lmo,,41.8873167,12.4828138,,,,0:09:44,Italy
it-0258,Italy,Lazio,Rome,Rome,"Rome, Italy 4K Colosseum Walking Tour (2017)",rome-colosseum-day-walk-2017,rome-colosseum-day-walk-2017,day-walk,"ancient-site, roman-ruins, archaeological-site, amphitheater, historic-center, world-heritage-site",2017-09-23,2017,,,,https://youtu.be/eJeF7hDB0UA,,41.891281,12.4912091,,,,1:00:06,Italy
it-0259,Italy,Lazio,Rome,Rome,"Rome, Italy 4K Walking Tour (Part 1) (2017)",rome-day-walk-part-1-2017,rome-day-walk-part-1-2017,day-walk,"historic-center, world-heritage-site",2017-10-21,2017,,,,https://youtu.be/Qi6IjV1EyUM,,41.9116662,12.4759486,,,,0:13:58,Italy
it-0260,Italy,Lazio,Rome,Rome,"Rome, Italy 4K Walking Tour (Part 2) (2017)",rome-day-walk-part-2-2017,rome-day-walk-part-2-2017,day-walk,"historic-center, world-heritage-site",2017-10-21,2017,,,,https://youtu.be/8JwhEk8RqMA,,41.9059569,12.4821488,,,,0:15:19,Italy
it-0261,Italy,Lazio,Rome,Rome,"Rome, Italy 4K Walking Tour (Part 3) (2017)",rome-day-walk-part-3-2017,rome-day-walk-part-3-2017,day-walk,"historic-center, world-heritage-site",2017-10-21,2017,,,,https://youtu.be/YpnSAhs4hUY,,41.9008714,12.4833462,,,,0:21:10,Italy
it-0262,Italy,Lazio,Rome,Rome,"Rome, Italy 4K Walking Tour (Part 4) (2017)",rome-day-walk-part-4-2017,rome-day-walk-part-4-2017,day-walk,"historic-center, world-heritage-site",2017-10-21,2017,,,,https://youtu.be/f8gCtF5J6RA,,41.8992769,12.476872,,,,0:15:17,Italy
it-0263,Italy,Lazio,Rome,Rome,"Rome, Italy 4K Walking Tour (Part 5) (2017)",rome-day-walk-part-5-2017,rome-day-walk-part-5-2017,day-walk,"historic-center, world-heritage-site",2017-10-21,2017,,,,https://youtu.be/xmC4B69Wh74,,41.8999096,12.4730131,,,,0:22:38,Italy
it-0264,Italy,Lazio,Rome,Rome,"Rome, Italy 4K Appian Way Bike Tour (2020)",rome-appian-way-bike-tour-2020,rome-appian-way-bike-tour-2020,bike-tour,"ancient-site, roman-ruins, historic-center, world-heritage-site",2020-06-07,2020,,,,https://youtu.be/6n5Fq24C5D0,https://www.google.com/maps/d/u/0/edit?mid=1L0sfbXkYbiiVuQKL_omc_ul9X1QI9vc&usp=sharing,41.8738724,12.5013464,,,,1:04:12,Italy
it-0265,Italy,Lazio,Rome,Rome,"Rome, Italy 4K Appian Way Bike Tour (2021)",rome-appian-way-bike-tour-2021,rome-appian-way-bike-tour-2021,bike-tour,"ancient-site, roman-ruins, historic-center, world-heritage-site",2021-05-08,2021,,,,https://youtu.be/ogWKnHSTEN0,https://www.google.com/maps/d/u/0/edit?mid=1Umbv7t9GdQfY9JjIjO7eYEKsf2ZZM2L1&usp=sharing ,41.8562591,12.5160377,,,,1:35:49,Italy
it-0266,Italy,Lazio,Rome,Rome,"Rome, Italy 4K Appian Way Bike Fail",rome-appian-way-bike-fail,rome-appian-way-bike-fail,bike-tour,"ancient-site, roman-ruins, historic-center, world-heritage-site",,,,,,https://youtu.be/hffiybSPmEg,,41.8541848,12.5182906,,,,0:00:50,Italy
it-0267,Italy,Lazio,Rome,Rome,"Rome, Italy 4K Roman Forum & Palatine Hill Walking Tour (2022)",rome-roman-forum-palatine-hill-day-walk-2022,rome-roman-forum-palatine-hill-day-walk-2022,day-walk,"ancient-site, roman-ruins, archaeological-site, historic-center, world-heritage-site",2022-05-13,2022,,,,https://youtu.be/SkCV7czZq6U,https://www.google.com/maps/d/edit?mid=1N9ZEPfoVwgd0L_T74AP5XW5RbxVw4y0&usp=sharing,41.8924578,12.4836154,,,,3:09:04,Italy
it-0268,Italy,Lazio,Rome,Rome,"Rome, Italy 4K Roman Forum Narrated Walking Tour (2017)",rome-roman-forum-narrated-day-walk-2017,rome-roman-forum-narrated-day-walk-2017,day-walk,"ancient-site, roman-ruins, archaeological-site, historic-center, world-heritage-site",2017-09-23,2017,,,,https://youtu.be/k4P5W1DKTBI,https://www.google.com/maps/d/u/0/edit?mid=1aWn5IgwI9hf1TuPa99xjYkA7q7NegYsK&usp=sharing,41.8906296,12.4886765,,,,0:51:01,Italy
it-0269,Italy,Lazio,Rome,Rome,"Rome, Italy 4K Roman Forum Walking Tour (2017)",rome-roman-forum-day-walk-2017,rome-roman-forum-day-walk-2017,day-walk,"ancient-site, roman-ruins, archaeological-site, historic-center, world-heritage-site",2017-09-23,2017,,,,https://youtu.be/hWHr-RlJqWU,https://www.google.com/maps/d/u/0/edit?mid=1zblmrgzjiTz116610RVyEwLVx5pv1XM&usp=sharing,41.890547,12.4883194,,,,0:49:45,Italy
it-0270,Italy,Lazio,Rome,Rome,"Rome, Italy 4K Mouth of Truth Tour Walking Tour",rome-mouth-of-truth-day-walk,rome-mouth-of-truth-day-walk,day-walk,"historic-center, world-heritage-site",2021-07-04,2021,,,,https://youtu.be/juymjYFvrHE,https://www.google.com/maps/d/u/0/edit?mid=1VnN7CvKaICjlpMj40ucMv7mX-snhvY0&usp=sharing,41.888247,12.4814571,,,,0:08:03,Italy
it-0271,Italy,Lazio,Rome,Rome,"Rome, Italy 4K Palatine Hill Walking Tour",rome-palatine-hill-day-walk-2018,rome-palatine-hill-day-walk-2018,day-walk,"ancient-site, roman-ruins, archaeological-site, historic-center, world-heritage-site",,,,,,https://youtu.be/JeApHXIiLbo,https://www.google.com/maps/d/u/0/edit?mid=1dq7VnoZkQSZ7QXrUfgw5XlIQsnftWps&usp=sharing,41.8878059,12.4899421,,,,0:55:46,Italy
it-0272,Italy,lazio,Rome,Rome,"Rome, Italy 4K Pantheon Morning Walking Tour (2024)",rome-pantheon-morning-walk-2024,rome-pantheon-morning-walk-2024,day-walk,"historic-center, world-heritage-site",2024-05-20,2024,,,,https://youtu.be/hF6H5B-uCiQ,https://www.google.com/maps/d/u/0/edit?mid=18WwTKfn9TasPd0ZjMuuFMRzzACVNcWI&usp=sharing,41.8993435,12.4771012,,,,0:28:27,Italy
it-0273,Italy,Lazio,Rome,Rome,"Rome, Italy 4K Pantheon at Night (2024)",rome-pantheon-evening-walk-2024,rome-pantheon-evening-walk-2024,evening-walk,"historic-center, world-heritage-site",2024-05-17,2024,,,,https://youtu.be/q_Qv2y_CZk8,,41.899423,12.4773948,,,,0:15:24,Italy
it-0274,Italy,Lazio,Rome,Rome,"Rome, Italy 4K Piazza Navona Morning Walking Tour (2024)",rome-piazza-navona-morning-walk-2024,rome-piazza-navona-morning-walk-2024,day-walk,"historic-center, world-heritage-site",2024-05-17,2024,,,,https://youtu.be/62bQ8idpEPw,https://www.google.com/maps/d/u/0/edit?mid=1Fu2vo2IFtocv0jC2gmSm4Wd4xG-qilY&usp=sharing ,41.8991898,12.4737981,,,,0:14:02,Italy
it-0275,Italy,Lazio,Rome,Rome,"Rome, Italy 4K Piazza Navona Market Walking Tour (2019)",rome-piazza-navona-market-day-walk-2019,rome-piazza-navona-market-day-walk-2019,day-walk,"historic-center, world-heritage-site",2019-01-06,2019,,,,https://youtu.be/8VoZDct2OwI,,41.8985779,12.4731436,,,,0:30:06,Italy
it-0276,Italy,Lazio,Rome,Rome,"Rome, Italy 4K Piazza Navona Evening Walk (2024)",rome-piazza-navona-evening-walk-2024,rome-piazza-navona-evening-walk-2024,evening-walk,"historic-center, world-heritage-site",2024-05-17,2024,,,,https://youtu.be/iqc8-eAmn-8,https://www.google.com/maps/d/u/0/edit?mid=12x-3W0Z2PYg0aLXs5zUmXwle7MmJE0A&usp=sharing,41.9004001,12.4731542,,,,0:14:12,Italy
it-0277,Italy,Lazio,Rome,Rome,"Rome, Italy 4K Piazza Navona Bike Tour (2020)",rome-piazza-navona-bike-tour-2020,rome-piazza-navona-bike-tour-2020,bike-tour,"historic-center, world-heritage-site",2020-06-03,2020,,,,https://youtu.be/w2NDmdP5KZc,,41.900291,12.4731482,,,,0:05:04,Italy
it-0278,Italy,Lazio,Rome,Rome,"Rome, Italy 4K Walking Tour (2022)",rome-day-walk-2022,rome-day-walk-2022,day-walk,"historic-center, world-heritage-site",2021-05-14,2021,,,,https://youtu.be/uOJkVLwnCNI,https://www.google.com/maps/d/edit?mid=1zzTsqE1ZSlkRA2KBlw5AXWGo9kHsJr0&usp=sharing,41.9057728,12.4820791,,,,3:50:43,Italy
it-0279,Italy,Lazio,Rome,Rome,"Rome, Italy 4K Walking Tour (2024)",rome-day-walk-2024,,day-walk,"historic-center, world-heritage-site",2024-05-17,2024,,,,https://youtu.be/--v8TDp92Q0,https://www.google.com/maps/d/u/0/edit?mid=1wJj13at34jAU1c5G4p6r7o8WNvOVRZo&usp=sharing,41.9058746,12.4823795,,,,7:09:54,Italy
it-0280,Italy,Lazio,Rome,Rome,"Rome, Italy 4K Bike Tour (2020)",rome-bike-tour-2020,,bike-tour,"historic-center, world-heritage-site",2020-10-10,2020,,,,https://youtu.be/bdjUv2ctBQ4,https://www.google.com/maps/d/edit?mid=1b8ijRiT1cFCQRhivU21R1rWqZ7q_fdBp&usp=sharing,41.9109731,12.4762523,,,,2:58:02,Italy
it-0281,Italy,Lazio,Rome,Rome,"Rome, Italy 4K Tiber River Bike Tour (2020)",rome-tiber-river-bike-tour-2020,rome-tiber-river-bike-tour-2020,bike-tour,"waterfront, historic-center, world-heritage-site",2020-06-06,2020,,,,https://youtu.be/GXTW_mIC2po,https://www.google.com/maps/d/u/0/edit?mid=1BTJqayI7Hitrm3GTr8pup0SVvgS5ZAN3&usp=sharing,41.8838218,12.4739003,,,,0:51:32,Italy
it-0282,Italy,Lazio,Rome,Rome,"Rome, Italy 4K Aqueduct Park Bike Tour (2020)",rome-aqueduct-park-bike-tour-2020,rome-aqueduct-park-bike-tour-2020,bike-tour,"historic-center, world-heritage-site",2020-06-07,2020,,,,https://youtu.be/CDRwAU-Nz9o,https://www.google.com/maps/d/u/0/edit?mid=1mKWdrx-QZxrEMtVBXzNpbP38n7d1XMQ&usp=sharing,41.8449126,12.559745,,,,0:27:54,Italy
it-0283,Italy,Lazio,Rome,Rome,"Rome, Italy 4K Morning Walking Tour (2019)",rome-day-walk-2019,,day-walk,"historic-center, world-heritage-site",2019-01-06,2019,,,,https://youtu.be/x-Cgkgj5KR0,,41.9060186,12.4832216,,,,0:23:14,Italy
it-0284,Italy,Lazio,Rome,Rome,"Rome, Italy 4K Evening Walk (2020)",rome-evening-walk-2020,,evening-walk,"historic-center, world-heritage-site",2020-10-10,2020,,,,https://youtu.be/Gy6fDx9L-zk,https://www.google.com/maps/d/u/0/edit?mid=1spT_-8M06l61T3wjC6B2JXzctCXpZaAD&usp=sharing,41.9018613,12.466431,,,,2:37:54,Italy
it-0285,Italy,Lazio,Rome,Rome,"Rome, Italy 4K Evening Walk (2021)",rome-evening-walk-2021,,evening-walk,"historic-center, world-heritage-site",2021-07-03,2021,,,,https://youtu.be/PrkU8ECRxZ8,https://www.google.com/maps/d/u/0/edit?mid=154yzADm7vY-e06NMUkeCsbW4-g29yUKB&usp=sharing,41.9007461,12.4836954,,,,2:38:36,Italy
it-0286,Italy,Lazio,Rome,Rome,"Rome, Italy 4K Evening Walk (2022)",rome-evening-walk-2022,,evening-walk,"historic-center, world-heritage-site",2022-05-13,2022,,,,https://youtu.be/ZEFUaNTUa6g,https://www.google.com/maps/d/u/0/edit?mid=1gK-qAeMG1uxLYZYkLHOz53QL7IcTFTUK&usp=sharing,41.9008659,12.4836552,,,,2:27:20,Italy
it-0287,Italy,Lazio,Rome,Rome,"Rome, Italy 4K Evening Walk (2024)",rome-evening-walk-2024,,evening-walk,"historic-center, world-heritage-site",2024-05-17,2024,,,,https://youtu.be/ew3skC_9FZI,https://www.google.com/maps/d/u/0/edit?mid=1eyBMsjugacCiAvKt0JmBVP72F0YKgyU&usp=sharing ,41.9061248,12.4831326,,,,4:38:20,Italy
it-0288,Italy,Lazio,Rome,Rome,"Rome, Italy 4K Spanish Steps Morning Walking Tour (2024)",rome-spanish-steps-morning-walk-2024,rome-spanish-steps-morning-walk-2024,day-walk,"historic-center, world-heritage-site",2024-05-17,2024,,,,https://youtu.be/95F8FE9pWr0,https://www.google.com/maps/d/u/0/edit?mid=1WEOUF9FLMxMBk2DVOW_ymIUZhrLrvVs&usp=sharing,41.9057158,12.4823198,,,,0:18:17,Italy
it-0289,Italy,Lazio,Rome,Rome,"Rome, Italy 4K Trastevere Evening Walk (2021)",rome-trastevere-evening-walk-2021,rome-trastevere-evening-walk-2021,evening-walk,"historic-center, world-heritage-site",2021-07-04,2021,,,,https://youtu.be/ZIiOwKETKA8,https://www.google.com/maps/d/u/0/edit?mid=1-r7eTZ8swFQuXbPeBuiqKtPKCHTbiscn&usp=sharing,41.8923688,12.4707617,,,,0:38:04,Italy
it-0290,Italy,lazio,Rome,Rome,"Rome, Italy 4K Trevi Fountain Morning Walking Tour (2024)",rome-trevi-fountain-morning-walk-2024,rome-trevi-fountain-morning-walk-2024,day-walk,"historic-center, world-heritage-site",2024-05-20,2024,,,,https://youtu.be/ijlCQwlvPpw,https://www.google.com/maps/d/u/0/edit?mid=1e1DU7QnfTK7YJ9ptg3bIKUXZs3Po_Cg&usp=sharing ,41.9010582,12.4835467,,,,0:13:33,Italy
it-0291,Italy,Lazio,Rome,Rome,"Rome, Italy 4K Trevi Fountain at Night (2024)",rome-trevi-fountain-evening-walk-2024,rome-trevi-fountain-evening-walk-2024,evening-walk,"historic-center, world-heritage-site",2024-05-17,2024,,,,https://youtu.be/QF4oUSToWKw,,41.9009347,12.4830582,,,,0:11:41,Italy
it-0292,Italy,Lazio,Rome,Rome,"Rome, Italy 4K Colosseum 360 VR Tour",rome-colosseum-360-tour-2024,rome-colosseum-360-tour-2024,360-tour,"ancient-site, roman-ruins, archaeological-site, amphitheater, world-heritage-site",2024-05-20,2024,,,,https://youtu.be/4IRFPVRM7_Y,https://www.google.com/maps/d/u/0/edit?mid=1gDUgNZ4VAkKHBNo7HmKJXdHDoB3CDWw&usp=sharing,41.8905933,12.4906915,,,,0:59:54,Italy
it-0293,Italy,Lazio,Rome,Rome,"Rome, Italy 4K Live Tour Walking Tour",rome-live-day-walk-2024,rome-live-day-walk-2024,day-walk,"historic-center, world-heritage-site",2024-05-19,2024,,,,https://youtube.com/live/RnIe3w1ExHU,,41.9059577,12.4826189,,,,1:45:31,Italy
it-0294,Italy,Lazio,Rome,Rome,"Rome, Italy 4K 360 VR Bike Tour",rome-bike-tour-2024,,bike-tour,"historic-center, world-heritage-site",2024-06-04,2024,,,,https://youtu.be/jEWKbIRZG1A,https://www.google.com/maps/d/u/0/edit?mid=15QH_lAWHJki6pHe9LyZaz882YZivBGk&usp=sharing,41.9023939,12.4626067,,,,2:56:56,Italy
it-0295,Italy,Lazio,Rome,Rome,"Rome, Italy 4K Ara Pacis Museum Walking Tour",rome-day-walk-2018,,day-walk,"ancient-site, roman-ruins, archaeological-site, historic-center, world-heritage-site",2018-03-24,2018,,,,https://youtu.be/pFq2TOq18dQ,,41.9058444,12.4753873,,,,0:08:16,Italy
it-0296,Italy,Lazio,Rome,Rome,"Rome, Italy 4K Fincato The House of Habano Tobacco Shop Tour",rome-day-walk-2021,,day-walk,world-heritage-site,2021-07-03,2021,,,,https://youtu.be/IKBCbG6b2CU,,41.9005144,12.4795024,,,,0:08:22,Italy
it-0297,Italy,Lazio,Sasseto Forest,Sasseto Forest,"Sasseto Forest, Italy 4K Nature Walking Tour (2017)",sasseto-forest-hike-2017,,hike,,2017-12-03,2017,,,,https://youtu.be/PgKiEheXoqA,,42.7591465,11.9468584,,,,0:22:29,Italy
it-0298,Italy,Lazio,Sermoneta,Sermoneta,"Sermoneta, Italy 4K Walking Tour (2018)",sermoneta-day-walk-2018,,day-walk,"historic-center, old-town",2018-05-27,2018,,,,https://youtu.be/HPAAtxin4kI,,41.5483981,12.9876808,,,,1:16:22,Italy
it-0299,Italy,Lazio,Sperlonga,Sperlonga,"Sperlonga, Italy 4K Walking Tour (2022)",sperlonga-day-walk-2022,,day-walk,coastal,2022-06-26,2022,,,,https://youtu.be/SguYGKfAvgs,https://www.google.com/maps/d/edit?mid=1orqevw6TTHxhS1YaeH2mYtz4W3kCAwY&usp=sharing,41.2571355,13.4370308,,,,1:28:01,Italy
it-0300,Italy,Lazio,Sperlonga,Sperlonga,"Sperlonga, Italy 4K Walking Tour (2025)",sperlonga-day-walk-2025,,day-walk,coastal,2025-06-07,2025,,,,https://youtu.be/xG5RihPULIc,https://www.google.com/maps/d/edit?mid=1i3pSDHGb0BsfeUrcU4Sr2FoOIuobtOQ&usp=sharing ,41.2570669,13.4368055,,,,1:27:19,Italy
it-0301,Italy,Lazio,The Vatican,The Vatican,"The Vatican, Italy 4K St. Peter's Basilica Walking Tour (2021)",the-vatican-day-walk-2021,,day-walk,world-heritage-site,2021-07-05,2021,,,,https://youtu.be/NvjtzKUaq-s,,41.9022086,12.4559377,,,,1:17:28,Italy
it-0302,Italy,Lazio,The Vatican,The Vatican,"The Vatican, Italy 4K St. Peter's Basilica Walking Tour (2017)",the-vatican-day-walk-2017,,day-walk,world-heritage-site,2017-10-21,2017,,,,https://youtu.be/0B54PR2kvWE,,41.9027156,12.4565171,,,,0:20:14,Italy
it-0303,Italy,Lazio,Villa Farnese,Villa Farnese,"Villa Farnese, Italy 4K Palace Walking Tour (2020)",villa-farnese-day-walk-2020,,day-walk,,2020-07-28,2020,,,,https://youtu.be/sfV0A-esgq4,https://www.google.com/maps/d/u/0/edit?mid=1Oelj7iAWEu7VpF8aMuYmEBy2E2uZwMIR&usp=sharing,42.3276449,12.2385122,,,,1:41:21,Italy
it-0304,Italy,Lazio,Villa Farnese,Villa Farnese,"Villa Farnese, Italy 4K Narrated Walking Tour (2020)",villa-farnese-narrated-day-walk-2020,villa-farnese-narrated-day-walk-2020,day-walk,,2020-07-28,2020,,,,https://youtu.be/p0s0j2jQ5NM,https://www.google.com/maps/d/u/0/edit?mid=1Oelj7iAWEu7VpF8aMuYmEBy2E2uZwMIR&usp=sharing,42.3286998,12.2370048,,,,1:41:21,Italy
it-0305,Italy,Sicily,Agrigento,Agrigento,"Agrigento, Italy 4K Greek Ruins Walking Tour (2020)",agrigento-day-walk-2020,,day-walk,"ancient-site, archaeological-site",2020-06-17,2020,,,,https://youtu.be/ddwST22X7Cc,https://www.google.com/maps/d/u/0/edit?mid=1YHNsJhI6YbJ4zyp1IN28cTfClVz9f5Zy&usp=sharing,37.2896529,13.6000815,,,,0:53:19,Italy
it-0306,Italy,Sicily,Catania,Catania,"Catania, Italy 4K Evening Walk (2020)",catania-evening-walk-2020,,evening-walk,"coastal, historic-center, world-heritage-site",2020-06-13,2020,,,,https://youtu.be/Y6X0okAoWwM,https://www.google.com/maps/d/u/0/edit?mid=1AekH_Mj7HDlwpfkI4OAbKGQ_Wj4cFVEn&usp=sharing,37.5107894,15.085482,,,,0:35:48,Italy
it-0307,Italy,Sicily,Catania,Catania,"Catania, Italy 4K Walking Tour (2020)",catania-day-walk-2020,,day-walk,"coastal, historic-center, world-heritage-site",2020-06-13,2020,,,,https://youtu.be/_Q-RLQnZOHM,https://www.google.com/maps/d/u/0/edit?mid=1bgFUxoU3RnHNBwjW197iYXIkEPCvUPPM&usp=sharing,37.502418,15.0873785,,,,3:54:57,Italy
it-0308,Italy,Sicily,Catania,Catania,"Catania, Italy 4K Fish Market Walking Tour (2020)",catania-fish-market-day-tour-2020,catania-fish-market-day-tour-2020,day-walk,"coastal, waterfront, historic-center, world-heritage-site",2020-06-13,2020,,,,https://youtu.be/33SKzgaqrk4,https://www.google.com/maps/d/u/0/edit?mid=1a28oWojkGigKbgQC7YCV2dYOFEXM7Q8z&usp=sharing,37.5022331,15.086959,,,,0:21:03,Italy
it-0309,Italy,Sicily,Catania,Catania,"Catania, Italy 4K Extra Footage Walking Tour",catania-extra-footage-day-walk,catania-extra-footage-day-walk,day-walk,"coastal, historic-center, world-heritage-site",,,,,,https://youtu.be/tfdwl9XM_98,,37.5018281,15.0870028,,,,0:22:48,Italy
it-0310,Italy,Sicily,Catania,Catania,"Catania, Italy 4K Evening Walk (2024)",catania-evening-walk-2024,,evening-walk,"coastal, historic-center, world-heritage-site",2024-05-25,2024,,,,https://youtu.be/sMacK6qOH7k,https://www.google.com/maps/d/u/0/edit?mid=1X91DnqepYIJeaHCDTk5-biaThUqP9vA&usp=sharing,37.5018553,15.0851701,,,,2:14:12,Italy
it-0311,Italy,Sicily,Catania,Catania,"Catania, Italy 4K Walking Tour (2024)",catania-day-walk-2024,,day-walk,"coastal, historic-center, world-heritage-site",2024-05-31,2024,,,,https://youtu.be/HmstT-5dOfk,https://www.google.com/maps/d/u/0/edit?mid=1ask6jHJ-NeDD3tgsYWfhu-Q997y4S6M&usp=sharing ,37.5027851,15.0873146,,,,5:07:14,Italy
it-0312,Italy,Sicily,Cefalu,Cefalu,"Cefalu, Italy 4K Walking Tour (2024)",cefalu-day-walk-2024,,day-walk,"coastal, historic-center, old-town",2024-05-23,2024,,,,https://youtu.be/SYwnibfhOm8,https://www.google.com/maps/d/u/0/edit?mid=1KP8Hj-B7WwkI_unZ3rFIEgxbIwbvuzc&usp=sharing ,38.0368841,14.0183904,,,,2:10:17,Italy
it-0313,Italy,Sicily,Cefalu,Cefalu,"Cefalu, Italy 4K Drone Tour 2020",cefalu-drone-tour,cefalu-drone-tour,drone-tour,"coastal, old-town",,,,,,https://youtu.be/4Xc7cCFcuSs,,38.039195,14.0185063,,,,0:02:12,Italy
it-0314,Italy,Sicily,Cefalu,Cefalu,"Cefalu, Italy 4K Walking Tour (2020)",cefalu-day-walk-2020,,day-walk,"coastal, historic-center, old-town",2020-06-24,2020,,,,https://youtu.be/szfG8qVQEys,https://www.google.com/maps/d/u/0/edit?mid=1wTo-wiYoonYFazPdypAf00yV0Lcx3AnL&usp=sharing,38.0373072,14.0189925,,,,1:29:46,Italy
it-0315,Italy,Sicily,Erice,Erice,"Erice, Italy 4K Walking Tour (2020)",erice-day-walk-2020,,day-walk,"historic-center, old-town",2020-06-22,2020,,,,https://youtu.be/_dsYp7akVIc,https://www.google.com/maps/d/u/0/edit?mid=1QEtBnFkhHBfMSgKLstym01tZBn2eiw0F&usp=sharing,38.0361682,12.5834757,,,,0:40:42,Italy
it-0316,Italy,Sicily,Ortigia,Ortigia,"Ortigia, Italy 4K Walking Tour (2020)",ortigia-day-walk-2020,,day-walk,"coastal, waterfront, island",2020-06-15,2020,,,,https://youtu.be/0BkAHkXf1zc,https://www.google.com/maps/d/u/0/edit?mid=1pRxr6oftdi552ZAep_pI2MPmvKHublP2&usp=sharing,37.0648194,15.2903683,,,,1:34:32,Italy
it-0317,Italy,Sicily,Ortigia,Ortigia,"Ortigia, Italy 4K Evening Walk (2020)",ortigia-evening-walk-2020,,evening-walk,"coastal, waterfront, island",2020-06-15,2020,,,,https://youtu.be/8AooyfiG-d0,https://www.google.com/maps/d/edit?mid=1BHgVfU9EkBShYWgRzDn_b9gM0sNRDdBk&usp=sharing,37.0649834,15.2904111,,,,1:14:28,Italy
it-0318,Italy,Sicily,Palermo,Palermo,"Palermo, Italy 4K Walking Tour (2020)",palermo-day-walk-2020,,day-walk,"coastal, historic-center",2020-06-21,2020,,,,https://youtu.be/MTG3VA-m6qk,https://www.google.com/maps/d/u/0/edit?mid=1Fo6o7REOGAS09ToFysZpoBt7PL-J3WAv&usp=sharing,38.1101494,13.3650702,,,,3:27:27,Italy
it-0319,Italy,Sicily,Palermo,Palermo,"Palermo, Italy 4K Evening Walk (2020)",palermo-saturday-evening-walk-2020,palermo-saturday-evening-walk-2020,evening-walk,"coastal, historic-center",2020-06-20,2020,,,,https://youtu.be/osGVjQzUb-8,https://www.google.com/maps/d/u/0/edit?mid=1ZevLa87968eOJ_LTUtFHpDMxSaZ2Zvm-&usp=sharing,38.1133805,13.3556945,,,,0:36:23,Italy
it-0320,Italy,Sicily,Palermo,Palermo,"Palermo, Italy 4K Bike Tour (2020)",palermo-bike-tour-2020,,bike-tour,"coastal, historic-center",2020-06-21,2020,,,,https://youtu.be/Qkc5Xxy4L2g,https://www.google.com/maps/d/u/0/edit?mid=1CjvK3gB2XsAU8AmPsyXkw9V69K3dBYOy&usp=sharing,38.1103802,13.3648903,,,,0:42:02,Italy
it-0321,Italy,Sicily,Palermo,Palermo,"Palermo, Italy 4K Ballarò Market Tour (2020)",palermo-ballaro-market-day-walk-2020,palermo-ballaro-market-day-walk-2020,day-walk,coastal,2020-07-14,2020,,,,https://youtu.be/LlYmFMR_yKo,,38.1106375,13.3636721,,,,0:18:14,Italy
it-0322,Italy,Sicily,Palermo,Palermo,"Palermo, Italy 4K Evening Walk (2020)",palermo-sunday-evening-walk-2020,palermo-sunday-evening-walk-2020,evening-walk,"coastal, historic-center",2020-06-21,2020,,,,https://youtu.be/2Xn0NCwLF2k,https://www.google.com/maps/d/u/0/edit?mid=1Wcu-1nL2XDJdBP-JuY3zdBX4EO3Op9M&usp=sharing,38.115386,13.3616816,,,,0:44:39,Italy
it-0323,Italy,Sicily,Palermo,Palermo,"Palermo, Italy 4K Walking Tour (2024)",palermo-day-walk-2024,,day-walk,"coastal, historic-center",2024-06-02,2024,,,,https://youtu.be/ANmTIth9fT8,https://www.google.com/maps/d/u/0/edit?mid=1CfuZ281Xwws0uXDFnNG8jCgMoUXtWZ4&usp=sharing,38.1099331,13.365156,,,,5:41:26,Italy
it-0324,Italy,Sicily,Palermo,Palermo,"Palermo, Italy 4K Evening Tour (2024)",palermo-evening-walk-2024,,evening-walk,"coastal, historic-center",2024-05-31,2024,,,,https://youtu.be/Td0ybB2cXeM,https://www.google.com/maps/d/u/0/edit?mid=1Zv-7phMFjParJafYYiSbYpyiK7hEPDc&usp=sharing,38.1210502,13.3578115,,,,0:48:27,Italy
it-0325,Italy,Sicily,Ragusa,Ragusa,"Ragusa, Italy 4K Walking Tour (2020)",ragusa-day-walk-2020,,day-walk,"historic-center, old-town, world-heritage-site",2020-06-17,2020,,,,https://youtu.be/GVE9W1vr5k0,https://www.google.com/maps/d/u/0/edit?mid=15PhpI3lHb36v3qUCZae_BHefF10PpriI&usp=sharing,36.9253559,14.7348147,,,,1:03:34,Italy
it-0326,Italy,Sicily,San Vito to Erice,San Vito to Erice,"San Vito to Erice, Italy 4K Driving Timelapse (2020)",san-vito-to-erice-drive-tour-2020,,drive-tour,,2020-06-22,2020,,,,https://youtu.be/C_l3rnXppXw,https://www.google.com/maps/d/u/0/edit?mid=1XqYp-hiISm-lIPj7W8fvCLgLkX35Orz9&usp=sharing,38.1747281,12.7391714,,,,0:04:30,Italy
it-0327,Italy,Sicily,Taormina,Taormina,"Taormina, Italy 4K Walking Tour (2024)",taormina-day-walk-2024,,day-walk,"coastal, historic-center, old-town",2024-05-22,2024,,,,https://youtu.be/4CqfiWuEOzM,https://www.google.com/maps/d/edit?mid=1wNf_mYLIjQrXC9s0p1ZSDBDFzp39sTw&usp=sharin,37.8511298,15.281303,,,,2:45:14,Italy
it-0328,Italy,Sicily,Taormina,Taormina,"Taormina, Italy 4K Street Performance (2020)",taormina-street-performance-2020,taormina-street-performance-2020,day-walk,coastal,2020-06-14,2020,,,,https://youtu.be/g211nAbiRWA,,37.8517585,15.2859312,,,,0:04:08,Italy
it-0329,Italy,Sicily,Taormina,Taormina,"Taormina, Italy 4K Walking Tour (2020)",taormina-day-walk-2020,,day-walk,"coastal, historic-center, old-town",2020-06-14,2020,,,,https://youtu.be/hM-jmDHNMfI,https://www.google.com/maps/d/u/0/edit?mid=11QH5q259dceQkl0fATGZZljH3FCix5eW&usp=sharing,37.8511277,15.2816095,,,,1:26:17,Italy
it-0330,Italy,Sicily,Taormina,Taormina,"Taormina, Italy 4K Evening Walk (2024)",taormina-evening-walk-2024,,evening-walk,"coastal, historic-center, old-town",2024-05-23,2024,,,,https://youtu.be/_zVJO65AXlo,https://www.google.com/maps/d/u/0/edit?mid=1oYrlprBo5OAlFwfUEs-wKiVtYXQXAI4&usp=sharing,37.8515736,15.2857832,,,,1:44:30,Italy
it-0331,Italy,Sicily,Taormina,Taormina,"Taormina, Italy 4K 360 VR Tour",taormina-360-tour-2024,,360-tour,coastal,2024-05-22,2024,,,,https://youtu.be/oeJLc19ICGY,https://www.google.com/maps/d/u/0/edit?mid=1hBiXSTyuDHCF4H_iPSclfwp4LNVuh-w&usp=sharing,37.8510566,15.281462,,,,1:03:16,Italy
it-0332,Italy,Sicily,Trapani,Trapani,"Trapani, Italy 4K Walking Tour (2020)",trapani-day-walk-2020,,day-walk,coastal,2020-06-18,2020,,,,https://youtu.be/quj_Vz4JeLQ,https://www.google.com/maps/d/u/0/edit?mid=1c-1At65kUX5vxTQf9UZ_iL8cmXk1TG75&usp=sharing,38.0188193,12.5130781,,,,1:36:15,Italy
it-0333,Italy,Sicily,Trapani,Trapani,"Trapani, Italy 4K Bike Tour (2020)",trapani-bike-tour-2020,,bike-tour,coastal,2020-06-18,2020,,,,https://youtu.be/s5cURt4OpAg,,38.0200701,12.5157258,,,,0:14:31,Italy
it-0334,Italy,Sicily,Tripi,Tripi,"Tripi, Italy 4K Walking Tour (2020)",tripi-day-walk-2020,,day-walk,,2020-06-25,2020,,,,https://youtu.be/Cf0Xg5ff0Ow,,38.0499809,15.0993521,,,,1:14:41,Italy
it-0335,Italy,Puglia,Alberobello,Alberobello,"Alberobello, Italy 4K Walking Tour (2021)",alberobello-day-walk-2021,,day-walk,"historic-center, old-town, world-heritage-site",2021-07-29,2021,,,,https://youtu.be/xqGIgebjBgs,https://www.google.com/maps/d/u/0/edit?mid=1Dd5K-rthJJqdGunjKkZ3ewPhg6d0PmLD&usp=sharing,40.7835167,17.2380372,,,,1:20:43,Italy
it-0336,Italy,Puglia,Gallipoli,Gallipoli,"Gallipoli, Italy 4K Walking Tour (2021)",gallipoli-day-walk-2021,,day-walk,"coastal, historic-center, old-town",2021-07-30,2021,,,,https://youtu.be/3iNd4e0j4mE,https://www.google.com/maps/d/u/0/edit?mid=1wTov-M2svmxEKB7-soeBeXAWrwY5VBV3&usp=sharing,40.055243,17.980774,,,,1:34:41,Italy
it-0337,Italy,Puglia,Lecce,Lecce,"Lecce, Italy 4K Evening Walk (2021)",lecce-evening-walk-2021,,evening-walk,historic-center,2021-07-31,2021,,,,https://youtu.be/f0sA1xhKAEQ,https://www.google.com/maps/d/u/0/edit?mid=1EZhW_9lHiUrMA4mMumWZXn2DnieRKTSM&usp=sharing,40.3513717,18.1644144,,,,1:11:26,Italy
it-0338,Italy,Puglia,Otranto,Otranto,"Otranto, Italy 4K Walking Tour (2021)",otranto-day-walk-2021,,day-walk,"coastal, historic-center, old-town",2021-07-31,2021,,,,https://youtu.be/SWDsHlHmnY4,https://www.google.com/maps/d/u/0/edit?mid=1uk1JRqbuUDtxdh04xUr-ag3aMrHYdzRv&usp=sharing,40.1454641,18.495339,,,,1:07:24,Italy
it-0339,Italy,Puglia,Polignano a Mare,Polignano a Mare,"Polignano a Mare, Italy 4K Walking Tour (2019)",polignano-a-mare-day-walk-2019,,day-walk,coastal,2019-06-29,2019,,,,https://youtu.be/EBxw4VkKwjw,,40.9974807,17.2178096,,,,1:12:03,Italy
it-0340,Italy,Puglia,Polignano a Mare,Polignano a Mare,"Polignano a Mare, Italy 4K Walking Tour (2021)",polignano-a-mare-day-walk-2021,,day-walk,coastal,2021-08-14,2021,,,,https://youtu.be/4kp8DqgmejI,https://www.google.com/maps/d/u/0/edit?mid=1ZWObCuKIwPOQ88GBjegp_7bgiijMuvTi&usp=sharing,40.9976316,17.2178492,,,,1:34:07,Italy
it-0341,Italy,Lombardy,Bellagio,Bellagio,"Bellagio, Italy 4K Walking Tour (2022)",bellagio-day-walk-2022,,day-walk,"waterfront, historic-center",2022-07-09,2022,,,,https://youtu.be/o7XgU4ut6jQ,https://www.google.com/maps/d/u/0/edit?mid=1Z6faO-Xbq1guO39mvfEWdVqwUlcVE7w&usp=sharing,45.98576,9.2599536,,,,1:35:10,Italy
it-0342,Italy,Lombardy,Bellagio,Bellagio,"Bellagio, Italy 4K Evening Walk (2022)",bellagio-evening-walk-2022,,evening-walk,"waterfront, historic-center",2022-07-09,2022,,,,https://youtu.be/PTYY0n-aJjA,https://www.google.com/maps/d/u/0/edit?mid=1cH0xH6ZVH1jtvSxXQFXfS0s-XRG7O_4&usp=sharing,45.9856522,9.2601824,,,,1:00:32,Italy
it-0343,Italy,Lombardy,Como,Como,"Como, Italy 4K Evening Walk (2022)",como-evening-walk-2022,,evening-walk,waterfront,2022-07-10,2022,,,,https://youtu.be/foWAGOt7vqQ,https://www.google.com/maps/d/u/0/edit?mid=1lzQxSqtHVuH-NvFlmZwORHswpGSuNWI&usp=sharing,45.8184296,9.0812365,,,,0:58:50,Italy
it-0344,Italy,Lombardy,Menaggio,Menaggio,"Menaggio, Italy 4K Walking Tour (2022)",menaggio-day-walk-2022,,day-walk,waterfront,2022-07-09,2022,,,,https://youtu.be/CIdovxOot_w,https://www.google.com/maps/d/u/0/edit?mid=1o1NnjSaU2heufr08GqNleFK3p0ouFw0&usp=sharing,46.0192355,9.2382327,,,,0:54:12,Italy
it-0345,Italy,Lombardy,Milan,Milan,"Milan, Italy 4K Walking Tour (2023)",milan-day-walk-2023,,day-walk,historic-center,2023-07-10,2023,,,,https://youtu.be/npbU7nex0HM,https://www.google.com/maps/d/edit?mid=1sHy9YHm4sLjnnKlmvTOraimw9_FLDbs&usp=sharing,45.4641998,9.1895881,,,,3:38:37,Italy
it-0346,Italy,Lombardy,Milan,Milan,"Milan, Italy 4K Evening Walk (2023)",milan-evening-walk-2023,,evening-walk,historic-center,2023-07-10,2023,,,,https://youtu.be/eE65MVsnI4Y,https://www.google.com/maps/d/edit?mid=10NDtj1l3hHRushb_q1G3KXiuE5k99JY&usp=sharing ,45.4679285,9.1826134,,,,1:02:24,Italy
it-0347,Italy,Lombardy,Milan,Milan,"Milan, Italy 4K Grand Canal Evening Walk (2023)",milan-grand-canal-evening-walk-2023,milan-grand-canal-evening-walk-2023,evening-walk,"waterfront, historic-center",2023-07-09,2023,,,,https://youtu.be/T-QDHkW4hQw,https://www.google.com/maps/d/edit?mid=1E5Vuhd8hcHBpUg2KS5O_xIBmgaB-Ye0&usp=sharing,45.4523148,9.177071,,,,1:19:10,Italy
it-0348,Italy,Lombardy,Lake Como,Lake Como,"Lake Como, Italy 4K Bike Tour (2022)",lake-como-bike-tour-2022,,bike-tour,waterfront,2022-07-11,2022,,,,https://youtu.be/J_IqUBVf9sQ,https://www.google.com/maps/d/u/0/edit?mid=1RstvARHJSkdrqw1eZkfH7Rh32tsTZXU&usp=sharing,45.9824612,9.2233314,,,,2:36:11,Italy
it-0349,Italy,Lombardy,Varenna,Varenna,"Varenna, Italy 4K Walking Tour (2022)",varenna-day-walk-2022,,day-walk,"waterfront, historic-center",2022-07-10,2022,,,,https://youtu.be/aHbUxcfT9_M,https://www.google.com/maps/d/u/0/edit?mid=1e-Weng_FSFof-NGGsys5jm1YWvmhfws&usp=sharing,46.0144787,9.2824859,,,,1:02:52,Italy
it-0350,Italy,Liguria,Camogli,Camogli,"Camogli, Italy 4K Walking Tour (2023)",camogli-day-walk-2023,,day-walk,"coastal, waterfront, historic-center",2023-07-13,2023,,,,https://youtu.be/mTIT6AQqolg,https://www.google.com/maps/d/edit?mid=16MF2xQKuRjVQBNRztedtm6sgY8tu8dU&usp=sharing,44.3478595,9.1550771,,,,1:28:54,Italy
it-0351,Italy,Liguria,Corniglia,Corniglia,"Corniglia, Italy 4K Walking Tour (2020)",corniglia-day-walk-2020,,day-walk,"coastal, historic-center, world-heritage-site",2020-08-05,2020,,,,https://youtu.be/sUFIQzXu7S8,https://www.google.com/maps/d/edit?mid=1-yIYsBiXbGRrnwmvM72YCeA78ikZBxw&usp=sharing,44.1208952,9.7085815,,,,0:40:54,Italy
it-0352,Italy,Liguria,Genoa,Genoa,"Genoa, Italy 4K Walking Tour (2025)",genoa-day-walk-2025,,day-walk,"coastal, waterfront, historic-center",2025-09-06,2025,,,,https://youtu.be/YkXYzf9gWok,https://www.google.com/maps/d/u/0/edit?mid=1ObtZ_xWkSkl5bIvGBXW2WxY0uuf9GWg&usp=sharing,44.4111429,8.9274198,,,,4:40:47,Italy
it-0353,Italy,Liguria,Genoa,Genoa,"Genoa, Italy 4K Evening Walk (2025)",genoa-evening-walk-2025,,evening-walk,"coastal, waterfront, historic-center",2025-09-05,2025,,,,https://youtu.be/tIhKTBYKZZc,https://www.google.com/maps/d/edit?mid=1JamavbvHTjrQU7_-RPub7QjKsxweJvo&usp=sharing,44.4108957,8.9275164,,,,1:29:56,Italy
it-0354,Italy,Liguria,Genoa,Genoa,"Genoa, Italy 4K Street Performance",genoa-street-performance-2025,genoa-street-performance-2025,day-walk,"coastal, waterfront",2025-09-06,2025,,,,https://youtu.be/BfIgvh4JX48,,44.4125219,8.9288335,,,,0:06:09,Italy
it-0355,Italy,Liguria,Genoa,Genoa,"Genoa, Italy 4K Drone Tour (2025)",genoa-drone-tour-2025,genoa-drone-tour-2025,drone-tour,"coastal, waterfront",,,,,,https://youtu.be/O3IuN8BH8uk,,44.4101022,8.9285998,,,,0:05:13,Italy
it-0356,Italy,Liguria,Manarola,Manarola,"Manarola, Italy 4K Walking Tour (2020)",manarola-day-walk-2020,,day-walk,"coastal, historic-center, world-heritage-site",2020-08-04,2020,,,,https://youtu.be/QNdkI8BRats,https://www.google.com/maps/d/edit?mid=1LCBc1TEwyyLgMNd3-Xi7ADWViXa9xzY&usp=sharing,44.1070775,9.7310908,,,,0:51:33,Italy
it-0357,Italy,Liguria,Monterosso al Mare,Monterosso al Mare,"Monterosso al Mare, Italy 4K Walking Tour (2020)",monterosso-al-mare-day-walk-2020,,day-walk,"coastal, world-heritage-site",2020-08-06,2020,,,,https://youtu.be/L-CIQchiiv4,https://www.google.com/maps/d/edit?mid=1gRG2XeH269cs5TAZ7FrorWwETzv3NTY&usp=sharing,44.149524,9.6547516,,,,0:57:07,Italy
it-0358,Italy,Liguria,Nervi,Nervi,"Nervi, Italy 4K Walking Tour (2025)",nervi-day-walk-2025,,day-walk,coastal,2025-09-06,2025,,,,https://youtu.be/tfHjrhOQWpY,https://www.google.com/maps/d/edit?mid=19nfQg9xJe7ryPUUqj07elTrxlJJrEOQ&usp=sharing,44.3824734,9.0319224,,,,0:55:35,Italy
it-0359,Italy,Liguria,Portofino,Portofino,"Portofino, Italy 4K Walking Tour (2020)",portofino-day-walk-2020,,day-walk,"coastal, waterfront, historic-center",2020-08-02,2020,,,,https://youtu.be/AhYBDeW9CKE,https://www.google.com/maps/d/u/0/edit?mid=13JSlEQPJWnyGccbNETYWiBV2fwI0Y3B5&usp=sharing,44.303901,9.2078726,,,,1:51:42,Italy
it-0360,Italy,Liguria,Portofino,Portofino,"Portofino, Italy 4K Walking Tour (2023)",portofino-day-walk-2023,,day-walk,"coastal, waterfront, historic-center",2023-07-12,2023,,,,https://youtu.be/5AmywWunHGo,https://www.google.com/maps/d/edit?mid=1YlC-4usvwFqK8AxLbKap4Dhrhv1R26M&usp=sharing,44.3015443,9.2109677,,,,2:39:26,Italy
it-0361,Italy,Liguria,Portofino,Portofino,"Portofino, Italy 4K Morning Walking Tour (2023)",portofino-morning-walk-2023,portofino-morning-walk-2023,day-walk,"coastal, waterfront, historic-center",2023-07-14,2023,,,,https://youtu.be/T1VIKKBqsjw,https://www.google.com/maps/d/edit?mid=1BoiJl6IPSOUrkM5yHXeBEcCa_nl6eo4&usp=sharing,44.3015412,9.2113108,,,,1:07:35,Italy
it-0362,Italy,Liguria,Portofino,Portofino,"Portofino, Italy 4K Evening Walk (2020)",portofino-evening-walk-2020,,evening-walk,"coastal, waterfront, historic-center",2020-08-02,2020,,,,https://youtu.be/uYN6tPAaXwE,https://www.google.com/maps/d/edit?mid=19xi3W3jMei0_tGpBuR6CVRoIQCbKgkmF&usp=sharing,44.3037972,9.2080617,,,,0:26:16,Italy
it-0363,Italy,Liguria,Portofino,Portofino,"Portofino, Italy 4K Evening Walk (2023)",portofino-evening-walk-2023,,evening-walk,"coastal, waterfront, historic-center",2023-07-13,2023,,,,https://youtu.be/XTJjSwwVTio,https://www.google.com/maps/d/edit?mid=1XVf0fFkBFfh-rUvsfQpYCnR3cR1UKWI&usp=sharing,44.3039365,9.2080362,,,,2:05:50,Italy
it-0364,Italy,Liguria,Portofino,Portofino,"Portofino, Italy 4K 360 Tour (2020)",portofino-360-tour-2020,,360-tour,"coastal, waterfront, historic-center",2020-08-02,2020,,,,https://youtu.be/3zK7p4J2R-c,,44.303708,9.2081502,,,,0:19:03,Italy
it-0365,Italy,Liguria,Rapallo to Portofino,Rapallo to Portofino,"Rapallo to Portofino, Italy 4K Bike Tour (2020)",rapallo-to-portofino-bike-tour-2020,,bike-tour,"coastal, waterfront, historic-center",2020-08-02,2020,,,,https://youtu.be/sekm3BovZXA,,44.3481686,9.2268106,,,,0:39:27,Italy
it-0366,Italy,Liguria,Rapallo to Portofino,Rapallo to Portofino,"Rapallo to Portofino, Italy 4K Bike Tour (2025)",rapallo-to-portofino-bike-tour-2025,,bike-tour,"coastal, waterfront, historic-center",2025-09-07,2025,,,,https://youtu.be/HrPQrMX_A8E,https://www.google.com/maps/d/edit?mid=1wq1IkweSt3VYv33cAG6kLA5mCiKTgdc&usp=sharing ,44.3483225,9.2339599,,,,1:20:05,Italy
it-0367,Italy,Liguria,Riomaggiore,Riomaggiore,"Riomaggiore, Italy 4K Walking Tour (2020)",riomaggiore-day-walk-2020,,day-walk,"coastal, historic-center, world-heritage-site",2020-08-04,2020,,,,https://youtu.be/MIzp8Wrj44s,https://www.google.com/maps/d/edit?mid=1Nmj8YpyNxuKoLc8v05rkTgGQE9bx5Yw&usp=sharing,44.1002603,9.7415261,,,,1:00:31,Italy
it-0368,Italy,Liguria,Santa Margherita,Santa Margherita,"Santa Margherita, Italy 4K Walking Tour (2025)",santa-margherita-day-walk-2025,,day-walk,"coastal, waterfront, historic-center",2025-09-07,2025,,,,https://youtu.be/P5ppDvz_sBI,https://www.google.com/maps/d/edit?mid=1Gq298dJdAntybQjlBa6ymbcyDnsPf-I&usp=sharing,44.3316896,9.2184203,,,,1:23:10,Italy
it-0369,Italy,Liguria,Vernazza,Vernazza,"Vernazza, Italy 4K Walking Tour",vernazza-day-walk-2020,,day-walk,"coastal, historic-center, world-heritage-site",2020-08-05,2020,,,,https://youtu.be/qwxEyy_CwUo,https://www.google.com/maps/d/edit?mid=1vwtANpduLQYbZsXE_tGZFKbGA2ywc2I&usp=sharing,44.1363934,9.6848896,,,,1:14:41,Italy
it-0370,Italy,Emilia-Romagna,Bologna,Bologna,"Bologna, Italy 4K Walking Tour (2023)",bologna-day-walk-2023,,day-walk,historic-center,2023-07-08,2023,,,,https://youtu.be/-l3ZLLemjvk,https://www.google.com/maps/d/u/0/edit?mid=112qHNjdWN1IV_PEqVLDUrW0nMAQa5H4&usp=sharing,44.494796,11.342593,,,,3:53:48,Italy
it-0371,Italy,Emilia-Romagna,Bologna,Bologna,"Bologna, Italy 4K Evening Walk (2023)",bologna-evening-walk-2023,,evening-walk,historic-center,2023-07-08,2023,,,,https://youtu.be/zYl5WJWoFMA,https://www.google.com/maps/d/edit?mid=1LVwLz29yyrbTXPuiAGD-3Cw459OqTDI&usp=sharing,44.4947312,11.3428855,,,,2:25:14,Italy
it-0372,Italy,Friuli-Venezia Giulia,Trieste,Trieste,"Trieste, Italy 4K Walking Tour (2025)",trieste-day-walk-2025,,day-walk,"coastal, waterfront",2025-03-02,2025,,,,https://youtu.be/WW0WAo6SXKY,https://www.google.com/maps/d/u/0/edit?mid=1gsWn1PQuYe9iA97oOu6TN1nreYcPIt0&usp=sharing,45.6522076,13.766329,,,,3:19:48,Italy
it-0373,Italy,Basilicata,Matera,Matera,"Matera, Italy 4K Walking Tour (2019)",matera-day-walk-2019,,day-walk,"historic-center, old-town, world-heritage-site",2019-06-28,2019,,,,https://youtu.be/CvnroN73Le8,,40.6672091,16.6061291,,,,1:43:54,Italy
fr-0001,France,Provence-Alpes-Côte d'Azur,Menton,Old Town & Waterfront,"Menton, France Old Town & Waterfront Walk (2025)",menton-france-walking-tour-2025,menton-france-walking-tour-2025,day-walk,"French Riviera & Coastal Towns, Historic Centers & Old Towns",2025-09-09,2025,,79,26,https://youtu.be/ulReotWQvO0,https://www.google.com/maps/d/u/0/edit?mid=10Hd2GhEptpOzBdjYhG4z08uxX0gGyf0&usp=sharing,43.7773396,7.5085900,3.5 miles,3.50,5.60,1:51:10,France
fr-0002,France,Provence-Alpes-Côte d'Azur,Antibes,Old Town & Waterfront,"Antibes, France Old Town & Waterfront Walk (2025)",antibes-daytime-walk-2025,antibes-daytime-walk-2025,day-walk,"French Riviera & Coastal Towns, Historic Centers & Old Towns",2025-09-12,2025,,85,29,https://youtu.be/LECdWNv2kzA,https://www.google.com/maps/d/edit?mid=1rLDFZIOJ2kURpaQjtsitNb-0lpfOT2w&usp=sharing,43.5784254,7.1268423,4 Miles,4.00,6.40,2:16:36,France
fr-0003,France,Provence-Alpes-Côte d'Azur,Nice,Old Town & Promenade des Anglais,"Nice, France Evening Walk (2025)",nice-old-town-monday-evening-walk-2025,nice-old-town-monday-evening-walk-2025,evening-walk,"French Riviera & Coastal Towns, Historic Centers & Old Towns",2025-09-08,2025,"Warm clear evening, 85°F (29°C)",85,29,https://youtu.be/br0MPT2SdTE,https://www.google.com/maps/d/edit?mid=1oS9dh052hHDnS0aF4ZlWcpk7mDKxCl4&usp=sharing,43.6948291,7.2697900,2.4 Miles,2.40,3.90,1:30:55,France
fr-0004,France,Provence-Alpes-Côte d'Azur,Nice,Old Town & Promenade des Anglais,"Nice, France Day Walk (2025)",nice-old-town-day-walk-2025,nice-old-town-day-walk-2025,day-walk,"French Riviera & Coastal Towns, Historic Centers & Old Towns",2025-09-14,2025,,,,,,43.6977197,7.2695201,,,,,France
fr-0005,France,Provence-Alpes-Côte d'Azur,Eze,Medieval Village,"Èze, France Medieval Village Walk (2025)",eze-medieval-village-day-walk-2025,,day-walk,Historic Centers & Old Towns,2025-09-10,2025,,,,,,43.7295929,7.3617600,,,,,France
fr-0006,Monaco,Monaco,Monaco,Le Rocher,"Monaco, France Old Town & Harbor Walk (2025)",monaco-le-rocher-day-walk-2025,,day-walk,"French Riviera & Coastal Towns, Historic Centers & Old Towns",2025-09-10,2025,,,,,,43.7327120,7.4196388,,,,,France
fr-0007,France,Provence-Alpes-Côte d'Azur,Antibes,Old Town,"Antibes, France Old Town Evening Walk (2025)",antibes-old-town-evening-walk-2025,antibes-old-town-evening-walk-2025,evening-walk,"French Riviera & Coastal Towns, Historic Centers & Old Towns",2025-09-12,2025,,,,,,43.5814326,7.1233584,,,,,France
fr-0008,France,Provence-Alpes-Côte d'Azur,Antibes,Coastal Walk,"Antibes, France Coastal Walk (2025)",antibes-coastal-day-walk-2025,antibes-coastal-day-walk-2025,day-walk,"French Riviera & Coastal Towns, Historic Centers & Old Towns",2025-09-12,2025,,,,,,43.5445955,7.1333910,,,,,France
fr-0009,France,Provence-Alpes-Côte d'Azur,Saint Paul de Vence,Old Town,"Saint-Paul-de-Vence, France Old Town Walk (2025)",saint-paul-de-vence-old-town-day-walk-2025,,day-walk,Historic Centers & Old Towns,2025-09-11,2025,,,,,,43.6992595,7.1216231,,,,,France
fr-0010,France,Provence-Alpes-Côte d'Azur,Avignon,Medieval Old Town,"Avignon, France Medieval Old Town Walk (2025)",avignon-walking-tour-2025,avignon-walking-tour-2025,day-walk,"Historic Centers & Old Towns, History, Ruins & Hidden Places",2025-09-18,2025,,85,29,https://youtu.be/2iQh_R4t2Uw,https://www.google.com/maps/d/edit?mid=1_oLp6WjK3xM6gcGq2TYxER83Vzo788w&usp=sharing,43.9517681,4.7993303,4.5 Miles,4.50,7.20,2:23:39,France
fr-0011,France,Occitanie,Nimes,Roman City Center,"Nimes, France Evening Walk (2025)",nimes-monday-evening-walk-2025,nimes-monday-evening-walk-2025,evening-walk,"History, Ruins & Hidden Places",2025-09-16,2025,,,,,,43.8348183,4.3625220,,,,,France
fr-0012,France,Occitanie,Nimes,Roman City Center,"Nimes, France Day Walk (2025)",nimes-roman-city-center-day-walk-2025,,day-walk,"History, Ruins & Hidden Places",2025-09-16,2025,,,,,,43.8329030,4.3655536,,,,,France
fr-0013,France,Provence-Alpes-Côte d'Azur,Arles,Roman Old Town,"Arles, France Roman Old Town Walk (2025)",arles-roman-old-town-day-walk-2025,,day-walk,"Historic Centers & Old Towns, History, Ruins & Hidden Places",2025-09-17,2025,,,,,,43.6754155,4.6278501,,,,,France
fr-0014,France,Île-de-France,Paris,Paris Landmarks,"Paris, France Day Walk (2020)",paris-landmarks-day-walk-2020,paris-landmarks-day-walk-2020,day-walk,Paris & Île-de-France,2020-07-19,2020,,85,29,https://youtu.be/oz1Mgu8e1N4,https://www.google.com/maps/d/u/0/edit?mid=1OrG53UD3l4Ton0RpAUTcvXmpV-3-ily9&usp=sharing,48.8392528,2.3500969,12 Miles,12.00,19.30,5:38:18,France
fr-0015,France,Île-de-France,Montmartre,Montmartre,"Montmartre, France Evening Walk (2022)",montmartre-evening-walk-2022,,evening-walk,Paris & Île-de-France,2022-07-24,2022,,87,31,https://youtu.be/hLa9PRc9DFk,https://www.google.com/maps/d/edit?mid=1mn6Ab_fs53Rwr8tgJISdZNS3xUsXkjU&usp=sharing,48.8870457,2.3396822,1.5 Miles,1.50,2.40,00:55:25,France
fr-0016,France,Île-de-France,Montmartre,Montmartre,"Montmartre, France Day Walk (2020)",montmartre-day-walk-2020,,day-walk,Paris & Île-de-France,2020-07-18,2020,,83,28,https://youtu.be/yqOlY5uBBbo,https://www.google.com/maps/d/u/0/edit?mid=1z58tn9DFJwHhq1ezfXRusmF2CsDIxpO_&usp=sharing,48.8837726,2.3325304,3.5 Miles,3.50,5.60,1:53:27,France
fr-0017,France,Île-de-France,Paris,Promenade Plantée,"Paris, France Promenade Plantée Walk (2020)",paris-promenade-plantee-day-walk-2020,paris-promenade-plantee-day-walk-2020,day-walk,Paris & Île-de-France,2020-07-19,2020,,83,28,https://youtu.be/KoORZY4TygU,https://www.google.com/maps/d/u/0/edit?mid=13zIBRD_5PE6eg6Y8fJsrS8havyO9wc3O&usp=sharing,48.8495059,2.3714394,3.3 Miles,3.30,5.30,00:57:40,France
fr-0018,France,Île-de-France,Paris,Paris Landmarks,"Paris, France Landmarks Day Walk (2017)",paris-landmarks-day-walk-2017,paris-landmarks-day-walk-2017,day-walk,Paris & Île-de-France,2017-08-05,2017,,73,23,https://youtu.be/ME2zyNBh3JM,https://www.google.com/maps/d/edit?mid=1jrf6k5dzILNJCjvUsGUHM-hAfMjTCD4&usp=sharing,48.8607370,2.3387863,12 miles,12.00,19.30,3:08:07,France
fr-0019,France,Île-de-France,Paris,Paris Landmarks,"Paris, France Landmarks Day Walk with Music (2017)",paris-day-walk-with-music-2017,paris-day-walk-with-music-2017,day-walk,Paris & Île-de-France,2017-08-05,2017,,73,23,https://youtu.be/1xE3lpCIgeI,https://www.google.com/maps/d/edit?mid=1jrf6k5dzILNJCjvUsGUHM-hAfMjTCD4&usp=sharing,48.8603594,2.3385502,12 miles,12.00,19.30,3:08:16,France
fr-0020,France,Île-de-France,Paris,"Latin Quarter, Marais & Eiffel Tower","Paris, France Evening Walk (2022)",paris-evening-walk-2022,paris-evening-walk-2022,evening-walk,Paris & Île-de-France,2022-07-23,2022,,80,27,https://youtu.be/fKgP6JGAM_A,https://www.google.com/maps/d/edit?mid=17nTBGojUSBQ_vVo5LBLRrM1koOz5AM8&usp=sharing,48.8535941,2.3440768,8.5 Miles,8.50,13.70,2:25:33,France
fr-0021,France,Île-de-France,Paris,Latin Quarter & Marais,"Paris, France Evening Walk (2020)",paris-latin-quarter-marais-evening-walk-2020,,evening-walk,Paris & Île-de-France,2020-07-18,2020,,85,29,https://youtu.be/1_XzrxXnwMM,https://www.google.com/maps/d/u/0/edit?mid=16wQePbC2KRprUMgUlxpOKlGhzIh_BXmo&usp=sharing,48.8534062,2.3438673,5.35 Miles,5.35,8.60,1:06:13,France
fr-0022,France,Île-de-France,Paris,Paris Catacombs,"Paris, France Catacombs Tour (2020)",paris-catacombs-tour-2020,paris-catacombs-tour-2020,day-walk,"Paris & Île-de-France, History, Ruins & Hidden Places",2020-07-19,2020,,57,14,https://youtu.be/PEfRzws5ajk,,48.8338742,2.3323295,,,,00:22:59,France
fr-0023,France,Île-de-France,Paris,Luxembourg Gardens,"Paris, France Luxembourg Gardens Walk (2020)",paris-luxemburg-gardens-day-walk-2020,paris-luxemburg-gardens-day-walk-2020,day-walk,Paris & Île-de-France,2020-07-19,2020,,85,29,https://youtu.be/bibZZXvk-UE,https://www.google.com/maps/d/edit?mid=17aM1KjVmJnKKh-4IQxmxcH11uMWH06g&usp=sharing,48.8468681,2.3402653,1.34 Miles,1.34,2.20,00:29:09,France
fr-0024,France,Île-de-France,Paris,Eiffel Tower,"Paris, France | Eiffel Tower Tour (2020)",paris-eiffel-tower-day-walk-2020,paris-eiffel-tower-day-walk-2020,day-walk,Paris & Île-de-France,2020-07-19,2020,,85,29,https://youtu.be/Lrj8LEZ9FA4,,48.8571005,2.2962516,,,,00:52:45,France
fr-0025,France,Île-de-France,Chessy,Disneyland Paris,"Disneyland, Paris 4K Tour (2020)",disneyland-paris-tour-2020,disneyland-paris-tour-2020,day-walk,Paris & Île-de-France,2020-07-20,2020,,91,33,https://youtu.be/ALXKzjfWj8E,https://www.google.com/maps/d/u/0/edit?mid=1ZXn9hSbexp0OsbA1VmbsfP0qVPNVZ4qO&usp=sharing,48.8686669,2.7820047,7 Miles,7.00,11.30,3:02:24,France
fr-0026,France,Alsace (Grand Est),Colmar,Christmas Market,"Colmar, France Christmas Market Evening Walk (2023)",colmar-christmas-market-evening-walk-2023,colmar-christmas-market-evening-walk-2023,evening-walk,"Christmas Markets, Historic Centers & Old Towns",2023-12-04,2023,,42,6,https://youtu.be/NMQ4Sy3e-Ec,https://www.google.com/maps/d/edit?mid=1VbWklQNfAGYODKpJHmPtOTuPM6JPqiM&usp=sharing,48.0780337,7.3559950,2.5 Miles,2.50,4.00,1:48:39,France
fr-0027,France,Alsace (Grand Est),Colmar,Christmas Market,"Colmar, France Christmas Market Day Walk (2023)",colmar-christmas-market-day-walk-2023,colmar-christmas-market-day-walk-2023,day-walk,"Christmas Markets, Historic Centers & Old Towns",2023-12-06,2023,,42,6,https://youtu.be/kjY8okFmuZo,https://www.google.com/maps/d/edit?mid=1ThIBZmv2HMJhvMrs8Q7U5A-LjW4Mc9c&usp=sharing,48.0795206,7.3560901,2.5 Miles,2.50,4.00,2:09:07,France
fr-0028,France,Alsace (Grand Est),Kaysersberg,Christmas Market,"Kaysersberg, France Christmas Market 360° VR Walk (2025)",kaysersberg-christmas-market-360-tour-2025,,360-tour,"Christmas Markets, Historic Centers & Old Towns",2025-12-12,2025,,59,9,https://youtu.be/6KwYy8woxV4,https://www.google.com/maps/d/edit?mid=1K8ND8pZBMqC30PTK6N0KfAX-tmagnr4&usp=sharing,48.1383294,7.2662141,1 Mile,1.00,1.60,00:47:13,France
fr-0029,France,Alsace (Grand Est),Kaysersberg,Christmas Market,"Kaysersberg, France Christmas Market Day Walk (2025)",kaysersberg-christmas-market-day-walk-2025,,day-walk,"Christmas Markets, Historic Centers & Old Towns",2025-12-12,2025,,49,9,https://youtu.be/nViNTHYAgXg,https://www.google.com/maps/d/edit?mid=1iJR-sQx9OKhijZ897vW39j-idI81be4&usp=sharing,48.1384664,7.2660270,1.5 Miles,1.50,2.40,1:25:09,France
fr-0030,France,Alsace (Grand Est),Ribeauvillé,Medieval Christmas Market,"Ribeauvillé, France Medieval Christmas Market Walk (2025)",ribeauville-day-walk-2025,ribeauville-day-walk-2025,day-walk,"Christmas Markets, Historic Centers & Old Towns",2025-12-13,2025,,49,9,https://youtu.be/4AYDKWizfmY,https://www.google.com/maps/d/edit?mid=1rlK-X7U_CeOTwwyGcBx4ncEq0ZylXJQ&usp=sharing,48.1968967,7.3126985,1.5 MIles,1.50,2.40,2:18:24,France
fr-0031,France,Alsace (Grand Est),Ribeauvillé,Christmas Market,"Ribeauvillé, France Christmas Market 360° Walk (2025)",ribeauville-360-walk-2025,ribeauville-360-walk-2025,360-tour,"Christmas Markets, Historic Centers & Old Towns",2025-12-13,2025,,49,9,https://youtu.be/ccCz_dKYS5c,https://www.google.com/maps/d/edit?mid=139esR0cVC06yL-z3DYQiU4kgFq9tZhs&usp=sharing,48.1929864,7.3244321,1.5 Miles,1.50,2.40,1:29:35,France
fr-0032,France,Alsace (Grand Est),Riquewihr,Christmas Market,"Riquewihr, France Christmas Market Evening Walk (2023)",riquewihr-christmas-market-evening-walk-2023,,evening-walk,"Christmas Markets, Historic Centers & Old Towns",2023-12-05,2023,,43,6,https://youtu.be/fXbDgbvA3o0,https://www.google.com/maps/d/edit?mid=1jKnNaaxAwXwACgntaZHs8sl7wY89BLQ&usp=sharing,48.1661702,7.3001029,1.25 Miles,1.25,2.00,1:17:17,France
fr-0033,France,Alsace (Grand Est),Riquewihr,Christmas Market,"Riquewihr, France Christmas Market Day Walk (2023)",riquewihr-christmas-market-day-walk-2023,,day-walk,"Christmas Markets, Historic Centers & Old Towns",2023-12-05,2023,,42,6,https://youtu.be/MjtMfBRp4y4,https://www.google.com/maps/d/edit?mid=1XF6XSZ1Ss0IJH1k7x8aK2j8UWEUX3ow&usp=sharing,48.1662738,7.2997193,2 MIles,2.00,3.20,1:36:53,France
fr-0034,France,Alsace (Grand Est),Strasbourg,Christmas Market,"Strasbourg, France Christmas Market Day Walk (2022)",strasbourg-christmas-market-day-walk-2022,,day-walk,"Christmas Markets, Historic Centers & Old Towns",2022-12-08,2022,,21,-6,https://youtu.be/B-wi7hIrgf8,https://www.google.com/maps/d/edit?mid=1Naq0k53IoElWBp-_1OUBpS99bt2coCM&usp=sharing,48.5796515,7.7507435,4.25 Miles,4.25,6.80,2:24:49,France
fr-0035,France,Alsace (Grand Est),Strasbourg,Christmas Market,"Strasbourg, France Christmas Market Day Walk (2023)",strasbourg-christmas-market-day-walk-2023,,day-walk,"Christmas Markets, Historic Centers & Old Towns",2023-12-03,2023,,34,1,https://youtu.be/07LDvkp7jgc,https://www.google.com/maps/d/u/1/edit?mid=1gMGusyOyy9sr-VKr8FS5H4uu462y-iI&usp=sharing,48.5796182,7.7514265,4 Miles,4.00,6.40,2:19:01,France
fr-0036,France,Alsace (Grand Est),Strasbourg,Christmas Market,"Strasbourg, France Christmas Market Evening Walk (2023)",strasbourg-christmas-market-evening-walk-2023,,evening-walk,"Christmas Markets, Historic Centers & Old Towns",2023-12-03,2023,,33,5,https://youtu.be/sLkoeB_d93Q,https://www.google.com/maps/d/edit?mid=1qQY3S1C4uzZytdKNF7poXFWNb1if32c&usp=sharing,48.5796092,7.7380057,3 MIles,3.00,4.80,2:33:53,France
fr-0037,France,Alsace (Grand Est),Strasbourg,Christmas Market,"Strasbourg, France Christmas Market Evening Walk (2022)",strasbourg-christmas-market-evening-walk-2022,,evening-walk,"Christmas Markets, Historic Centers & Old Towns",2022-12-18,2022,,21,-6,https://youtu.be/llOvsepGHZI,https://www.google.com/maps/d/edit?mid=1khDwbSNzQNRFYiw0QOHtrpi7PKTImlw&usp=sharing,48.5794457,7.7509527,3.25 Miles,3.25,5.20,2:03:15,France
fr-0038,France,Alsace (Grand Est),Kaysersberg,Christmas Market,"Kaysersberg, France Christmas Market Evening Walk (2025)",kaysersberg-christmas-market-evening-walk-2025,,evening-walk,"Christmas Markets, Historic Centers & Old Towns",2025-12-12,2025,,,,,,48.1388405,7.2643704,,,,,France
fr-0039,France,Alsace (Grand Est),Riquewihr,Christmas Market,"Riquewihr, France Christmas Market 360° Walk (2025)",riquewihr-christmas-market-360-tour-2025,,360-tour,"Christmas Markets, Historic Centers & Old Towns",2025-12-14,2025,,,,,,48.1663758,7.2992659,,,,,France
fr-0040,France,Alsace (Grand Est),Riquewihr,Christmas Market,"Riquewihr, France Christmas Market Day Walk (2025)",riquewihr-christmas-market-day-walk-2025,,day-walk,"Christmas Markets, Historic Centers & Old Towns",2025-12-14,2025,,,,,,48.1666083,7.3001135,,,,,France
fr-0041,France,Alsace (Grand Est),Riquewihr,Christmas Market,"Riquewihr, France Christmas Market Evening Walk (2025)",riquewihr-christmas-market-evening-walk-2025,,evening-walk,"Christmas Markets, Historic Centers & Old Towns",2025-12-14,2025,,,,,,48.1671538,7.2964395,,,,,France
fr-0042,France,Alsace (Grand Est),Riquewihr,Christmas Market,"Riquewihr, France Christmas Market Morning Walk (2025)",riquewihr-morning-walk-2025,riquewihr-morning-walk-2025,day-walk,"Christmas Markets, Historic Centers & Old Towns",2025-12-14,2025,,,,,,48.1668614,7.2975660,,,,,France
fr-0043,France,Alsace (Grand Est),Colmar,Christmas Market,"Colmar, France Christmas Market Day Walk (2025)",colmar-christmas-market-day-walk-2025,,day-walk,"Christmas Markets, Historic Centers & Old Towns",2025-12-15,2025,,,,,,48.0784512,7.3571623,,,,,France
fr-0044,France,Alsace (Grand Est),Colmar,Christmas Market,"Colmar, France Christmas Market Evening Walk (2025)",colmar-christmas-market-evening-walk-2025,,evening-walk,"Christmas Markets, Historic Centers & Old Towns",2025-12-15,2025,,,,,,48.0760407,7.3589458,,,,,France
fr-0045,France,Alsace (Grand Est),Strasbourg,Christmas Market,"Strasbourg, France Christmas Market Day Walk (2025)",strasbourg-christmas-market-day-walk-2025,,day-walk,"Christmas Markets, Historic Centers & Old Towns",2025-12-17,2025,,,,,,48.5815865,7.7483866,,,,,France
fr-0046,France,Alsace (Grand Est),Strasbourg,Christmas Market,"Strasbourg, France Christmas Market Evening Walk (2025)",strasbourg-christmas-market-evening-walk-2025,,evening-walk,"Christmas Markets, Historic Centers & Old Towns",2025-12-17,2025,,,,,,48.5803040,7.7512022,,,,,France
fr-0047,France,Provence-Alpes-Côte d'Azur,Nice,Old Town,"Nice, France Saturday Evening Walk (2025)",nice-old-town-saturday-evening-walk-2025,nice-old-town-saturday-evening-walk-2025,evening-walk,,2025-09-13,2025,,,,,,,,,,,,France
fr-0048,France,Provence-Alpes-Côte d'Azur,Nice,Old Town,"Nice, France Sundsay Evening Walk (2025)",nice-old-town-sunday-evening-walk-2025,nice-old-town-sunday-evening-walk-2025,evening-walk,,2025-09-14,2025,,,,,,,,,,,,France
de-0001,Germany,North Rhine-Westphalia,Aachen,Christmas Market,"Aachen, Germany Christmas Market Evening Walk (2024)",aachen-christmas-market-evening-walk-2024,,evening-walk,christmas-market,2024-11-29,2024,,33,0.5,https://youtu.be/sNUBp762Qik,https://www.google.com/maps/d/edit?mid=1CqW-x0KVv8eZxsa4oDq6UDWagcLnPTU&usp=sharing,50.7751533,6.0837911,1.25 Miles,1.25,2.00,1:16:35,Germany
de-0002,Germany,North Rhine-Westphalia,Cologne,Christmas Market,"Cologne, Germany Christmas Market Evening Walk (2023)",cologne-christmas-market-evening-walk-2023,,evening-walk,christmas-market,2023-11-28,2023,,37,3,https://youtu.be/pK8KdLX1uEo,https://www.google.com/maps/d/edit?mid=1sa_ma0hfli54QGsQBK6vY4ngyFI1rVQ&usp=sharing,50.9413050,6.9564084,3.25 MIles,3.25,5.20,2:07:13,Germany
de-0003,Germany,North Rhine-Westphalia,Cologne,Christmas Market,"Cologne, Germany Christmas Market Day Walk (2023)",cologne-christmas-market-day-walk-2023,,day-walk,christmas-market,2023-11-28,2023,,34,1,https://youtu.be/GCsPZt5qUpg,https://www.google.com/maps/d/edit?mid=1gh1LRYayhPbfSjwEZZBf-5d-43Ff8Eg&usp=sharing,50.9418698,6.9581828,4.1 Miles,4.10,6.60,1:59:59,Germany
de-0004,Germany,Saxony,Dresden,Christmas Market,"Dresden, Germany Christmas Market Day Walk (2022)",dresden-christmas-market-day-walk-2022,,day-walk,christmas-market,2022-12-12,2022,,32,0,https://youtu.be/-FIJHCY8j-0,https://www.google.com/maps/d/edit?mid=1-A0AlDQkjf5YGtGLZ5qAq8WmzTvXLfQ&usp=sharing,51.0502156,13.7374931,1.25 Miles,1.25,2.00,1:16:31,Germany
de-0005,Germany,Saxony,Dresden,Christmas Market,"Dresden, Germany Christmas Market Evening Walk (2022)",dresden-christmas-market-evening-walk-2022,,evening-walk,christmas-market,2022-12-11,2022,,32,0,https://youtu.be/9JCm5Nzqzfg,https://www.google.com/maps/d/edit?mid=1wEASx3u3RmyCVbqICJuLi-f681_Mcr0&usp=sharing,51.0501659,13.7378632,2.5 Miles,2.50,4.00,2:05:31,Germany
de-0006,Germany,Saxony,Dresden,Christmas Market,"Dresden, Germany Christmas Market Day Walk (2024)",dresden-christmas-market-day-walk-2024,,day-walk,christmas-market,2024-12-07,2024,,43,6,https://youtu.be/aNBmM3aQWz4,https://www.google.com/maps/d/edit?mid=15fObt-LYeivbDt485M3eM4egsSa_nbE&usp=sharing,51.0499335,13.7373966,2 Miles,2.00,3.20,2:04:42,Germany
de-0007,Germany,Saxony,Dresden,Christmas Market,"Dresden, Germany Christmas Market Evening Walk (2024)",dresden-christmas-market-evening-walk-2024,,evening-walk,christmas-market,2024-12-06,2024,,34,1,https://youtu.be/LWqbdWbnGlk,https://www.google.com/maps/d/edit?mid=1U_e_9r6vwrfrXMt0vjyTx09HdN6NUnU&usp=sharing,51.0499387,13.7378065,2 Miles,2.00,3.20,1:34:36,Germany
de-0008,Germany,Baden-Württemberg,Esslingen,Christmas Market,"Esslingen, Germany Christmas Market Day Walk (2024)",esslingen-christmas-market-day-walk-2024,,day-walk,christmas-market,2024-12-15,2024,,45,6,https://youtu.be/I0BUehZBcOI,https://www.google.com/maps/d/u/0/edit?mid=1oH0gIBnPwLJwb4E6-1McxytIcmFrNTg&usp=sharing,48.7413731,9.3039564,1.25 Miles,1.25,2.00,1:35:00,Germany
de-0009,Germany,Baden-Württemberg,Freiburg,Christmas Market,"Freiburg, Germany Christmas Market Evening Walk (2025)",freiburg-christmas-market-evening-walk-2025,,evening-walk,christmas-market,2025-12-16,2025,,49,9,https://youtu.be/4bQoSIwQHZM,https://www.google.com/maps/d/edit?mid=1cow1Bl-XUxiBNkB8w78b4uhOkR5MGWM&usp=sharing,47.9951246,7.8414239,2.1 Miles,2.10,3.40,1:48:23,Germany
de-0010,Germany,Bavaria,Munich,Christmas Market,"Munich, Germany Christmas Market Evening Walk (2024)",munich-christmas-market-evening-walk-2024,,evening-walk,christmas-market,2024-12-12,2024,,34,2,https://youtu.be/g1akZNSsS14,https://www.google.com/maps/d/u/0/edit?mid=1SZakjmkAEQRDBzUm8jy_Lx-fF8oaR64&usp=sharing,48.1392005,11.5661558,2.5 Miles,2.50,4.00,1:54:16,Germany
de-0011,Germany,Bavaria,Nuremberg,Christmas Market,"Nuremberg, Germany Christmas Market Day Walk (2022)",nuremberg-christmas-market-day-walk-2022,,day-walk,christmas-market,2022-12-14,2022,,30,-1,https://youtu.be/l6aGKVxo2kw,https://www.google.com/maps/d/edit?mid=1asgVdmmzmOlQ4apfHZFRlWnd6Hyc1No&usp=sharing,49.4527434,11.0767762,3 MIles,3.00,4.80,1:45:30,Germany
de-0012,Germany,Bavaria,Nuremberg,Christmas Market,"Nuremberg, Germany Christmas Market Evening Walk (2022)",nuremberg-christmas-market-evening-walk-2022,,evening-walk,christmas-market,2022-12-14,2022,,28,-2,https://youtu.be/RqoFI3HKitY,https://www.google.com/maps/d/edit?mid=1wGteToXpuWR_ZptphCdFiWDidioKtB0&usp=sharing,49.4531218,11.0767869,2.5 Miles,2.50,4.00,1:50:19,Germany
de-0013,Germany,Bavaria,Nuremberg,Christmas Market,"Nuremberg, Germany Christmas Market Evening Walk (2024)",nuremberg-christmas-market-evening-walk-2024,,evening-walk,christmas-market,2024-12-11,2024,,34,2,https://youtu.be/CRAigMYQ4cM,https://www.google.com/maps/d/u/0/edit?mid=1gAU6eK4G8ct89y55Om7ewbxkxlC-jaI&usp=sharing,49.4529828,11.0768039,3 Miles,3.00,4.80,2:09:53,Germany
de-0014,Germany,Bavaria,Nuremberg,Christmas Market,"Nuremberg, Germany Christmas Market Day Walk (2024)",nuremberg-christmas-market-day-walk-2024,,day-walk,christmas-market,2024-12-12,2024,,34,2,https://youtu.be/9AD44Xk2Jkg,https://www.google.com/maps/d/edit?mid=1_Fvtk_Zt_Tbh-gSxuoRYGJjV4Oxaj3Y&usp=sharing,49.4524958,11.0768138,3.5 Miles,3.50,5.60,2:11:50,Germany
de-0015,Germany,Bavaria,Rothenburg ob der Tauber,Christmas Market,"Rothenburg ob der Tauber, Germany Christmas Market Evening Walk (2024)",rothenburg-christmas-market-evening-walk-2024,rothenburg-christmas-market-evening-walk-2024,evening-walk,christmas-market,2024-12-13,2024,,34,1,https://youtu.be/rNwRKSRIVgk,https://www.google.com/maps/d/u/0/edit?mid=187uVESxX4xfYBW578u06GP5HgpqH0X0&usp=sharing,49.3769876,10.1788704,2.3 Miles,2.30,3.70,2:22:30,Germany
de-0016,Germany,Bavaria,Rothenburg ob der Tauber,Christmas Market,"Rothenburg ob der Tauber, Germany Christmas Market Day Walk (2023)",rothenburg-christmas-market-day-walk-2023,rothenburg-christmas-market-day-walk-2023,day-walk,christmas-market,2023-12-01,2023,,33,0.5,https://youtu.be/EzZhJgqsdYU,https://www.google.com/maps/d/u/0/edit?mid=1sHVVO7f81QxO2fziOYRDryg3sV-1mW4&usp=sharing,49.3762341,10.1744849,3 Miles,3.00,4.80,1:38:11,Germany
de-0017,Germany,Bavaria,Rothenburg ob der Tauber,Christmas Market,"Rothenburg ob der Tauber, Germany Christmas Market Evening Walk (2023)",rothenburg-christmas-market-evening-walk-2023,rothenburg-christmas-market-evening-walk-2023,evening-walk,christmas-market,2023-12-01,2023,,33,0.5,https://youtu.be/jur8EnASUp0,https://www.google.com/maps/d/edit?mid=1iO1Dd-itGUW2voFIcQQUSddhMMb-DbQ&usp=sharing,49.3764428,10.1746521,2 Miles,2.00,3.20,1:38:00,Germany
de-0018,Germany,Bavaria,Rothenburg ob der Tauber,Christmas Market,"Rothenburg ob der Tauber, Germany Christmas Market Morning Walk (2024)",rothenburg-christmas-market-morning-walk-2024,rothenburg-christmas-market-morning-walk-2024,day-walk,christmas-market,2024-12-14,2024,,34,1,https://youtu.be/611ytxlZjv0,https://www.google.com/maps/d/u/0/edit?mid=1hcVUiFrWPfM4mktCaXgBUUfUwNoYino&usp=sharing,49.3780715,10.1797458,1.82 Miles,1.82,2.90,0:48:00,Germany
de-0019,Germany,Baden-Württemberg,Stuttgart,Christmas Market,"Stuttgart, Germany Christmas Market Evening Walk (2022)",stuttgart-christmas-market-evening-walk-2022,,evening-walk,christmas-market,2022-12-15,2022,,24,-4,https://youtu.be/DssVino8XPo,https://www.google.com/maps/d/edit?mid=1xojt_cp_5JZ1noienKSgmzvLfUrabvs&usp=sharing,48.7792057,9.1793108,1.28 miles,1.28,2.10,1:04:32,Germany
de-0020,Germany,Baden-Württemberg,Stuttgart,Christmas Market,"Stuttgart, Germany Christmas Market Evening Walk (2024)",stuttgart-christmas-market-evening-walk-2024,,evening-walk,christmas-market,2024-12-14,2024,,39,4,https://youtu.be/1umZtnFfm60,https://www.google.com/maps/d/edit?mid=1EGS_qIlNTXSWTbsM6i7BtwHFKiZ7c-o&usp=sharing ,48.7786614,9.1795455,1.32 Miles,1.32,2.10,1:34:35,Germany